货主,入库单号,来源单号,入库单类型,货品编码,计划数量,已收货数,已上架数,货号,商品名称,颜色,规格,创建时间,收货日期,首状态,尾状态,整单完成时间,客退快递单号,备注,仓库
Spyder,771347,EB2601220022752,退货入库,6942133528287,1,1,1,25425CF217M001,羽绒服,黑色,,2026-02-02 10:32:02,2026-02-04 11:44:25,已完成,已完成,2026-02-04 11:51:52,YT2582068604701,,合肥仓
Spyder,771492,EB2601240012683,退货入库,6942133529574,1,1,1,25425CF241MP16,羽绒服,凝夜紫,,2026-01-31 10:07:02,2026-02-02 10:11:22,已完成,已完成,2026-02-02 10:39:35,SF3264742085048,,合肥仓
Spyder,773638,EB2601250043596,退货入库,6941816947544,1,1,1,24324EF171MMHB,黑色/蓝色夹克,黑色/蓝色,,2026-02-01 15:20:02,2026-02-03 17:03:45,已完成,已完成,2026-02-03 17:41:15,773404771255744,,合肥仓
Spyder,773969,EB2601260042817,退货入库,6942105347199,1,1,1,23423MF247M2OK,游牧灰棉服,游牧灰,,2026-01-31 20:56:00,2026-02-02 16:50:29,已完成,已完成,2026-02-02 17:27:25,YT2537056246483,,合肥仓
Spyder,773971,EB2601260034543,退货入库,6942105348929,1,1,1,99923EF133M001,黑色冲锋衣,黑色,,2026-01-31 20:55:00,2026-02-02 16:50:17,已完成,已完成,2026-02-02 17:27:25,YT2537056246483,,合肥仓
Spyder,774513,EB2601230035832,退货入库,6932472770461,1,1,1,25225CS131MB18,夹克,河川蓝,,2026-01-31 10:55:01,2026-02-02 14:19:02,已完成,已完成,2026-02-02 15:17:02,YT2581989930780,,合肥仓
Spyder,774514,EB2601230035831,退货入库,6932472700512,1,1,1,24424CF521MN10,板岩灰裤子,N10,,2026-01-31 10:55:00,2026-02-02 14:19:09,已完成,已完成,2026-02-02 15:17:02,YT2581989930780,,合肥仓
Spyder,774515,EB2601230035831,退货入库,6942105346024,1,1,1,23423CF521M001,黑色裤子,黑色,,2026-01-31 10:55:00,2026-02-02 14:18:24,已完成,已完成,2026-02-02 15:17:02,YT2581989930780,,合肥仓
Spyder,774516,EB2601230035832,退货入库,6942105390072,1,1,1,24124CS411M100,白色T恤,白色,,2026-01-31 10:55:00,2026-02-02 14:18:34,已完成,已完成,2026-02-02 15:17:02,YT2581989930780,,合肥仓
Spyder,774517,EB2601230035832,退货入库,6932472767959,1,1,1,25225CS017MXG9,海草绿T恤,海草绿,,2026-01-31 10:55:01,2026-02-02 14:18:52,已完成,已完成,2026-02-02 15:17:02,YT2581989930780,,合肥仓
Spyder,774518,EB2601230035831,退货入库,6941767152721,1,1,1,23123CS529MG07,深苔绿裤子,深苔绿,,2026-01-31 10:54:00,2026-02-02 14:18:14,已完成,已完成,2026-02-02 15:17:02,YT2581989930780,,合肥仓
Spyder,774574,EB2601280033151,退货入库,6942133530464,1,1,1,25425CF127M001,夹克,黑色,,2026-01-31 09:42:02,2026-02-03 16:44:40,已完成,已完成,2026-02-03 17:41:13,312952759314837,,合肥仓
Spyder,774575,EB2601260027490,退货入库,6942133530464,1,1,1,25425CF127M001,夹克,黑色,,2026-01-31 09:42:00,2026-02-03 16:49:40,已完成,已完成,2026-02-03 17:41:13,312952759611261,,合肥仓
Spyder,774598,EB2601260001033,退货入库,6942133505615,1,1,1,25325MF110WN17,夹克,浅云灰,,2026-02-01 08:42:00,2026-02-03 16:42:58,已完成,已完成,2026-02-03 17:41:12,435025817741186,,合肥仓
Spyder,774604,EB2601280028637,退货入库,6942133530419,1,1,1,25425CF127MN94,夹克,羽毛灰1,,2026-02-01 17:33:00,2026-02-03 09:35:05,已完成,已完成,2026-02-03 09:49:39,SF5100483890634,,合肥仓
Spyder,774607,EB2601280023493,退货入库,6942133518240,1,1,1,25325CF427M001,T恤,黑色,,2026-01-31 11:12:01,2026-02-02 17:34:52,已完成,已完成,2026-02-02 18:34:47,312952783929632,,合肥仓
Spyder,774610,EB2601280028416,退货入库,6942133530716,1,1,1,25425CF527MN94,裤子,羽毛灰1,,2026-01-31 11:56:01,2026-02-02 10:39:14,已完成,已完成,2026-02-02 10:39:43,JDX048598026969,,合肥仓
Spyder,774614,EB2601260042975,退货入库,6942105307056,1,1,1,23323CF202W001,黑色棉服,黑色,,2026-02-01 08:43:00,2026-02-03 16:51:16,已完成,已完成,2026-02-03 17:41:14,435025820188677,,合肥仓
Spyder,774617,EB2601250047388,退货入库,6942133528287,1,1,1,25425CF217M001,羽绒服,黑色,,2026-01-31 10:17:01,2026-02-02 10:00:59,已完成,已完成,2026-02-02 10:39:34,JDX048566529794,,合肥仓
Spyder,774618,EB2601270025970,换货入库,6932472791398,1,1,1,25325EF201M001,羽绒服,黑色,,2026-01-31 12:24:00,2026-02-06 11:09:28,已完成,已完成,2026-02-06 11:54:07,1343435742418,,合肥仓
Spyder,774621,EB2601270025970,退货入库,6942133527556,1,1,1,25325CF417MN22,T恤,灰铜绿,,2026-01-31 12:24:01,2026-02-05 15:44:08,已完成,已完成,2026-02-05 15:53:56,1343984323818,,合肥仓
Spyder,774631,EB2601260049877,换货入库,6932472751408,1,1,1,25125ES461MB06,灰蓝色POLO衫,灰蓝色,,2026-01-31 10:38:00,2026-02-02 16:13:28,已完成,已完成,2026-02-02 17:27:20,JT3152137123591,,合肥仓
Spyder,774651,EB2601260041393,退货入库,6942133512552,1,1,1,253CP25FW213M246,羽绒服,苔藓黄,,2026-01-31 11:02:00,2026-02-01 09:28:29,已完成,已完成,2026-02-01 11:33:59,SF3264785519084,,合肥仓
Spyder,774664,EB2601270034507,退货入库,6942133525446,1,1,1,25425CF431MN22,T恤,灰铜绿,,2026-01-31 13:33:00,2026-02-04 17:23:04,已完成,已完成,2026-02-04 17:40:16,312952818935440,,合肥仓
Spyder,774710,EB2601270039413,退货入库,6932472791787,1,1,1,25325EF247MC12,棉服,枯木棕,,2026-01-31 10:10:00,2026-02-02 13:41:35,已完成,已完成,2026-02-02 15:16:57,631147091894656,,合肥仓
Spyder,774714,EB2601090019175,退货入库,6941816959530,1,1,1,24424EF225M001,黑色羽绒服,黑色,,2026-02-01 09:54:00,2026-02-03 11:21:51,已完成,已完成,2026-02-03 11:54:37,772055984731335,,合肥仓
Spyder,774726,EB2601260017484,退货入库,6942105345355,1,1,1,23423CF317M001,黑色卫衣,黑色,,2026-01-31 09:59:00,2026-02-02 16:33:12,已完成,已完成,2026-02-02 17:27:24,73594185283034,,合肥仓
Spyder,774737,EB2601270022429,退货入库,6942133508104,1,1,1,25325MF421M001,POLO衫,黑色,,2026-01-31 10:43:00,2026-02-02 13:43:20,已完成,已完成,2026-02-02 15:16:57,772055929202898,,合肥仓
Spyder,774741,EB2601270041108,退货入库,6941816947841,1,1,1,24324EF543M001,黑色裤子,黑色,,2026-02-02 12:03:00,2026-02-04 13:53:27,已完成,已完成,2026-02-04 13:53:51,772055965289996,,合肥仓
Spyder,774746,EB2601290033778,退货入库,6932472706095,1,1,1,24424CF213M001,黑色羽绒服,黑色,,2026-01-31 10:11:01,2026-02-03 10:03:22,已完成,已完成,2026-02-03 10:59:02,JDX048576928061,,合肥仓
Spyder,774763,EB2601280030244,退货入库,6942133510602,1,1,1,25425MF243MN90,三合一,月石灰,,2026-01-31 10:33:01,2026-02-02 17:38:47,已完成,已完成,2026-02-02 18:34:48,631147105333086,,合肥仓
Spyder,774773,EB2601260047071,退货入库,6941816960079,1,1,1,24424MF217M001,黑色羽绒服,黑色,,2026-01-31 09:35:00,2026-02-03 16:59:17,已完成,已完成,2026-02-03 17:41:14,YT2541623510600,,合肥仓
Spyder,774775,EB2601230046363,退货入库,6942133548667,1,1,1,26102TE26101KM001,短袖T恤,黑色,,2026-01-31 09:32:00,2026-02-02 16:25:50,已完成,已完成,2026-02-02 17:27:22,73594146178976,,合肥仓
Spyder,774784,EB2601280026654,退货入库,6941816947858,1,1,1,24324EF543M001,黑色裤子,黑色,,2026-01-31 10:13:00,2026-02-03 09:47:02,已完成,已完成,2026-02-03 09:49:41,1343758206118,,合肥仓
Spyder,774790,EB2601230048086,退货入库,6932472791992,1,1,1,25325EF417M001,T恤,黑色,,2026-02-01 09:03:00,2026-02-03 16:07:11,已完成,已完成,2026-02-03 16:36:21,73594149435893,,合肥仓
Spyder,774839,EB2601280043405,退货入库,6941816959349,1,1,1,24324MR225MN22,灰铜绿羽绒服,灰铜绿,,2026-01-31 09:09:00,2026-02-01 13:39:45,已完成,已完成,2026-02-01 14:58:10,631147067842926,,合肥仓
Spyder,774875,EB2601270042706,换货入库,6941816959509,1,1,1,24424EF225M001,黑色羽绒服,黑色,,2026-01-31 08:48:00,2026-02-05 15:33:50,已完成,已完成,2026-02-05 15:53:55,1313565466933,,合肥仓
Spyder,774887,EB2601290028537,退货入库,6941816998782,1,1,1,24324CF435MW03,鸟羽白T恤,鸟羽白,,2026-01-31 12:02:02,2026-02-01 10:57:36,已完成,已完成,2026-02-01 11:34:12,73594200694211,,合肥仓
Spyder,774908,EB2601280020990,退货入库,6942133517168,1,1,1,25325CF119M001,夹克,黑色,,2026-01-31 10:22:01,2026-02-02 13:56:54,已完成,已完成,2026-02-02 15:16:59,73594166851254,,合肥仓
Spyder,774952,EB2601250038424,退货入库,6941816942648,1,1,1,24324MF323M0MT,灰绿色卫衣,灰绿,,2026-01-31 14:17:00,2026-02-02 13:59:57,已完成,已完成,2026-02-02 15:17:00,772055913540931,,合肥仓
Spyder,774954,EB2601250038425,退货入库,6941816998768,1,1,1,24324CF435MG25,冰谷青T恤,冰谷青,,2026-01-31 14:17:01,2026-02-02 14:00:03,已完成,已完成,2026-02-02 15:17:00,772055913540931,,合肥仓
Spyder,774956,EB2601250049975,退货入库,6942105349100,1,1,1,99923ER107M001,黑色夹克,黑色,,2026-01-31 10:23:00,2026-02-02 16:52:11,已完成,已完成,2026-02-02 17:27:26,JDX048591174847,,合肥仓
Spyder,774981,EB2601280022144,退货入库,6942105349117,1,1,1,99923ER139M001,黑色夹克,黑色,,2026-01-31 10:45:00,2026-02-02 13:44:47,已完成,已完成,2026-02-02 15:16:57,772055908043485,,合肥仓
Spyder,775026,EB2601280039236,退货入库,6942105355156,1,1,1,23323EF251MXG9,海草绿羽绒服,海草绿,,2026-01-31 09:42:00,2026-02-02 13:46:13,已完成,已完成,2026-02-02 15:16:58,73594191638626,,合肥仓
Spyder,775038,EB2601240020991,退货入库,6941816959455,1,1,1,24424EF207UN22,灰铜绿羽绒服,灰铜绿,,2026-01-31 11:27:00,2026-02-03 10:01:21,已完成,已完成,2026-02-03 10:59:02,JDX048598046390,,合肥仓
Spyder,775044,EB2601250029022,退货入库,6941816943607,1,1,1,24324MR304W001,黑色卫衣,黑色,,2026-02-01 10:14:00,2026-02-05 09:17:46,已完成,已完成,2026-02-05 11:44:44,1314724060233,,合肥仓
Spyder,775054,EB2601260028032,退货入库,6932472708631,1,1,1,24424CR423M100,白色T恤,白色,,2026-01-31 10:13:00,2026-02-02 13:53:54,已完成,已完成,2026-02-02 15:16:59,73594203094632,,合肥仓
Spyder,775058,EB2601290025696,退货入库,6942133528294,1,1,1,25425CF217M001,羽绒服,黑色,,2026-01-31 10:33:02,2026-02-02 15:59:50,已完成,已完成,2026-02-02 17:27:18,73594204541226,,合肥仓
Spyder,775060,EB2601250043599,退货入库,6932472707450,1,1,1,24424CF539M001,黑色裤子,黑色,,2026-01-31 09:22:02,2026-02-03 10:21:34,已完成,已完成,2026-02-03 10:59:05,JDVA41630209558,,合肥仓
Spyder,775061,EB2601250043599,退货入库,6942105309104,1,1,1,23323CF507MB01,藏青色裤子,藏青色1,,2026-01-31 09:22:03,2026-02-03 10:21:42,已完成,已完成,2026-02-03 10:59:05,JDVA41630209558,,合肥仓
Spyder,775064,EB2601250043598,退货入库,6942133508999,1,1,1,25325MF523M001,裤子,黑色,,2026-01-31 09:24:00,2026-02-03 10:32:25,已完成,已完成,2026-02-03 10:59:06,JDVA41630240123,,合肥仓
Spyder,775065,EB2601220031213,退货入库,6942133527259,1,1,1,25325CF121MG39,冲锋衣,雨林绿,,2026-02-02 17:00:04,2026-02-04 09:55:59,已完成,已完成,2026-02-04 11:14:08,SF5124610035094,,合肥仓
Spyder,775076,EB2601270042231,退货入库,6932472752573,1,1,1,25125MR519M001,黑色裤子,黑色,,2026-01-31 18:15:00,2026-02-03 17:10:24,已完成,已完成,2026-02-03 17:41:16,631147239456076,,合肥仓
Spyder,775077,EB2601270042231,退货入库,6942105349117,1,1,1,99923ER139M001,黑色夹克,黑色,,2026-01-31 18:15:00,2026-02-03 17:10:18,已完成,已完成,2026-02-03 17:41:16,631147239456076,,合肥仓
Spyder,775078,EB2601260022607,退货入库,6942105349056,1,1,1,99923EF207UN19,玉石灰羽绒服,玉石灰,,2026-01-31 10:40:01,2026-02-03 10:07:07,已完成,已完成,2026-02-03 10:59:02,JDX048602881346,,合肥仓
Spyder,775081,EB2601260043314,换货入库,6942133529666,1,1,1,25425CF211MB95,棉服,深空蓝,,2026-01-31 11:52:00,2026-02-04 10:04:10,已完成,已完成,2026-02-04 11:14:09,1313915395033,,合肥仓
Spyder,775098,EB2601250000122,退货入库,6942133526450,1,1,1,25325CF205M001,棉服,黑色,,2026-01-31 10:25:00,2026-02-02 10:34:52,已完成,已完成,2026-02-02 10:39:42,JDVA41632737341,,合肥仓
Spyder,775104,EB2601250027809,退货入库,6941816947810,1,1,1,24324EF509M001,黑色裤子,黑色,,2026-02-01 11:33:01,2026-02-02 16:56:07,已完成,已完成,2026-02-02 17:27:26,JDX048663054283,,合肥仓
Spyder,775106,EB2601250027610,退货入库,6932472791190,1,1,1,25325EF115M001,夹克,黑色,,2026-02-01 11:36:00,2026-02-02 16:57:32,已完成,已完成,2026-02-02 17:27:26,JDX048665935659,,合肥仓
Spyder,775124,EB2601280027532,退货入库,6941816960291,1,1,1,24424MF227M001,黑色羽绒服,黑色,,2026-01-31 11:04:00,2026-02-03 16:21:14,已完成,已完成,2026-02-03 16:36:23,78978124796036,,合肥仓
Spyder,775160,EB2601290034720,退货入库,6941816959509,1,1,1,24424EF225M001,黑色羽绒服,黑色,,2026-01-31 11:45:00,2026-02-02 10:13:25,已完成,已完成,2026-02-02 10:39:36,JDVA41635443148,,合肥仓
Spyder,775182,EB2601290025514,退货入库,6942105389397,1,1,1,24124CS304W001,黑色卫衣,黑色,,2026-01-31 12:02:01,2026-02-02 16:27:04,已完成,已完成,2026-02-02 17:27:23,78978390261088,,合肥仓
Spyder,775205,EB2601270044512,退货入库,6942133505714,1,1,1,25325MF111MN22,夹克,灰铜绿,,2026-01-31 12:23:01,2026-02-02 13:52:32,已完成,已完成,2026-02-02 15:16:58,78978963269738,,合肥仓
Spyder,775218,EB2601290017613,退货入库,6941816959516,1,1,1,24424EF225M001,黑色羽绒服,黑色,,2026-01-31 12:32:00,2026-02-02 10:09:06,已完成,已完成,2026-02-02 10:39:35,JDVA41636692741,,合肥仓
Spyder,775238,EB2601290016312,退货入库,6942105389243,1,1,1,24124CS111M001,黑色夹克,黑色,,2026-01-31 12:57:00,2026-02-03 17:06:43,已完成,已完成,2026-02-03 17:41:16,772055930511638,,合肥仓
Spyder,775242,EB2601270034786,退货入库,6942133530358,1,1,1,25425CF516W001,裤子,黑色,,2026-01-31 14:23:00,2026-02-02 14:01:19,已完成,已完成,2026-02-02 15:17:00,772055923076701,,合肥仓
Spyder,775243,EB2601260021897,退货入库,6941767107264,1,1,1,22422CF309M001,黑色卫衣,黑色,,2026-01-31 13:53:00,2026-02-03 11:52:38,已完成,已完成,2026-02-03 11:54:44,YT2537059991953,,合肥仓
Spyder,775245,EB2601290025691,换货入库,6941816947933,1,1,1,24324EF543MN02,深灰色裤子,深灰色;灰色,,2026-02-01 08:52:00,2026-02-02 17:32:21,已完成,已完成,2026-02-02 18:34:47,435025837743542,,合肥仓
Spyder,775256,EB2601250031248,退货入库,6932472791435,1,1,1,25325EF201MB06,羽绒服,灰蓝色,,2026-01-31 14:57:00,2026-02-02 13:29:49,已完成,已完成,2026-02-02 15:16:55,631147188536586,,合肥仓
Spyder,775265,EB2601240022146,退货入库,6942133546014,1,1,1,26102OO26112KM001,长袖POLO衫,黑色,,2026-01-31 17:14:00,2026-02-02 13:22:53,已完成,已完成,2026-02-02 15:16:54,773404603421475,,合肥仓
Spyder,775285,EB2601280046816,退货入库,6932472700987,1,1,1,24324CF531M001,黑色裤子,黑色,,2026-02-01 15:46:00,2026-02-02 10:47:08,已完成,已完成,2026-02-02 11:22:37,SF5124085776874,,合肥仓
Spyder,775292,EB2601280024772,退货入库,6932472791756,1,1,1,25325EF247M001,棉服,黑色,,2026-01-31 15:54:00,2026-02-03 09:41:54,已完成,已完成,2026-02-03 09:49:40,1344720963118,,合肥仓
Spyder,775306,EB2601270029869,退货入库,6942133548728,1,1,1,26102TE26101KMB11,短袖T恤,中古蓝,,2026-01-31 14:53:00,2026-02-03 13:55:42,已完成,已完成,2026-02-03 15:08:15,73594274990879,,合肥仓
Spyder,775308,EB2601290027760,退货入库,6932472706002,1,1,1,24424CF165U001,黑色滑雪服装,黑色,,2026-01-31 16:02:00,2026-02-01 15:35:37,已完成,已完成,2026-02-01 15:46:41,73594276530234,,合肥仓
Spyder,775309,EB2601280039518,退货入库,6942133526474,1,1,1,25325CF205M001,棉服,黑色,,2026-01-31 18:00:01,2026-02-02 10:31:22,已完成,已完成,2026-02-02 10:39:41,JDX048621654257,,合肥仓
Spyder,775324,EB2601270022268,换货入库,6942133545055,1,1,1,26102OE26101KM001,短袖POLO衫,黑色,,2026-02-01 08:55:00,2026-02-05 15:42:24,已完成,已完成,2026-02-05 15:53:56,1344811721118,,合肥仓
Spyder,775326,EB2601280030931,退货入库,6942133505103,1,1,1,25325MF104W001,冲锋衣,黑色,,2026-01-31 14:57:01,2026-02-02 10:26:36,已完成,已完成,2026-02-02 10:39:40,JDVA41641545723,,合肥仓
Spyder,775327,EB2601280030931,退货入库,6942133505653,1,1,1,25325MF111M001,夹克,黑色,,2026-01-31 14:57:00,2026-02-02 10:26:29,已完成,已完成,2026-02-02 10:39:40,JDVA41641545723,,合肥仓
Spyder,775333,775333,其他入库,6942105348448,1,1,0,23423MR315MB22,云山蓝卫衣,云山蓝,,2026-01-31 15:17:00,2026-02-03 14:34:24,待上架,待上架,,,,合肥仓
Spyder,775333,775333,其他入库,6932472706682,1,1,0,24424CF236W001,黑色羽绒服,黑色,,2026-01-31 15:17:00,2026-02-03 14:34:24,待上架,待上架,,,,合肥仓
Spyder,775333,775333,其他入库,6941816959462,1,1,0,24424EF207UN22,灰铜绿羽绒服,灰铜绿,,2026-01-31 15:17:00,2026-02-03 14:34:24,待上架,待上架,,,,合肥仓
Spyder,775333,775333,其他入库,6941816959844,1,1,0,24424MF208WN13,豆蔻青羽绒服,豆蔻青,,2026-01-31 15:17:00,2026-02-03 14:34:24,待上架,待上架,,,,合肥仓
Spyder,775344,EB2601270035856,退货入库,6941816947841,1,1,1,24324EF543M001,黑色裤子,黑色,,2026-02-01 08:55:00,2026-02-03 16:41:21,已完成,已完成,2026-02-03 17:41:12,312953218575625,,合肥仓
Spyder,775351,EB2601250046218,退货入库,6941816947827,1,1,1,24324EF509M001,黑色裤子,黑色,,2026-01-31 17:16:00,2026-02-02 10:50:43,已完成,已完成,2026-02-02 11:22:37,JDX048625052630,,合肥仓
Spyder,775360,EB2601280022318,退货入库,6941816947858,1,1,1,24324EF543M001,黑色裤子,黑色,,2026-02-01 16:37:00,2026-02-03 16:15:35,已完成,已完成,2026-02-03 16:36:22,78979349611912,,合肥仓
Spyder,775388,EB2601290017951,换货入库,6941816947889,1,1,1,24324EF543M335,深棕绿裤子,深棕叶绿;深棕绿,,2026-02-01 10:18:02,2026-02-02 17:33:38,已完成,已完成,2026-02-02 18:34:47,435026130201468,,合肥仓
Spyder,775389,EB2601280025575,退货入库,6932472706637,1,1,1,24424CF234W001,黑色羽绒服,黑色,,2026-01-31 17:34:00,2026-02-02 13:48:12,已完成,已完成,2026-02-02 15:16:58,73594301140205,,合肥仓
Spyder,775390,EB2601270022579,退货入库,6941816960178,1,1,1,24424MF225M001,黑色羽绒服,黑色,,2026-01-31 17:14:01,2026-02-02 13:26:23,已完成,已完成,2026-02-02 15:16:54,773404603494965,,合肥仓
Spyder,775392,EB2601100022338,退货入库,6942133505653,1,1,1,25325MF111M001,夹克,黑色,,2026-01-31 17:13:00,2026-02-03 10:53:40,已完成,已完成,2026-02-03 10:59:10,773404603412503,,合肥仓
Spyder,775394,EB2601250022103,退货入库,6932472791633,1,1,1,25325EF229M001,羽绒服,黑色,,2026-01-31 17:13:00,2026-02-02 13:12:11,已完成,已完成,2026-02-02 13:17:40,773404603327012,,合肥仓
Spyder,775396,EB2601240029887,退货入库,6942105346598,1,1,1,23423EF227MN22,灰铜绿羽绒服,灰铜绿,,2026-01-31 17:12:00,2026-02-02 13:28:00,已完成,已完成,2026-02-02 15:16:55,773404603713903,,合肥仓
Spyder,775399,EB2601270037873,退货入库,6941816947858,1,1,1,24324EF543M001,黑色裤子,黑色,,2026-01-31 16:51:01,2026-02-03 16:12:24,已完成,已完成,2026-02-03 16:36:21,78979062713275,,合肥仓
Spyder,775400,EB2601270037873,退货入库,6942133525408,1,1,1,25425CF431M001,T恤,黑色,,2026-01-31 16:50:01,2026-02-03 16:12:18,已完成,已完成,2026-02-03 16:36:21,78979062713275,,合肥仓
Spyder,775417,EB2601260039819,退货入库,6905853522584,1,1,1,21121MS404WR06,烟熏粉T恤,烟熏粉,,2026-01-31 17:27:00,2026-02-03 14:21:22,已完成,已完成,2026-02-03 15:08:18,SF5124074813873,,合肥仓
Spyder,775429,EB2601200044741,退货入库,6942133509767,1,1,1,25325MR304WR03,卫衣,野梅粉,,2026-02-02 12:12:00,2026-02-05 13:32:41,已完成,已完成,2026-02-05 14:56:14,772056057989945,,合肥仓
Spyder,775433,EB2601200033195,退货入库,6941816942686,1,1,1,24324MF401M001,黑色T恤,黑色,,2026-01-31 17:31:00,2026-02-02 13:24:29,已完成,已完成,2026-02-02 15:16:54,773404607703104,,合肥仓
Spyder,775436,EB2601250020159,退货入库,6941816947865,1,1,1,24324EF543M001,黑色裤子,黑色,,2026-01-31 17:31:00,2026-02-02 13:15:10,已完成,已完成,2026-02-02 13:17:40,773404607389093,,合肥仓
Spyder,775445,EB2601260000719,退货入库,6942133528270,1,1,1,25425CF217M001,羽绒服,黑色,,2026-01-31 17:30:00,2026-02-02 10:38:08,已完成,已完成,2026-02-02 10:39:43,JDVA41646675254,,合肥仓
Spyder,775452,EB2601270024991,退货入库,6932472791794,1,1,1,25325EF247MC12,棉服,枯木棕,,2026-01-31 21:42:00,2026-02-02 13:34:26,已完成,已完成,2026-02-02 15:16:56,73594314475272,,合肥仓
Spyder,775462,EB2601280024210,退货入库,6942133505943,1,0,0,25325MF113M03G,冲锋衣,铅灰色,,2026-02-01 12:58:00,,待收货,待收货,,JT3152289291991,,合肥仓
Spyder,775474,EB2601300021229,退货入库,6942133513535,1,1,1,254CP25FW205M103,三合一,鹭白色,,2026-02-01 10:30:01,2026-02-02 10:06:05,已完成,已完成,2026-02-02 10:39:35,SF5100285950864,,合肥仓
Spyder,775475,EB2601280043596,退货入库,6942105345843,1,1,1,23423CF518WP09,暮光紫裤子,暮光紫,,2026-01-31 18:32:00,2026-02-04 09:39:37,已完成,已完成,2026-02-04 11:14:06,1345118793218,,合肥仓
Spyder,775476,EB2601290011386,退货入库,6942105357297,1,1,1,24124XS501MN02,深灰,深灰色;灰色,,2026-01-31 18:32:00,2026-02-04 09:39:29,已完成,已完成,2026-02-04 11:14:06,1345118793218,,合肥仓
Spyder,775477,EB2601280043596,退货入库,6942105309395,1,1,1,23323CF512W0MT,灰绿裤子,灰绿,,2026-01-31 18:32:00,2026-02-04 09:39:19,已完成,已完成,2026-02-04 11:14:06,1345118793218,,合肥仓
Spyder,775478,EB2601290025136,退货入库,6941767151632,1,1,1,23223CS507M001,黑色裤子,黑色,,2026-02-01 10:31:07,2026-02-03 17:27:56,已完成,已完成,2026-02-03 17:41:18,772055938919404,,合肥仓
Spyder,775487,EB2601290028756,退货入库,6942133507862,1,1,1,25325MF409M001,T恤,黑色,,2026-01-31 18:10:01,2026-02-05 11:23:04,已完成,已完成,2026-02-05 11:45:00,78978420122400,,合肥仓
Spyder,775497,EB2601240020698,退货入库,6942133528287,1,1,1,25425CF217M001,羽绒服,黑色,,2026-02-02 19:35:00,2026-02-06 13:37:23,已完成,已完成,2026-02-06 14:27:13,78979701947091,,合肥仓
Spyder,775527,EB2601300000542,退货入库,6932472712478,1,1,1,888100245914NE1,米灰色/浅卡其色鞋,米灰色/浅卡其色,,2026-02-01 12:49:00,2026-02-02 16:10:17,已完成,已完成,2026-02-02 17:27:20,78979258888267,,合肥仓
Spyder,775531,EB2601290042474,退货入库,6942133512453,1,1,1,253CP25FW209MG34,三合一,森林雾,,2026-02-01 10:31:07,2026-02-02 10:06:32,已完成,已完成,2026-02-02 10:39:35,SF5100285950864,,合肥仓
Spyder,775549,EB2601290028348,退货入库,6905853664383,1,1,1,21421CF134W001,黑色夹克,黑色,,2026-02-01 10:31:07,2026-02-03 16:34:03,已完成,已完成,2026-02-03 16:36:24,JT3152267463146,,合肥仓
Spyder,775551,EB2601260049589,退货入库,6941816960048,1,1,1,24424MF216WW02,奶霜白羽绒服,奶霜白,,2026-02-01 13:04:01,2026-02-07 10:18:59,已完成,已完成,2026-02-07 10:29:40,1315000040333,,合肥仓
Spyder,775555,EB2601280020333,退货入库,6942105347854,1,1,1,23423MR201MY08,黄铜色羽绒服,黄铜色,,2026-01-31 19:35:00,2026-02-03 10:16:24,已完成,已完成,2026-02-03 10:59:04,JDVA41649571158,,合肥仓
Spyder,775564,EB2601310034419,退货入库,6942133510466,1,1,1,25425MF233M001,羽绒服,黑色,,2026-01-31 19:38:00,2026-02-01 09:26:22,已完成,已完成,2026-02-01 11:33:59,SF5100208704231,,合肥仓
Spyder,775565,EB2601310034419,退货入库,6932472791404,1,1,1,25325EF201M001,羽绒服,黑色,,2026-01-31 19:38:00,2026-02-01 09:26:12,已完成,已完成,2026-02-01 11:33:59,SF5100208704231,,合肥仓
Spyder,775566,EB2601290038005,退货入库,6941816947810,1,1,1,24324EF509M001,黑色裤子,黑色,,2026-02-01 11:33:01,2026-02-02 13:55:22,已完成,已完成,2026-02-02 15:16:59,73594335153660,,合肥仓
Spyder,775574,EB2601270023241,退货入库,6932472701335,1,1,1,24424CF321M001,黑色卫衣,黑色,,2026-02-01 09:23:00,2026-02-02 16:17:35,已完成,已完成,2026-02-02 17:27:21,772055983316845,,合肥仓
Spyder,775578,EB2601280043582,退货入库,6942133510343,1,1,1,25425MF231M001,羽绒服,黑色,,2026-02-01 11:33:02,2026-02-03 15:59:09,已完成,已完成,2026-02-03 16:36:19,73594337234163,,合肥仓
Spyder,775580,EB2601250037933,退货入库,6932472791442,1,1,1,25325EF201MB06,羽绒服,灰蓝色,,2026-02-01 15:43:00,2026-02-03 09:59:33,已完成,已完成,2026-02-03 10:59:02,JDX048645092595,,合肥仓
Spyder,775585,EB2601270040572,退货入库,6942133517168,1,1,1,25325CF119M001,夹克,黑色,,2026-02-01 10:43:00,2026-02-03 16:01:04,已完成,已完成,2026-02-03 16:36:19,73594338193926,,合肥仓
Spyder,775605,EB2601260042974,退货入库,6942133511227,1,1,1,25425MF527M001,裤子,黑色,,2026-02-03 20:32:00,2026-02-09 13:24:42,已完成,已完成,2026-02-09 15:22:27,772056137678429,,合肥仓
Spyder,775606,EB2601270040704,退货入库,6942133545055,1,1,1,26102OE26101KM001,短袖POLO衫,黑色,,2026-02-01 08:27:00,2026-02-04 09:41:09,已完成,已完成,2026-02-04 11:14:06,1345349690518,,合肥仓
Spyder,775624,EB2601290003846,退货入库,6932472792142,1,1,1,25325EF517M001,裤子,黑色,,2026-02-01 11:54:01,2026-02-03 16:18:00,已完成,已完成,2026-02-03 16:36:22,73594344072835,,合肥仓
Spyder,775626,EB2601290003545,退货入库,6932472753020,1,1,1,25125MS415M001,黑色T恤,黑色,,2026-02-01 11:54:01,2026-02-03 16:18:06,已完成,已完成,2026-02-03 16:36:22,73594344072835,,合肥仓
Spyder,775629,EB2601290032266,退货入库,6942133511050,1,1,1,25425MF406W600,T恤,RED；红色,,2026-02-01 12:07:00,2026-02-03 11:26:08,已完成,已完成,2026-02-03 11:54:39,631147327364935,,合肥仓
Spyder,775638,EB2601260031957,退货入库,6942105394445,1,1,1,24224CS414WB23,天青蓝T恤,天青蓝,,2026-01-31 20:54:00,2026-02-03 10:10:46,已完成,已完成,2026-02-03 10:59:03,JDVA41651026899,,合肥仓
Spyder,775640,EB2601280037143,退货入库,6941816959806,1,1,1,24424MF203MN22,灰铜绿羽绒服,灰铜绿,,2026-02-01 10:03:01,2026-02-03 14:11:05,已完成,已完成,2026-02-03 15:08:17,JT3152260781331,,合肥仓
Spyder,775657,EB2601280024210,换货入库,6932472769717,1,0,0,25225MS039M001,黑色POLO衫,黑色,,2026-02-01 13:04:00,,待收货,待收货,,JT3152289291991,,合肥仓
Spyder,775667,EB2601250046788,退货入库,6932472792036,1,1,1,25325EF417MN15,T恤,磁石灰,,2026-01-31 21:21:00,2026-02-05 16:49:06,已完成,已完成,2026-02-05 17:29:53,JDVA41651502047,,合肥仓
Spyder,775668,EB2601250046788,退货入库,6932472792128,1,1,1,25325EF517M001,裤子,黑色,,2026-01-31 21:22:00,2026-02-05 16:49:11,已完成,已完成,2026-02-05 17:29:53,JDVA41651502047,,合肥仓
Spyder,775670,EB2601270042219,退货入库,6932472791848,1,1,1,25325EF401M001,T恤,黑色,,2026-02-01 11:43:01,2026-02-04 17:27:57,已完成,已完成,2026-02-04 17:40:17,73594349962964,,合肥仓
Spyder,775672,EB2601270042219,退货入库,6932472791855,1,1,1,25325EF401M001,T恤,黑色,,2026-02-01 11:43:01,2026-02-04 17:28:10,已完成,已完成,2026-02-04 17:40:17,73594349962964,,合肥仓
Spyder,775682,EB2601290027558,换货入库,6942105346079,1,1,1,23423CF521MC06,布朗棕裤子,布朗棕,,2026-02-01 09:02:00,2026-02-02 16:01:05,已完成,已完成,2026-02-02 17:27:18,631147254090069,,合肥仓
Spyder,775689,EB2601280028200,退货入库,6942133529475,1,1,1,25425CF241MB99,羽绒服,浅藏青,,2026-01-31 21:51:00,2026-02-05 10:45:03,已完成,已完成,2026-02-05 11:44:55,JDVA41651979215,,合肥仓
Spyder,775713,EB2601280048323,退货入库,6941816947735,1,1,1,24324EF325MB01,藏青色卫衣,藏青色1,,2026-02-01 10:23:00,2026-02-04 13:46:45,已完成,已完成,2026-02-04 13:53:51,73594380293716,,合肥仓
Spyder,775720,EB2601250046789,退货入库,6942133529802,1,1,1,25425CF515M001,裤子,黑色,,2026-01-31 22:48:00,2026-02-05 16:46:00,已完成,已完成,2026-02-05 17:29:52,JDVA41652883282,,合肥仓
Spyder,775737,EB2601270022269,退货入库,6942105347212,1,1,1,23423MF247M2OK,游牧灰棉服,游牧灰,,2026-02-01 10:03:00,2026-02-03 13:56:21,已完成,已完成,2026-02-03 15:08:15,73594361259641,,合肥仓
Spyder,775745,EB2601240042532,退货入库,6941816959417,1,1,1,24424EF207U001,黑色羽绒服,黑色,,2026-02-01 19:42:00,2026-02-04 14:03:56,已完成,已完成,2026-02-04 14:06:17,772055967421195,,合肥仓
Spyder,775746,EB2601300029606,退货入库,6932472791435,1,1,1,25325EF201MB06,羽绒服,灰蓝色,,2026-02-01 14:06:00,2026-02-03 09:40:11,已完成,已完成,2026-02-03 09:49:40,1315055910433,,合肥仓
Spyder,775749,EB2601290020991,退货入库,6932472791299,1,1,1,25325EF119M001,冲锋衣,黑色,,2026-02-01 11:54:00,2026-02-02 16:28:28,已完成,已完成,2026-02-02 17:27:23,73594390347368,,合肥仓
Spyder,775777,EB2601290028336,退货入库,6941816932083,1,1,1,99923EF133M335,深棕绿冲锋衣,深棕叶绿;深棕绿,,2026-02-01 01:44:00,2026-02-03 10:18:12,已完成,已完成,2026-02-03 10:59:04,JDVA41655653043,,合肥仓
Spyder,775783,775783,其他入库,6941816959783,1,1,0,24424MF203M001,黑色羽绒服,黑色,,2026-02-01 03:17:00,2026-02-03 15:51:34,待上架,待上架,,,,合肥仓
Spyder,775783,775783,其他入库,6941816960062,1,1,0,24424MF217M001,黑色羽绒服,黑色,,2026-02-01 03:17:00,2026-02-03 15:53:55,待上架,待上架,,,,合肥仓
Spyder,775783,775783,其他入库,6941816998041,1,1,0,24324CF253M001,黑色羽绒服,黑色,,2026-02-01 03:17:00,2026-02-03 15:51:35,待上架,待上架,,,,合肥仓
Spyder,775783,775783,其他入库,6941816999093,1,1,0,24324CF503M001,黑色裤子,黑色,,2026-02-01 03:17:00,2026-02-03 15:51:36,待上架,待上架,,,,合肥仓
Spyder,775783,775783,其他入库,6942105306516,1,1,0,23323CF103MG13,松墨绿夹克,松墨绿,,2026-02-01 03:17:00,2026-02-03 15:51:35,待上架,待上架,,,,合肥仓
Spyder,775783,775783,其他入库,6942105308015,1,1,0,23323CF318WP09,暮光紫卫衣,暮光紫,,2026-02-01 03:17:00,2026-02-03 15:51:34,待上架,待上架,,,,合肥仓
Spyder,775783,775783,其他入库,6942105345843,1,1,0,23423CF518WP09,暮光紫裤子,暮光紫,,2026-02-01 03:17:00,2026-02-03 15:51:35,待上架,待上架,,,,合肥仓
Spyder,775783,775783,其他入库,6942105390447,1,1,0,24124CS425MG15,青提绿T恤,青提绿,,2026-02-01 03:17:00,2026-02-03 15:51:34,待上架,待上架,,,,合肥仓
Spyder,775783,775783,其他入库,6942105390621,1,1,0,24124CS437MG15,青提绿T恤,青提绿,,2026-02-01 03:17:00,2026-02-03 16:04:26,待上架,待上架,,,,合肥仓
Spyder,775783,775783,其他入库,6905853664321,1,1,0,21421CF134WE01,米色夹克,米白色,,2026-02-01 03:17:00,2026-02-03 16:01:28,待上架,待上架,,,,合肥仓
Spyder,775783,775783,其他入库,6941816960086,1,1,0,24424MF217M001,黑色羽绒服,黑色,,2026-02-01 03:17:00,2026-02-03 16:01:27,待上架,待上架,,,,合肥仓
Spyder,775783,775783,其他入库,6905853196389,1,1,0,19319CF914UY01,黄色帽子,黄色,,2026-02-01 03:17:00,2026-02-03 16:01:27,待上架,待上架,,,,合肥仓
Spyder,775783,775783,其他入库,6905853618027,1,1,0,21421CF907UE01,米色帽子,米白色,,2026-02-01 03:17:00,2026-02-03 16:01:28,待上架,待上架,,,,合肥仓
Spyder,775783,775783,其他入库,6905853666226,1,1,0,21321CF121ME01,米色夹克,米白色,,2026-02-01 03:17:00,2026-02-03 16:01:28,待上架,待上架,,,,合肥仓
Spyder,775783,775783,其他入库,6905853740971,1,1,0,22122CS129M001,夹克,黑色,,2026-02-01 03:17:00,2026-02-03 16:01:27,待上架,待上架,,,,合肥仓
Spyder,775783,775783,其他入库,6932472707566,1,1,0,24424CF541M001,黑色裤子,黑色,,2026-02-01 03:17:00,2026-02-03 16:01:28,待上架,待上架,,,,合肥仓
Spyder,775783,775783,其他入库,6941816943102,1,1,0,24324MF413M0MT,灰绿色T恤,灰绿,,2026-02-01 03:17:00,2026-02-03 16:01:28,待上架,待上架,,,,合肥仓
Spyder,775783,775783,其他入库,6941816947957,1,1,0,24324EF543MN02,深灰色裤子,深灰色;灰色,,2026-02-01 03:17:00,2026-02-03 16:01:28,待上架,待上架,,,,合肥仓
Spyder,775783,775783,其他入库,6941816948398,1,1,0,24324MF503M906,炭灰色裤子,炭灰色,,2026-02-01 03:17:00,2026-02-03 16:01:28,待上架,待上架,,,,合肥仓
Spyder,775783,775783,其他入库,6941816959431,1,1,0,24424EF207U001,黑色羽绒服,黑色,,2026-02-01 03:17:00,2026-02-03 16:01:27,待上架,待上架,,,,合肥仓
Spyder,775783,775783,其他入库,6942105343979,1,1,0,23423CF212WE01,米色夹克,米白色,,2026-02-01 03:17:00,2026-02-03 16:01:28,待上架,待上架,,,,合肥仓
Spyder,775783,775783,其他入库,6942105344358,1,1,0,23423CF217ME01,米色夹克,米白色,,2026-02-01 03:17:00,2026-02-03 16:01:28,待上架,待上架,,,,合肥仓
Spyder,775783,775783,其他入库,6942105377929,1,1,0,24124MR425M3SY,橄榄绿T恤,橄榄绿2,,2026-02-01 03:17:00,2026-02-03 16:01:28,待上架,待上架,,,,合肥仓
Spyder,775783,775783,其他入库,6942105391147,1,1,0,24124ES481M001,黑色T恤,黑色,,2026-02-01 03:17:00,2026-02-03 15:53:56,待上架,待上架,,,,合肥仓
Spyder,775783,775783,其他入库,6942105391222,1,1,0,24124ES481MG20,云杉绿T恤,云杉绿,,2026-02-01 03:17:00,2026-02-03 15:53:55,待上架,待上架,,,,合肥仓
Spyder,775783,775783,其他入库,6905853880684,1,1,0,22222ES441U100,T恤,白色,,2026-02-01 03:17:00,2026-02-03 15:59:34,待上架,待上架,,,,合肥仓
Spyder,775783,775783,其他入库,6905853880684,1,1,0,22222ES441U100,T恤,白色,,2026-02-01 03:17:00,2026-02-03 15:53:55,待上架,待上架,,,,合肥仓
Spyder,775783,775783,其他入库,6941816942235,1,1,0,24324MF304W0MT,灰绿色卫衣,灰绿,,2026-02-01 03:17:00,2026-02-03 15:53:55,待上架,待上架,,,,合肥仓
Spyder,775783,775783,其他入库,6941816942808,1,1,0,24324MF405M001,黑色POLO衫,黑色,,2026-02-01 03:17:00,2026-02-03 15:59:34,待上架,待上架,,,,合肥仓
Spyder,775783,775783,其他入库,6941816959776,1,1,0,24424MF203M001,黑色羽绒服,黑色,,2026-02-01 03:17:00,2026-02-03 15:53:56,待上架,待上架,,,,合肥仓
Spyder,775783,775783,其他入库,6941816960062,1,1,0,24424MF217M001,黑色羽绒服,黑色,,2026-02-01 03:17:00,2026-02-03 15:51:35,待上架,待上架,,,,合肥仓
Spyder,775783,775783,其他入库,6941816960079,1,1,0,24424MF217M001,黑色羽绒服,黑色,,2026-02-01 03:17:00,2026-02-03 15:53:55,待上架,待上架,,,,合肥仓
Spyder,775783,775783,其他入库,6941816960086,1,1,0,24424MF217M001,黑色羽绒服,黑色,,2026-02-01 03:17:00,2026-02-03 15:53:56,待上架,待上架,,,,合肥仓
Spyder,775783,775783,其他入库,6942105345430,1,1,0,23423CF418W001,黑色T恤,黑色,,2026-02-01 03:17:00,2026-02-03 15:53:55,待上架,待上架,,,,合肥仓
Spyder,775783,775783,其他入库,6942105390263,1,1,0,24124CS413M41C,湛蓝POLO衫,湛蓝,,2026-02-01 03:17:00,2026-02-03 15:53:55,待上架,待上架,,,,合肥仓
Spyder,775783,775783,其他入库,6942105390423,1,1,0,24124CS425M001,黑色T恤,黑色,,2026-02-01 03:17:00,2026-02-03 15:53:55,待上架,待上架,,,,合肥仓
Spyder,775783,775783,其他入库,6942105391567,1,1,0,24124ES527MG20,云杉绿裤子,云杉绿,,2026-02-01 03:17:00,2026-02-03 15:53:56,待上架,待上架,,,,合肥仓
Spyder,775783,775783,其他入库,6942105392014,1,1,0,24124MS315MN25,燧石灰卫衣,燧石灰;烟灰色,,2026-02-01 03:17:00,2026-02-03 16:04:26,待上架,待上架,,,,合肥仓
Spyder,775783,775783,其他入库,6942105392946,1,1,0,24124MS443MN25,燧石灰T恤,燧石灰;烟灰色,,2026-02-01 03:17:00,2026-02-03 15:53:55,待上架,待上架,,,,合肥仓
Spyder,775783,775783,其他入库,6942105392953,1,1,0,24124MS443MN25,燧石灰T恤,燧石灰;烟灰色,,2026-02-01 03:17:00,2026-02-03 15:53:55,待上架,待上架,,,,合肥仓
Spyder,775783,775783,其他入库,6942105395251,1,1,0,24224CS446W001,黑色连衣裙,黑色,,2026-02-01 03:17:00,2026-02-03 15:53:55,待上架,待上架,,,,合肥仓
Spyder,775783,775783,其他入库,6932472705036,1,1,0,24424XF433M001,黑色T恤,黑色,,2026-02-01 03:17:00,2026-02-03 15:59:33,待上架,待上架,,,,合肥仓
Spyder,775783,775783,其他入库,6941816937804,1,1,0,24124ES485M001,黑色T恤,黑色,,2026-02-01 03:17:00,2026-02-03 16:04:27,待上架,待上架,,,,合肥仓
Spyder,775783,775783,其他入库,6942105389625,1,1,0,24124CS311MG18,森林绿T恤,森林绿,,2026-02-01 03:17:00,2026-02-03 15:59:34,待上架,待上架,,,,合肥仓
Spyder,775783,775783,其他入库,6905853616894,1,1,0,21321MF520W001,黑色裤子,黑色,,2026-02-01 03:17:00,2026-02-03 15:59:34,待上架,待上架,,,,合肥仓
Spyder,775783,775783,其他入库,6905853737582,1,1,0,22222CS532WN02,紧身裤,深灰色;灰色,,2026-02-01 03:17:00,2026-02-03 15:59:35,待上架,待上架,,,,合肥仓
Spyder,775783,775783,其他入库,6905853880684,1,1,0,22222ES441U100,T恤,白色,,2026-02-01 03:17:00,2026-02-03 15:53:56,待上架,待上架,,,,合肥仓
Spyder,775783,775783,其他入库,6941767102399,1,1,0,22322CF409MN17,浅云灰T恤,浅云灰,,2026-02-01 03:17:00,2026-02-03 15:59:35,待上架,待上架,,,,合肥仓
Spyder,775783,775783,其他入库,6941767147895,1,1,0,23123CS310WP01,午夜紫卫衣,午夜紫,,2026-02-01 03:17:00,2026-02-03 15:59:34,待上架,待上架,,,,合肥仓
Spyder,775783,775783,其他入库,6941767151472,1,1,0,23223CS504W001,黑色裤子,黑色,,2026-02-01 03:17:00,2026-02-03 15:59:33,待上架,待上架,,,,合肥仓
Spyder,775783,775783,其他入库,6941816942808,1,1,0,24324MF405M001,黑色POLO衫,黑色,,2026-02-01 03:17:00,2026-02-03 15:53:55,待上架,待上架,,,,合肥仓
Spyder,775783,775783,其他入库,6941816944666,1,1,0,24424MF417MB01,藏青色T恤,藏青色1,,2026-02-01 03:17:00,2026-02-03 15:59:33,待上架,待上架,,,,合肥仓
Spyder,775783,775783,其他入库,6941816947735,1,1,0,24324EF325MB01,藏青色卫衣,藏青色1,,2026-02-01 03:17:00,2026-02-03 15:59:34,待上架,待上架,,,,合肥仓
Spyder,775783,775783,其他入库,6941816947780,1,1,0,24324EF325ME08,灰杏色卫衣,灰杏色,,2026-02-01 03:17:00,2026-02-03 15:59:33,待上架,待上架,,,,合肥仓
Spyder,775783,775783,其他入库,6941816947803,1,1,0,24324EF509M001,黑色裤子,黑色,,2026-02-01 03:17:00,2026-02-03 15:59:34,待上架,待上架,,,,合肥仓
Spyder,775783,775783,其他入库,6941816958762,1,1,0,24324MF204W0MT,灰绿色羽绒服,灰绿,,2026-02-01 03:17:00,2026-02-03 15:59:34,待上架,待上架,,,,合肥仓
Spyder,775783,775783,其他入库,6941816959929,1,1,0,24424MF214WN13,豆蔻青三合一夹克,豆蔻青,,2026-02-01 03:17:00,2026-02-03 15:59:35,待上架,待上架,,,,合肥仓
Spyder,775783,775783,其他入库,6941816960147,1,1,0,24424MF217MN22,灰铜绿羽绒服,灰铜绿,,2026-02-01 03:17:00,2026-02-03 15:59:34,待上架,待上架,,,,合肥仓
Spyder,775783,775783,其他入库,6941816998782,1,1,0,24324CF435MW03,鸟羽白T恤,鸟羽白,,2026-02-01 03:17:00,2026-02-03 15:59:35,待上架,待上架,,,,合肥仓
Spyder,775783,775783,其他入库,6941816998850,1,1,0,24324CF437MN22,灰铜绿POLO衫,灰铜绿,,2026-02-01 03:17:00,2026-02-03 15:59:33,待上架,待上架,,,,合肥仓
Spyder,775783,775783,其他入库,6942105345454,1,1,0,23423CF418W001,黑色T恤,黑色,,2026-02-01 03:17:00,2026-02-03 15:59:34,待上架,待上架,,,,合肥仓
Spyder,775783,775783,其他入库,6942105346086,1,1,0,23423CF521MC06,布朗棕裤子,布朗棕,,2026-02-01 03:17:00,2026-02-03 15:59:34,待上架,待上架,,,,合肥仓
Spyder,775783,775783,其他入库,6942105346529,1,1,0,23423EF223MW02,奶霜白背心,奶霜白,,2026-02-01 03:17:00,2026-02-03 15:59:35,待上架,待上架,,,,合肥仓
Spyder,775783,775783,其他入库,6942105347199,1,1,0,23423MF247M2OK,游牧灰棉服,游牧灰,,2026-02-01 03:17:00,2026-02-03 15:59:33,待上架,待上架,,,,合肥仓
Spyder,775783,775783,其他入库,6942105377837,1,1,0,24124MR323M001,黑色卫衣,黑色,,2026-02-01 03:17:00,2026-02-03 15:59:33,待上架,待上架,,,,合肥仓
Spyder,775783,775783,其他入库,6942105378070,1,1,0,24124MR429M001,黑色POLO衫,黑色,,2026-02-01 03:17:00,2026-02-03 15:59:34,待上架,待上架,,,,合肥仓
Spyder,775783,775783,其他入库,6942105391376,1,1,0,24124ES485M906,炭灰色T恤,炭灰色,,2026-02-01 03:17:00,2026-02-03 15:59:35,待上架,待上架,,,,合肥仓
Spyder,775783,775783,其他入库,6942105391598,1,1,0,24124ES527MG20,云杉绿裤子,云杉绿,,2026-02-01 03:17:00,2026-02-03 15:59:35,待上架,待上架,,,,合肥仓
Spyder,775783,775783,其他入库,6942105392373,1,1,0,24124MS407ME01,米白色POLO衫,米白色,,2026-02-01 03:17:00,2026-02-03 15:59:33,待上架,待上架,,,,合肥仓
Spyder,775783,775783,其他入库,6905853741183,1,1,0,22122CS150WP06,夹克,银铃紫,,2026-02-01 03:17:00,2026-02-03 15:56:16,待上架,待上架,,,,合肥仓
Spyder,775783,775783,其他入库,6905853893479,1,1,0,22322CF404WY05,玄月黄T恤,玄月黄,,2026-02-01 03:17:00,2026-02-03 15:56:17,待上架,待上架,,,,合肥仓
Spyder,775783,775783,其他入库,6932472701366,1,1,0,24424CF321MN10,板岩灰卫衣,N10,,2026-02-01 03:17:00,2026-02-03 15:56:17,待上架,待上架,,,,合肥仓
Spyder,775783,775783,其他入库,6932472706644,1,1,0,24424CF234W001,黑色羽绒服,黑色,,2026-02-01 03:17:00,2026-02-03 16:04:26,待上架,待上架,,,,合肥仓
Spyder,775783,775783,其他入库,6941767107257,1,1,0,22422CF309M001,黑色卫衣,黑色,,2026-02-01 03:17:00,2026-02-03 15:56:17,待上架,待上架,,,,合肥仓
Spyder,775783,775783,其他入库,6941767147819,1,1,0,23123CS307M001,黑色卫衣,黑色,,2026-02-01 03:17:00,2026-02-03 15:56:18,待上架,待上架,,,,合肥仓
Spyder,775783,775783,其他入库,6941767149219,2,2,0,23223CS416W100,白色运动内衣,白色,,2026-02-01 03:17:00,2026-02-03 15:56:17,待上架,待上架,,,,合肥仓
Spyder,775783,775783,其他入库,6941816923876,1,1,0,24224MS479M906,炭灰色T恤,炭灰色,,2026-02-01 03:17:00,2026-02-03 15:56:16,待上架,待上架,,,,合肥仓
Spyder,775783,775783,其他入库,6941816942686,1,1,0,24324MF401M001,黑色T恤,黑色,,2026-02-01 03:17:00,2026-02-03 15:56:16,待上架,待上架,,,,合肥仓
Spyder,775783,775783,其他入库,6941816947650,1,1,0,24324EF171MMHR,黑色/红色夹克,黑色/红色,,2026-02-01 03:17:00,2026-02-03 15:56:17,待上架,待上架,,,,合肥仓
Spyder,775783,775783,其他入库,6941816947681,1,1,0,24324EF325M001,黑色卫衣,黑色,,2026-02-01 03:17:00,2026-02-03 15:56:17,待上架,待上架,,,,合肥仓
Spyder,775783,775783,其他入库,6941816947780,1,1,0,24324EF325ME08,灰杏色卫衣,灰杏色,,2026-02-01 03:17:00,2026-02-03 15:56:16,待上架,待上架,,,,合肥仓
Spyder,775783,775783,其他入库,6941816947872,1,1,0,24324EF543M001,黑色裤子,黑色,,2026-02-01 03:17:00,2026-02-03 15:56:17,待上架,待上架,,,,合肥仓
Spyder,775783,775783,其他入库,6941816947933,1,1,0,24324EF543MN02,深灰色裤子,深灰色;灰色,,2026-02-01 03:17:00,2026-02-03 15:56:18,待上架,待上架,,,,合肥仓
Spyder,775783,775783,其他入库,6941816959509,1,1,0,24424EF225M001,黑色羽绒服,黑色,,2026-02-01 03:17:00,2026-02-03 15:56:18,待上架,待上架,,,,合肥仓
Spyder,775783,775783,其他入库,6942105309104,1,1,0,23323CF507MB01,藏青色裤子,藏青色1,,2026-02-01 03:17:00,2026-02-03 15:56:17,待上架,待上架,,,,合肥仓
Spyder,775783,775783,其他入库,6942105346895,1,1,0,23423MF225MB22,云山蓝羽绒服,云山蓝,,2026-02-01 03:17:00,2026-02-03 15:56:17,待上架,待上架,,,,合肥仓
Spyder,775783,775783,其他入库,6942105347205,1,1,0,23423MF247M2OK,游牧灰棉服,游牧灰,,2026-02-01 03:17:00,2026-02-03 15:56:17,待上架,待上架,,,,合肥仓
Spyder,775783,775783,其他入库,6942105348493,1,1,0,23423MR315MN12,深麻灰卫衣,深麻灰;花灰,,2026-02-01 03:17:00,2026-02-03 15:56:17,待上架,待上架,,,,合肥仓
Spyder,775783,775783,其他入库,6941767101668,1,1,0,22322CF514WN02,深灰色裤子,深灰色;灰色,,2026-02-01 03:17:00,2026-02-03 15:56:17,待上架,待上架,,,,合肥仓
Spyder,775783,775783,其他入库,6941767151670,1,1,0,23123CS508WB16,蓝石色裤子,蓝石色,,2026-02-01 03:17:00,2026-02-03 15:56:17,待上架,待上架,,,,合肥仓
Spyder,775783,775783,其他入库,6905853737537,1,1,0,22222CS532W001,紧身裤,黑色,,2026-02-01 03:17:00,2026-02-03 16:04:27,待上架,待上架,,,,合肥仓
Spyder,775783,775783,其他入库,6905853738985,1,1,0,22222CS417MG09,T恤,灰岩绿,,2026-02-01 03:17:00,2026-02-03 16:04:27,待上架,待上架,,,,合肥仓
Spyder,775783,775783,其他入库,6932472706491,1,1,0,24424CF229MC12,枯木棕羽绒服,枯木棕,,2026-02-01 03:17:00,2026-02-03 16:04:26,待上架,待上架,,,,合肥仓
Spyder,775783,775783,其他入库,6932472706620,1,1,0,24424CF234W001,黑色羽绒服,黑色,,2026-02-01 03:17:00,2026-02-03 16:04:26,待上架,待上架,,,,合肥仓
Spyder,775783,775783,其他入库,6932472706644,1,1,0,24424CF234W001,黑色羽绒服,黑色,,2026-02-01 03:17:00,2026-02-03 16:04:26,待上架,待上架,,,,合肥仓
Spyder,775783,775783,其他入库,6932472706644,1,1,0,24424CF234W001,黑色羽绒服,黑色,,2026-02-01 03:17:00,2026-02-03 15:56:18,待上架,待上架,,,,合肥仓
Spyder,775783,775783,其他入库,6941816947759,1,1,0,24324EF325ME08,灰杏色卫衣,灰杏色,,2026-02-01 03:17:00,2026-02-03 16:04:27,待上架,待上架,,,,合肥仓
Spyder,775783,775783,其他入库,6941816959745,1,1,0,24424MF203M001,黑色羽绒服,黑色,,2026-02-01 03:17:00,2026-02-03 16:04:26,待上架,待上架,,,,合肥仓
Spyder,775783,775783,其他入库,6942105308398,1,1,0,23323CF411M001,黑色T恤,黑色,,2026-02-01 03:17:00,2026-02-03 16:04:27,待上架,待上架,,,,合肥仓
Spyder,775783,775783,其他入库,6942105308404,1,1,0,23323CF411M001,黑色T恤,黑色,,2026-02-01 03:17:00,2026-02-03 16:04:27,待上架,待上架,,,,合肥仓
Spyder,775783,775783,其他入库,6942105308572,1,1,0,23323CF415M4DN,藏青T恤,藏青,,2026-02-01 03:17:00,2026-02-03 16:04:27,待上架,待上架,,,,合肥仓
Spyder,775783,775783,其他入库,6942105390621,1,1,0,24124CS437MG15,青提绿T恤,青提绿,,2026-02-01 03:17:00,2026-02-03 16:04:26,待上架,待上架,,,,合肥仓
Spyder,775783,775783,其他入库,6942105395602,1,1,0,99924ES433M001,黑色POLO衫,黑色,,2026-02-01 03:17:00,2026-02-03 16:04:27,待上架,待上架,,,,合肥仓
Spyder,775783,775783,其他入库,6941767148106,1,1,0,23123CS403ME01,米色T恤,米白色,,2026-02-01 03:17:00,2026-02-03 16:04:27,待上架,待上架,,,,合肥仓
Spyder,775783,775783,其他入库,6941767149240,1,1,0,23223CS416WB16,蓝石色运动内衣,蓝石色,,2026-02-01 03:17:00,2026-02-03 16:04:27,待上架,待上架,,,,合肥仓
Spyder,775783,775783,其他入库,6941816922343,1,1,0,24224MS401MN25,燧石灰POLO衫,燧石灰;烟灰色,,2026-02-01 03:17:00,2026-02-03 16:04:27,待上架,待上架,,,,合肥仓
Spyder,775783,775783,其他入库,6941816937804,1,1,0,24124ES485M001,黑色T恤,黑色,,2026-02-01 03:17:00,2026-02-03 15:59:34,待上架,待上架,,,,合肥仓
Spyder,775783,775783,其他入库,6941816942327,1,1,0,24324MF305MN22,灰铜绿卫衣,灰铜绿,,2026-02-01 03:17:00,2026-02-03 16:04:26,待上架,待上架,,,,合肥仓
Spyder,775783,775783,其他入库,6941816959523,1,1,0,24424EF225M001,黑色羽绒服,黑色,,2026-02-01 03:17:00,2026-02-03 16:04:26,待上架,待上架,,,,合肥仓
Spyder,775783,775783,其他入库,6941816959851,1,1,0,24424MF208WN13,豆蔻青羽绒服,豆蔻青,,2026-02-01 03:17:00,2026-02-03 16:04:26,待上架,待上架,,,,合肥仓
Spyder,775783,775783,其他入库,6941816998324,1,1,0,24324CF317MN10,板岩灰卫衣,N10,,2026-02-01 03:17:00,2026-02-03 16:04:26,待上架,待上架,,,,合肥仓
Spyder,775783,775783,其他入库,6942105345102,1,1,0,23423CF311MC06,布朗棕卫衣,布朗棕,,2026-02-01 03:17:00,2026-02-03 16:04:27,待上架,待上架,,,,合肥仓
Spyder,775783,775783,其他入库,6942105390621,1,1,0,24124CS437MG15,青提绿T恤,青提绿,,2026-02-01 03:17:00,2026-02-03 15:51:35,待上架,待上架,,,,合肥仓
Spyder,775783,775783,其他入库,6942105392014,1,1,0,24124MS315MN25,燧石灰卫衣,燧石灰;烟灰色,,2026-02-01 03:17:00,2026-02-03 15:53:55,待上架,待上架,,,,合肥仓
Spyder,775783,775783,其他入库,6941816927645,1,1,0,24224MS118W4NV,藏青色夹克,藏青色,,2026-02-01 03:17:00,2026-02-03 15:51:35,待上架,待上架,,,,合肥仓
Spyder,775783,775783,其他入库,6941816997846,1,1,0,24324CF218WG25,冰谷青背心,冰谷青,,2026-02-01 03:17:00,2026-02-03 15:51:34,待上架,待上架,,,,合肥仓
Spyder,775783,775783,其他入库,6941816937859,1,1,0,24124ES485M906,炭灰色T恤,炭灰色,,2026-02-01 03:17:00,2026-02-03 15:51:35,待上架,待上架,,,,合肥仓
Spyder,775783,775783,其他入库,6941816942495,1,1,0,24324MF311M001,黑色卫衣,黑色,,2026-02-01 03:17:00,2026-02-03 15:51:35,待上架,待上架,,,,合肥仓
Spyder,775783,775783,其他入库,6941816959783,1,1,0,24424MF203M001,黑色羽绒服,黑色,,2026-02-01 03:17:00,2026-02-03 15:51:35,待上架,待上架,,,,合肥仓
Spyder,775783,775783,其他入库,6942105346895,1,1,0,23423MF225MB22,云山蓝羽绒服,云山蓝,,2026-02-01 03:17:00,2026-02-03 15:51:34,待上架,待上架,,,,合肥仓
Spyder,775783,775783,其他入库,192636022720,1,1,0,19419UF903M408,星条蓝帽子,石板蓝；星条蓝,,2026-02-01 03:17:00,2026-02-03 15:51:34,待上架,待上架,,,,合肥仓
Spyder,775783,775783,其他入库,6905853610489,1,1,0,21321CF508W001,黑色裤子,黑色,,2026-02-01 03:17:00,2026-02-03 15:51:35,待上架,待上架,,,,合肥仓
Spyder,775783,775783,其他入库,6932472707283,1,1,0,24424CF261MW03,鸟羽白滑雪服装,鸟羽白,,2026-02-01 03:17:00,2026-02-03 15:51:35,待上架,待上架,,,,合肥仓
Spyder,775783,775783,其他入库,6941767106977,1,1,0,22422CF212W001,黑色棉服,黑色,,2026-02-01 03:17:00,2026-02-03 15:51:34,待上架,待上架,,,,合肥仓
Spyder,775783,775783,其他入库,6941816917769,1,1,0,24124CS117MB25,夜空蓝夹克,夜空蓝,,2026-02-01 03:17:00,2026-02-03 15:51:35,待上架,待上架,,,,合肥仓
Spyder,775783,775783,其他入库,6941816942334,1,1,0,24324MF305MN22,灰铜绿卫衣,灰铜绿,,2026-02-01 03:17:00,2026-02-03 15:51:34,待上架,待上架,,,,合肥仓
Spyder,775783,775783,其他入库,6941816942761,1,1,0,24324MF401M0MT,灰绿色T恤,灰绿,,2026-02-01 03:17:00,2026-02-03 15:51:34,待上架,待上架,,,,合肥仓
Spyder,775783,775783,其他入库,6941816943720,1,1,0,24324MR320WR02,粉水晶卫衣,粉水晶,,2026-02-01 03:17:00,2026-02-03 15:51:35,待上架,待上架,,,,合肥仓
Spyder,775794,EB2601280043584,退货入库,6941816947858,1,1,1,24324EF543M001,黑色裤子,黑色,,2026-02-01 11:23:01,2026-02-02 16:09:11,已完成,已完成,2026-02-02 17:27:20,772055864143303,,合肥仓
Spyder,775798,EB2601270027616,退货入库,6941816937811,1,1,1,24124ES485M001,黑色T恤,黑色,,2026-02-02 11:20:01,2026-02-03 16:47:57,已完成,已完成,2026-02-03 17:41:13,JDX048660972412,,合肥仓
Spyder,775840,EB2601290021368,退货入库,6942133509927,1,1,1,25325MR417MN17,T恤,浅云灰,,2026-02-01 09:47:00,2026-02-03 10:26:02,已完成,已完成,2026-02-03 10:59:06,JDVA41662487345,,合肥仓
Spyder,775861,EB2601290027548,退货入库,6932472791992,1,1,1,25325EF417M001,T恤,黑色,,2026-02-01 11:01:05,2026-02-03 14:18:48,已完成,已完成,2026-02-03 15:08:17,SF5100432228489,,合肥仓
Spyder,775864,EB2601270040440,退货入库,6932472760561,1,1,1,25125CS407M001,黑色POLO衫,黑色,,2026-02-01 10:38:01,2026-02-04 13:52:15,已完成,已完成,2026-02-04 13:53:51,772055988224645,,合肥仓
Spyder,775865,EB2601300025785,退货入库,6942105349056,1,1,1,99923EF207UN19,玉石灰羽绒服,玉石灰,,2026-02-01 12:03:01,2026-02-03 09:31:17,已完成,已完成,2026-02-03 09:49:39,SF5100438838489,,合肥仓
Spyder,775866,EB2601270040440,退货入库,6941816947933,1,1,1,24324EF543MN02,深灰色裤子,深灰色;灰色,,2026-02-01 10:38:00,2026-02-04 13:51:58,已完成,已完成,2026-02-04 13:53:51,772055988224645,,合肥仓
Spyder,775869,EB2601280046243,退货入库,6941816947858,1,1,1,24324EF543M001,黑色裤子,黑色,,2026-02-01 11:43:01,2026-02-03 16:14:10,已完成,已完成,2026-02-03 16:36:22,73594403238895,,合肥仓
Spyder,775873,EB2601250042453,退货入库,6942133528317,1,1,1,25425CF217M001,羽绒服,黑色,,2026-02-01 11:03:03,2026-02-03 15:57:13,已完成,已完成,2026-02-03 16:36:19,73594404020016,,合肥仓
Spyder,775877,EB2601290023173,退货入库,6942133525385,1,1,1,25425CF431M001,T恤,黑色,,2026-02-01 18:16:00,2026-02-03 17:05:09,已完成,已完成,2026-02-03 17:41:16,772056025938906,,合肥仓
Spyder,775899,EB2601280035766,退货入库,6942133527495,1,1,1,25325CF417M001,T恤,黑色,,2026-02-01 17:22:01,2026-02-05 15:41:10,已完成,已完成,2026-02-05 15:53:56,1345908457618,,合肥仓
Spyder,775915,EB2601280043794,退货入库,6942133508777,1,1,1,25325MF517M001,裤子,黑色,,2026-02-01 11:33:00,2026-02-02 16:47:06,已完成,已完成,2026-02-02 17:27:25,JDVA41666671005,,合肥仓
Spyder,775918,EB2601300027040,换货入库,6941816947810,1,1,1,24324EF509M001,黑色裤子,黑色,,2026-02-01 11:52:00,2026-02-03 11:30:53,已完成,已完成,2026-02-03 11:54:39,631147323024960,,合肥仓
Spyder,775922,EB2601240000743,退货入库,6932472791749,1,1,1,25325EF247M001,棉服,黑色,,2026-02-01 11:54:00,2026-02-06 17:41:13,已完成,已完成,2026-02-06 17:55:51,73594419416211,,合肥仓
Spyder,775941,775941,其他入库,6905853657668,1,1,0,21320CF510W001,黑色裤子,黑色,,2026-02-01 12:16:00,2026-02-03 15:00:45,待上架,待上架,,,,合肥仓
Spyder,775941,775941,其他入库,6905853736356,1,1,0,22222CS422WN02,运动内衣,深灰色;灰色,,2026-02-01 12:16:00,2026-02-03 15:00:44,待上架,待上架,,,,合肥仓
Spyder,775941,775941,其他入库,6905853736684,1,1,0,22222CS436W001,T恤,黑色,,2026-02-01 12:16:00,2026-02-03 15:00:44,待上架,待上架,,,,合肥仓
Spyder,775941,775941,其他入库,6905853737520,1,1,0,22222CS532W001,紧身裤,黑色,,2026-02-01 12:16:00,2026-02-03 15:00:44,待上架,待上架,,,,合肥仓
Spyder,775941,775941,其他入库,6905853741145,1,1,0,22122CS150WN08,夹克,银灰,,2026-02-01 12:16:00,2026-02-03 15:00:44,待上架,待上架,,,,合肥仓
Spyder,775941,775941,其他入库,6941816925986,1,1,0,24224CS434W001,黑色T恤,黑色,,2026-02-01 12:16:00,2026-02-03 15:00:43,待上架,待上架,,,,合肥仓
Spyder,775941,775941,其他入库,6932472700406,1,1,0,24424CF163M001,黑色夹克,黑色,,2026-02-01 12:16:00,2026-02-03 15:00:45,待上架,待上架,,,,合肥仓
Spyder,775941,775941,其他入库,6941816998348,1,1,0,24324CF317MN10,板岩灰卫衣,N10,,2026-02-01 12:16:00,2026-02-03 15:00:43,待上架,待上架,,,,合肥仓
Spyder,775941,775941,其他入库,6932472707207,1,1,0,24424CF260W001,黑色滑雪服装,黑色,,2026-02-01 12:16:00,2026-02-03 15:00:45,待上架,待上架,,,,合肥仓
Spyder,775941,775941,其他入库,6941767147819,1,1,0,23123CS307M001,黑色卫衣,黑色,,2026-02-01 12:16:00,2026-02-03 15:00:44,待上架,待上架,,,,合肥仓
Spyder,775941,775941,其他入库,6941816918117,1,1,0,24124CS131MN26,烟灰色夹克,烟灰色,,2026-02-01 12:16:00,2026-02-03 15:00:43,待上架,待上架,,,,合肥仓
Spyder,775941,775941,其他入库,6941816918599,1,1,0,24124CS525MN26,烟灰色裤子,烟灰色,,2026-02-01 12:16:00,2026-02-03 15:00:44,待上架,待上架,,,,合肥仓
Spyder,775941,775941,其他入库,6942105390638,1,1,0,24124CS437MG15,青提绿T恤,青提绿,,2026-02-01 12:16:00,2026-02-03 15:00:44,待上架,待上架,,,,合肥仓
Spyder,775941,775941,其他入库,6942105390621,1,1,0,24124CS437MG15,青提绿T恤,青提绿,,2026-02-01 12:16:00,2026-02-03 15:00:43,待上架,待上架,,,,合肥仓
Spyder,775941,775941,其他入库,6941816942884,1,1,0,24324MF406W0MT,灰绿色T恤,灰绿,,2026-02-01 12:16:00,2026-02-03 15:00:44,待上架,待上架,,,,合肥仓
Spyder,775941,775941,其他入库,6941816943171,1,1,0,24324MF419MG08,墨青绿POLO衫,墨青绿,,2026-02-01 12:16:00,2026-02-03 15:00:43,待上架,待上架,,,,合肥仓
Spyder,775941,775941,其他入库,6941816947902,1,1,0,24324EF543M335,深棕绿裤子,深棕叶绿;深棕绿,,2026-02-01 12:16:00,2026-02-03 15:00:45,待上架,待上架,,,,合肥仓
Spyder,775941,775941,其他入库,6941816960185,1,1,0,24424MF225M001,黑色羽绒服,黑色,,2026-02-01 12:16:00,2026-02-03 15:00:45,待上架,待上架,,,,合肥仓
Spyder,775941,775941,其他入库,6941816947766,1,1,0,24324EF325ME08,灰杏色卫衣,灰杏色,,2026-02-01 12:16:00,2026-02-03 15:00:44,待上架,待上架,,,,合肥仓
Spyder,775941,775941,其他入库,6941816997839,1,1,0,24324CF218WG25,冰谷青背心,冰谷青,,2026-02-01 12:16:00,2026-02-03 15:00:45,待上架,待上架,,,,合肥仓
Spyder,775941,775941,其他入库,6942105377561,1,1,0,24124MR105M001,黑色夹克,黑色,,2026-02-01 12:16:00,2026-02-03 15:00:43,待上架,待上架,,,,合肥仓
Spyder,775941,775941,其他入库,6942105391376,1,1,0,24124ES485M906,炭灰色T恤,炭灰色,,2026-02-01 12:16:00,2026-02-03 15:00:44,待上架,待上架,,,,合肥仓
Spyder,775941,775941,其他入库,6941767149493,1,1,0,23223CS419MN18,紫雾灰T恤,紫雾灰,,2026-02-01 12:16:00,2026-02-03 15:00:43,待上架,待上架,,,,合肥仓
Spyder,775941,775941,其他入库,6941767151472,1,1,0,23223CS504W001,黑色裤子,黑色,,2026-02-01 12:16:00,2026-02-03 15:00:44,待上架,待上架,,,,合肥仓
Spyder,775955,EB2601300030607,退货入库,6941816960079,1,1,1,24424MF217M001,黑色羽绒服,黑色,,2026-02-01 12:24:01,2026-02-02 16:45:46,已完成,已完成,2026-02-02 17:27:25,JDVA41668134028,,合肥仓
Spyder,775968,EB2601280019685,退货入库,6942133517236,1,1,1,25325CF119MO19,夹克,琥珀橙,,2026-02-01 14:03:00,2026-02-03 16:05:35,已完成,已完成,2026-02-03 16:36:20,73594430322791,,合肥仓
Spyder,775980,EB2601300026876,退货入库,6941816960284,1,1,1,24424MF227M001,黑色羽绒服,黑色,,2026-02-02 10:54:00,2026-02-04 13:41:50,已完成,已完成,2026-02-04 13:53:50,73594431525072,,合肥仓
Spyder,775981,EB2601300026876,退货入库,6942133510459,1,1,1,25425MF233M001,羽绒服,黑色,,2026-02-02 11:04:01,2026-02-04 13:37:52,已完成,已完成,2026-02-04 13:53:49,73594431541486,,合肥仓
Spyder,775985,EB2601230036293,退货入库,6941816997006,1,1,1,24324CF109M001,黑色夹克,黑色,,2026-02-01 12:48:00,2026-02-05 16:00:42,已完成,已完成,2026-02-05 16:02:08,772056008277973,,合肥仓
Spyder,775997,EB2601290027367,退货入库,6941816959851,1,1,1,24424MF208WN13,豆蔻青羽绒服,豆蔻青,,2026-02-01 13:23:00,2026-02-02 18:54:32,已完成,已完成,2026-02-02 18:54:51,SF5124032384178,,合肥仓
Spyder,776004,EB2601280042469,退货入库,6941816947704,1,1,1,24324EF325M001,黑色卫衣,黑色,,2026-02-01 16:49:00,2026-02-04 17:37:25,已完成,已完成,2026-02-04 17:40:18,435027033313873,,合肥仓
Spyder,776028,EB2601270003529,退货入库,6932472791657,1,1,1,25325EF229M001,羽绒服,黑色,,2026-02-01 15:12:01,2026-02-03 16:09:16,已完成,已完成,2026-02-03 16:36:21,73594446235209,,合肥仓
Spyder,776066,EB2601290047622,退货入库,6942133548643,1,1,1,26102TE26101KM001,短袖T恤,黑色,,2026-02-01 14:27:00,2026-02-03 10:27:20,已完成,已完成,2026-02-03 10:59:06,JDX048683710903,,合肥仓
Spyder,776069,EB2601260043824,退货入库,6905853736738,1,1,1,22222CS436WP06,T恤,银铃紫,,2026-02-01 15:54:00,2026-02-05 09:19:31,已完成,已完成,2026-02-05 11:44:44,1315206856733,,合肥仓
Spyder,776086,EB2601270021611,换货入库,6942133528317,1,1,1,25425CF217M001,羽绒服,黑色,,2026-02-02 09:32:01,2026-02-06 10:01:29,已完成,已完成,2026-02-06 11:02:26,JDX048684624349,,合肥仓
Spyder,776088,EB2601300032481,退货入库,6932472729155,1,1,1,24424XF277M001,黑色三合一夹克,黑色,,2026-02-02 09:53:01,2026-02-09 09:25:25,已完成,已完成,2026-02-09 11:17:53,JDX048684631567,,合肥仓
Spyder,776091,EB2601260000056,退货入库,6941816947926,1,1,1,24324EF543MN02,深灰色裤子,深灰色;灰色,,2026-02-02 18:05:00,2026-02-06 17:06:04,已完成,已完成,2026-02-06 17:55:48,YT2537104868027,,合肥仓
Spyder,776095,EB2601240021959,退货入库,6941816947858,1,1,1,24324EF543M001,黑色裤子,黑色,,2026-02-01 16:33:00,2026-02-03 11:24:49,已完成,已完成,2026-02-03 11:54:38,773404789681194,,合肥仓
Spyder,776096,EB2601270022581,退货入库,6905853735748,1,1,1,22122CS311MN11,卫衣,麻灰,,2026-02-01 16:33:01,2026-02-03 11:24:55,已完成,已完成,2026-02-03 11:54:38,773404789681194,,合肥仓
Spyder,776102,EB2601290037765,退货入库,6941816959509,1,1,1,24424EF225M001,黑色羽绒服,黑色,,2026-02-01 17:22:00,2026-02-04 14:05:58,已完成,已完成,2026-02-04 14:06:17,JT0021778377550,,合肥仓
Spyder,776104,EB2601260021144,退货入库,6941816947957,1,1,1,24324EF543MN02,深灰色裤子,深灰色;灰色,,2026-02-01 16:34:00,2026-02-03 17:00:42,已完成,已完成,2026-02-03 17:41:15,773404791313671,,合肥仓
Spyder,776108,EB2601300027032,退货入库,6905853735779,1,1,1,22122CS311MP06,卫衣,银铃紫,,2026-02-01 17:19:00,2026-02-03 14:13:36,已完成,已完成,2026-02-03 15:08:17,JT0021782870435,,合肥仓
Spyder,776109,EB2601300027032,退货入库,6942133511289,1,1,1,25425MF527MN90,裤子,月石灰,,2026-02-01 17:19:00,2026-02-03 14:13:18,已完成,已完成,2026-02-03 15:08:17,JT0021782870435,,合肥仓
Spyder,776121,EB2601280032892,退货入库,6941816947605,1,1,1,24324EF171MMHG,黑色/绿色夹克,黑色/绿色,,2026-02-01 15:20:03,2026-02-03 17:08:03,已完成,已完成,2026-02-03 17:41:16,773404770690298,,合肥仓
Spyder,776123,EB2601290017622,退货入库,6942105344990,1,1,1,23423CF309M001,黑色卫衣,黑色,,2026-02-01 15:26:00,2026-02-03 10:29:16,已完成,已完成,2026-02-03 10:59:06,JDVA41674074054,,合肥仓
Spyder,776126,EB2601300027858,退货入库,6942105348936,1,1,1,99923EF133M001,黑色冲锋衣,黑色,,2026-02-01 15:44:00,2026-02-03 11:06:56,已完成,已完成,2026-02-03 11:54:34,73594468460860,,合肥仓
Spyder,776133,EB2601280036572,退货入库,6942133525453,1,1,1,25425CF431MN22,T恤,灰铜绿,,2026-02-01 17:04:00,2026-02-04 17:36:16,已完成,已完成,2026-02-04 17:40:17,312953644281939,,合肥仓
Spyder,776135,EB2601290041665,退货入库,6941816959677,1,1,1,24424EF249M335,深棕绿三合一夹克,深棕叶绿;深棕绿,,2026-02-02 16:11:02,2026-02-03 16:39:29,已完成,已完成,2026-02-03 17:41:12,JDX048689005288,,合肥仓
Spyder,776157,EB2601270021292,退货入库,6942133525835,1,1,1,25325CF535M001,裤子,黑色,,2026-02-01 19:04:00,2026-02-03 11:08:26,已完成,已完成,2026-02-03 11:54:34,73594476913456,,合肥仓
Spyder,776172,EB2601290042145,退货入库,6942133530440,1,1,1,25425CF127M001,夹克,黑色,,2026-02-01 17:49:00,2026-02-02 16:24:19,已完成,已完成,2026-02-02 17:27:22,JT3152335433543,,合肥仓
Spyder,776176,EB2601290040133,退货入库,6942133511340,1,1,1,25425MF529M001,裤子,黑色,,2026-02-01 16:32:00,2026-02-04 09:48:01,已完成,已完成,2026-02-04 11:14:07,JDVA41676466235,,合肥仓
Spyder,776183,EB2601280048657,退货入库,6932472791985,1,1,1,25325EF417M001,T恤,黑色,,2026-02-01 17:04:01,2026-02-05 15:39:37,已完成,已完成,2026-02-05 15:53:55,1346420005918,,合肥仓
Spyder,776185,EB2601260036824,退货入库,6942133529550,1,1,1,25425CF241MP16,羽绒服,凝夜紫,,2026-02-07 18:51:00,2026-02-09 10:34:58,已完成,已完成,2026-02-09 11:17:58,SF5126062116716,,合肥仓
Spyder,776190,EB2601290040733,退货入库,6932472791282,1,1,1,25325EF119M001,冲锋衣,黑色,,2026-02-01 21:04:01,2026-02-04 13:35:22,已完成,已完成,2026-02-04 13:53:49,73594483617380,,合肥仓
Spyder,776191,EB2601290040733,退货入库,6932472701939,1,1,1,24424EF161M335,深棕绿冲锋衣,深棕叶绿;深棕绿,,2026-02-01 21:04:01,2026-02-04 13:35:12,已完成,已完成,2026-02-04 13:53:49,73594483617380,,合肥仓
Spyder,776192,EB2601290040733,退货入库,6932472701885,1,1,1,24424EF161M001,黑色冲锋衣,黑色,,2026-02-01 21:04:00,2026-02-04 13:35:03,已完成,已完成,2026-02-04 13:53:49,73594483617380,,合肥仓
Spyder,776197,EB2601270045827,退货入库,6941816960628,1,1,1,24424MR201MN22,灰铜绿羽绒服,灰铜绿,,2026-02-01 16:50:01,2026-02-04 13:18:53,已完成,已完成,2026-02-04 13:53:47,78977973331672,,合肥仓
Spyder,776202,EB2601290036072,退货入库,6932472701991,1,1,1,24424EF161MB01,藏青色冲锋衣,藏青色1,,2026-02-01 17:00:01,2026-02-03 10:12:35,已完成,已完成,2026-02-03 10:59:03,JDVA41677388905,,合肥仓
Spyder,776203,EB2601300037845,退货入库,6942105344570,1,1,1,23423CF220WE01,米色羽绒服,米白色,,2026-02-01 17:03:00,2026-02-04 13:29:17,已完成,已完成,2026-02-04 13:53:49,78978808341429,,合肥仓
Spyder,776213,EB2601260028428,退货入库,6942133512941,1,1,1,253CP25FW225M246,羽绒服,苔藓黄,,2026-02-02 09:41:00,2026-02-04 09:35:45,已完成,已完成,2026-02-04 11:14:06,SF5124677043247,,合肥仓
Spyder,776214,EB2601310026627,退货入库,6941816959172,1,1,1,24324MR204W001,黑色羽绒服,黑色,,2026-02-03 09:29:00,2026-02-04 18:48:41,已完成,已完成,2026-02-04 19:01:59,JDX048743005227,,合肥仓
Spyder,776226,EB2601270018930,退货入库,6941816958274,1,1,1,24324MF104W001,黑色夹克,黑色,,2026-02-01 19:33:00,2026-02-02 18:56:01,已完成,已完成,2026-02-02 19:21:24,SF5124427863671,,合肥仓
Spyder,776227,EB2601290044514,退货入库,6932472701915,1,1,1,24424EF161M001,黑色冲锋衣,黑色,,2026-02-02 10:04:00,2026-02-04 17:25:57,已完成,已完成,2026-02-04 17:40:16,73594493954085,,合肥仓
Spyder,776228,EB2601290044514,退货入库,6932472791312,1,1,1,25325EF119M001,冲锋衣,黑色,,2026-02-02 10:04:01,2026-02-04 17:26:12,已完成,已完成,2026-02-04 17:40:16,73594493954085,,合肥仓
Spyder,776232,EB2601300023599,退货入库,6942105389427,1,1,1,24124CS304WN19,玉石灰卫衣,玉石灰,,2026-02-02 08:11:00,2026-02-04 15:53:27,已完成,已完成,2026-02-04 16:06:00,SF5124420391300,,合肥仓
Spyder,776233,EB2601250024359,退货入库,6932472728875,1,1,1,25125CS543M001,黑色裤子,黑色,,2026-02-01 18:30:02,2026-02-02 18:54:25,已完成,已完成,2026-02-02 18:54:51,SF5124424268397,,合肥仓
Spyder,776250,,退货入库,6942133509491,1,1,1,25325MR216W001,羽绒服,黑色,,2026-02-01 18:01:00,2026-02-02 09:32:53,已完成,已完成,2026-02-02 10:39:33,631147208263367,,合肥仓
Spyder,776257,EB2601270043974,退货入库,6941767151557,1,1,1,23223CS505M001,黑色裤子,黑色,,2026-02-01 18:10:01,2026-02-04 17:09:13,已完成,已完成,2026-02-04 17:40:10,JDVA41679268501,,合肥仓
Spyder,776262,EB2601290037275,退货入库,6942133528287,1,1,1,25425CF217M001,羽绒服,黑色,,2026-02-02 09:24:00,2026-02-04 10:05:49,已完成,已完成,2026-02-04 11:14:09,JDX048700631930,,合肥仓
Spyder,776270,EB2601290045360,退货入库,6941816959646,1,1,1,24424EF249M001,黑色三合一夹克,黑色,,2026-02-02 08:58:00,2026-02-04 11:18:39,已完成,已完成,2026-02-04 11:34:35,JDX048723805534,,合肥仓
Spyder,776276,EB2601290037763,退货入库,6942133510145,1,1,1,25425MF206W001,羽绒服,黑色,,2026-02-01 18:45:00,2026-02-04 16:55:56,已完成,已完成,2026-02-04 17:40:09,JT0021784587921,,合肥仓
Spyder,776279,EB2601300037977,换货入库,6942105346901,1,1,1,23423MF225MB22,云山蓝羽绒服,云山蓝,,2026-02-01 18:52:00,2026-02-02 16:12:05,已完成,已完成,2026-02-02 17:27:20,78979381154619,,合肥仓
Spyder,776281,EB2601280045746,退货入库,6942133528607,1,1,1,25325CF419M001,POLO衫,黑色,,2026-02-02 10:47:00,2026-02-05 13:35:34,已完成,已完成,2026-02-05 14:56:14,631147493856064,,合肥仓
Spyder,776283,EB2601290041188,退货入库,6942133527488,1,1,1,25325CF417M001,T恤,黑色,,2026-02-02 17:13:00,2026-02-05 15:53:13,已完成,已完成,2026-02-05 15:53:58,73594503806840,,合肥仓
Spyder,776322,EB2601290041821,退货入库,6932472792081,1,1,1,25325EF417MW03,T恤,鸟羽白,,2026-02-02 09:34:00,2026-02-05 15:46:50,已完成,已完成,2026-02-05 15:53:57,1315676287633,,合肥仓
Spyder,776329,EB2602010022677,退货入库,6942133509491,1,1,1,25325MR216W001,羽绒服,黑色,,2026-02-01 19:27:00,2026-02-02 15:14:34,已完成,已完成,2026-02-02 15:17:09,78979217638385,,合肥仓
Spyder,776340,EB2601260046611,退货入库,6942133525965,1,1,1,25425CF235M001,羽绒服,黑色,,2026-02-01 19:35:00,2026-02-05 10:24:16,已完成,已完成,2026-02-05 11:44:52,JDVA41681037588,,合肥仓
Spyder,776370,EB2601290031209,退货入库,6942105349070,1,1,1,99923ER107M001,黑色夹克,黑色,,2026-02-02 09:42:00,2026-02-05 10:36:39,已完成,已完成,2026-02-05 11:44:54,JDX048723156410,,合肥仓
Spyder,776388,EB2601270044697,退货入库,6941816997983,1,1,1,24324CF237MG25,冰谷青背心,冰谷青,,2026-02-02 10:39:00,2026-02-04 13:45:11,已完成,已完成,2026-02-04 13:53:51,631147491421111,,合肥仓
Spyder,776425,776425,其他入库,6941816998010,1,1,0,24324CF253M001,黑色羽绒服,黑色,,2026-02-01 21:16:00,2026-02-03 14:37:00,待上架,待上架,,,,合肥仓
Spyder,776425,776425,其他入库,6905853736646,1,1,0,22222CS434WP06,运动内衣,银铃紫,,2026-02-01 21:16:00,2026-02-03 14:37:00,待上架,待上架,,,,合肥仓
Spyder,776425,776425,其他入库,6905853736684,1,1,0,22222CS436W001,T恤,黑色,,2026-02-01 21:16:00,2026-02-03 14:37:00,待上架,待上架,,,,合肥仓
Spyder,776425,776425,其他入库,6905853736721,1,1,0,22222CS436WP06,T恤,银铃紫,,2026-02-01 21:16:00,2026-02-03 14:37:00,待上架,待上架,,,,合肥仓
Spyder,776425,776425,其他入库,6905853737551,1,1,0,22222CS532WN02,紧身裤,深灰色;灰色,,2026-02-01 21:16:00,2026-02-03 14:37:00,待上架,待上架,,,,合肥仓
Spyder,776425,776425,其他入库,6932472706668,1,1,0,24424CF234WE07,湖木色羽绒服,E07,,2026-02-01 21:16:00,2026-02-03 14:36:59,待上架,待上架,,,,合肥仓
Spyder,776425,776425,其他入库,6932472706675,1,1,0,24424CF234WE07,湖木色羽绒服,E07,,2026-02-01 21:16:00,2026-02-03 14:37:00,待上架,待上架,,,,合肥仓
Spyder,776425,776425,其他入库,6932472706927,1,1,0,24424CF240WR03,野莓粉羽绒服,野梅粉,,2026-02-01 21:16:00,2026-02-03 14:37:00,待上架,待上架,,,,合肥仓
Spyder,776425,776425,其他入库,6932472708419,1,1,0,24424CR401M001,黑色T恤,黑色,,2026-02-01 21:16:00,2026-02-03 14:36:59,待上架,待上架,,,,合肥仓
Spyder,776425,776425,其他入库,6941816997815,1,1,0,24324CF218W001,黑色背心,黑色,,2026-02-01 21:16:00,2026-02-03 14:37:00,待上架,待上架,,,,合肥仓
Spyder,776425,776425,其他入库,6941816925177,1,1,0,24124CS901U600,红色帽子,RED；红色,,2026-02-01 21:16:00,2026-02-03 14:36:59,待上架,待上架,,,,合肥仓
Spyder,776425,776425,其他入库,6941816942495,1,1,0,24324MF311M001,黑色卫衣,黑色,,2026-02-01 21:16:00,2026-02-03 14:36:59,待上架,待上架,,,,合肥仓
Spyder,776425,776425,其他入库,6942105308329,1,1,0,23323CF409M001,黑色T恤,黑色,,2026-02-01 21:16:00,2026-02-03 14:37:00,待上架,待上架,,,,合肥仓
Spyder,776435,EB2601250034262,退货入库,6932472792036,1,1,1,25325EF417MN15,T恤,磁石灰,,2026-02-02 09:44:00,2026-02-07 09:42:48,已完成,已完成,2026-02-07 10:29:35,1346859634918,,合肥仓
Spyder,776446,EB2601300024283,退货入库,6932472760448,1,1,1,25125CS201M001,黑色三合一夹克,黑色,,2026-02-02 10:41:01,2026-02-05 10:32:05,已完成,已完成,2026-02-05 11:44:53,JDX048714158021,,合肥仓
Spyder,776458,EB2601250001925,退货入库,6932472791350,1,1,1,25325EF119MG25,冲锋衣,冰谷青,,2026-02-02 11:04:00,2026-02-05 11:16:44,已完成,已完成,2026-02-05 11:44:59,73594533527163,,合肥仓
Spyder,776482,EB2601300024580,退货入库,6942133507008,1,1,1,25325MF305M001,卫衣,黑色,,2026-02-01 22:06:00,2026-02-04 09:42:32,已完成,已完成,2026-02-04 11:14:07,JDVA41683633780,,合肥仓
Spyder,776486,EB2601270010181,退货入库,6941816960611,1,1,1,24424MR201MN22,灰铜绿羽绒服,灰铜绿,,2026-02-01 22:08:00,2026-02-03 16:35:51,已完成,已完成,2026-02-03 16:36:25,JDVA41683654014,,合肥仓
Spyder,776495,EB2601290045595,退货入库,6941816960277,1,1,1,24424MF227M001,黑色羽绒服,黑色,,2026-02-02 09:32:01,2026-02-04 09:52:43,已完成,已完成,2026-02-04 11:14:08,SF5100806323634,,合肥仓
Spyder,776509,EB2601290024001,退货入库,6932472706644,1,1,1,24424CF234W001,黑色羽绒服,黑色,,2026-02-01 22:47:00,2026-02-03 16:32:09,已完成,已完成,2026-02-03 16:36:24,JDVA41684213310,,合肥仓
Spyder,776527,EB2601280038287,退货入库,6932472791398,1,1,1,25325EF201M001,羽绒服,黑色,,2026-02-02 10:24:01,2026-02-04 13:27:48,已完成,已完成,2026-02-04 13:53:48,73594543077536,,合肥仓
Spyder,776535,EB2601280027754,退货入库,6942133525415,1,1,1,25425CF431M001,T恤,黑色,,2026-02-03 17:57:00,2026-02-06 11:14:29,已完成,已完成,2026-02-06 11:54:08,JDX048722363411,,合肥仓
Spyder,776560,EB2601300028543,退货入库,6941816947858,1,1,1,24324EF543M001,黑色裤子,黑色,,2026-02-02 09:51:00,2026-02-04 09:51:04,已完成,已完成,2026-02-04 11:14:07,JDX048721198781,,合肥仓
Spyder,776569,EB2601280049587,退货入库,6942133527532,1,1,1,25325CF417MN22,T恤,灰铜绿,,2026-02-02 12:03:01,2026-02-05 11:14:56,已完成,已完成,2026-02-05 11:44:59,73594549509149,,合肥仓
Spyder,776583,776583,其他入库,6905853737414,1,1,0,22222CS524WB17,紧身裤,石磨蓝,,2026-02-02 06:17:00,2026-02-03 15:04:43,待上架,待上架,,,,合肥仓
Spyder,776583,776583,其他入库,6932472706903,1,1,0,24424CF240W001,黑色羽绒服,黑色,,2026-02-02 06:17:00,2026-02-03 15:04:42,待上架,待上架,,,,合肥仓
Spyder,776583,776583,其他入库,6941816943263,1,1,0,24324MF505M001,黑色裤子,黑色,,2026-02-02 06:17:00,2026-02-03 15:04:43,待上架,待上架,,,,合肥仓
Spyder,776583,776583,其他入库,6941816959325,1,1,0,24324MR225MN22,灰铜绿羽绒服,灰铜绿,,2026-02-02 06:17:00,2026-02-03 15:04:42,待上架,待上架,,,,合肥仓
Spyder,776583,776583,其他入库,6932472706644,1,1,0,24424CF234W001,黑色羽绒服,黑色,,2026-02-02 06:17:00,2026-02-03 15:21:06,待上架,待上架,,,,合肥仓
Spyder,776583,776583,其他入库,6932472706705,1,1,0,24424CF236W001,黑色羽绒服,黑色,,2026-02-02 06:17:00,2026-02-03 15:07:33,待上架,待上架,,,,合肥仓
Spyder,776583,776583,其他入库,6932472707191,1,1,0,24424CF260W001,黑色滑雪服装,黑色,,2026-02-02 06:17:00,2026-02-03 15:04:43,待上架,待上架,,,,合肥仓
Spyder,776583,776583,其他入库,6941816999987,1,1,0,24424CF510WC09,栗子棕裤子,C09,,2026-02-02 06:17:00,2026-02-03 15:04:42,待上架,待上架,,,,合肥仓
Spyder,776583,776583,其他入库,6932472706385,1,1,0,24424CF221MC12,枯木棕羽绒服,枯木棕,,2026-02-02 06:17:00,2026-02-03 15:07:33,待上架,待上架,,,,合肥仓
Spyder,776583,776583,其他入库,6932472706927,1,1,0,24424CF240WR03,野莓粉羽绒服,野梅粉,,2026-02-02 06:17:00,2026-02-03 15:07:32,待上架,待上架,,,,合肥仓
Spyder,776583,776583,其他入库,6932472706583,1,1,0,24424CF232W001,黑色羽绒服,黑色,,2026-02-02 06:17:00,2026-02-03 15:07:33,待上架,待上架,,,,合肥仓
Spyder,776583,776583,其他入库,6932472706682,1,1,0,24424CF236W001,黑色羽绒服,黑色,,2026-02-02 06:17:00,2026-02-03 15:07:33,待上架,待上架,,,,合肥仓
Spyder,776583,776583,其他入库,6932472706705,1,1,0,24424CF236W001,黑色羽绒服,黑色,,2026-02-02 06:17:00,2026-02-03 15:04:43,待上架,待上架,,,,合肥仓
Spyder,776583,776583,其他入库,6941816943201,1,1,0,24324MF502W001,黑色裤子,黑色,,2026-02-02 06:17:00,2026-02-03 15:07:32,待上架,待上架,,,,合肥仓
Spyder,776583,776583,其他入库,6941816959417,1,1,0,24424EF207U001,黑色羽绒服,黑色,,2026-02-02 06:17:00,2026-02-03 15:07:32,待上架,待上架,,,,合肥仓
Spyder,776583,776583,其他入库,6941816959783,1,1,0,24424MF203M001,黑色羽绒服,黑色,,2026-02-02 06:17:00,2026-02-03 15:07:33,待上架,待上架,,,,合肥仓
Spyder,776583,776583,其他入库,6942105307971,1,1,0,23323CF310W670,羽毛灰卫衣,羽毛灰,,2026-02-02 06:17:00,2026-02-03 15:07:32,待上架,待上架,,,,合肥仓
Spyder,776583,776583,其他入库,6942105309128,1,1,0,23323CF507MB01,藏青色裤子,藏青色1,,2026-02-02 06:17:00,2026-02-03 15:07:33,待上架,待上架,,,,合肥仓
Spyder,776583,776583,其他入库,6942105309555,1,1,0,23323CF516W670,羽毛灰裤子,羽毛灰,,2026-02-02 06:17:00,2026-02-03 15:07:32,待上架,待上架,,,,合肥仓
Spyder,776583,776583,其他入库,6942105345225,1,1,0,23423CF314WC06,布朗棕卫衣,布朗棕,,2026-02-02 06:17:00,2026-02-03 15:07:33,待上架,待上架,,,,合肥仓
Spyder,776583,776583,其他入库,6942105345997,1,1,0,23423CF520WC06,布朗棕裤子,布朗棕,,2026-02-02 06:17:00,2026-02-03 15:07:33,待上架,待上架,,,,合肥仓
Spyder,776583,776583,其他入库,6942105391383,1,1,0,24124ES485M906,炭灰色T恤,炭灰色,,2026-02-02 06:17:00,2026-02-03 15:07:32,待上架,待上架,,,,合肥仓
Spyder,776583,776583,其他入库,6905853196389,1,1,0,19319CF914UY01,黄色帽子,黄色,,2026-02-02 06:17:00,2026-02-03 15:21:06,待上架,待上架,,,,合肥仓
Spyder,776583,776583,其他入库,6932472701335,1,1,0,24424CF321M001,黑色卫衣,黑色,,2026-02-02 06:17:00,2026-02-03 15:21:06,待上架,待上架,,,,合肥仓
Spyder,776583,776583,其他入库,6932472701335,1,1,0,24424CF321M001,黑色卫衣,黑色,,2026-02-02 06:17:00,2026-02-03 15:21:06,待上架,待上架,,,,合肥仓
Spyder,776583,776583,其他入库,6932472706644,1,1,0,24424CF234W001,黑色羽绒服,黑色,,2026-02-02 06:17:00,2026-02-03 15:04:42,待上架,待上架,,,,合肥仓
Spyder,776583,776583,其他入库,6932472706699,1,1,0,24424CF236W001,黑色羽绒服,黑色,,2026-02-02 06:17:00,2026-02-03 15:21:06,待上架,待上架,,,,合肥仓
Spyder,776583,776583,其他入库,6932472708143,1,1,0,24424XF251M001,黑色背心,黑色,,2026-02-02 06:17:00,2026-02-03 15:21:06,待上架,待上架,,,,合肥仓
Spyder,776583,776583,其他入库,6941767150406,1,1,0,23223CS431MN09,科技灰T恤,科技灰,,2026-02-02 06:17:00,2026-02-03 15:21:06,待上架,待上架,,,,合肥仓
Spyder,776583,776583,其他入库,6941816958908,1,1,0,24324MF237M001,黑色背心,黑色,,2026-02-02 06:17:00,2026-02-03 15:21:06,待上架,待上架,,,,合肥仓
Spyder,776583,776583,其他入库,6941816959493,1,1,0,24424EF225M001,黑色羽绒服,黑色,,2026-02-02 06:17:00,2026-02-03 15:21:06,待上架,待上架,,,,合肥仓
Spyder,776583,776583,其他入库,6941816998539,1,1,0,24324CF412WC11,暖杏色T恤,C11,,2026-02-02 06:17:00,2026-02-03 15:21:06,待上架,待上架,,,,合肥仓
Spyder,776583,776583,其他入库,6942105347182,1,1,0,23423MF247M2OK,游牧灰棉服,游牧灰,,2026-02-02 06:17:00,2026-02-03 15:21:06,待上架,待上架,,,,合肥仓
Spyder,776610,EB2601280035228,退货入库,6932472729155,1,1,1,24424XF277M001,黑色三合一夹克,黑色,,2026-02-02 09:17:01,2026-02-05 17:23:22,已完成,已完成,2026-02-05 17:29:57,73594561987867,,合肥仓
Spyder,776611,EB2601290040139,退货入库,6941816959417,1,1,1,24424EF207U001,黑色羽绒服,黑色,,2026-02-02 12:03:00,2026-02-05 10:26:34,已完成,已完成,2026-02-05 11:44:52,JDX048725663503,,合肥仓
Spyder,776612,EB2601280035228,退货入库,6942133530563,1,1,1,25325CF221MC17,三合一,榆木棕,,2026-02-02 09:24:00,2026-02-05 17:22:58,已完成,已完成,2026-02-05 17:29:57,73594561998862,,合肥仓
Spyder,776613,EB2601250007208,退货入库,6932472791848,1,1,1,25325EF401M001,T恤,黑色,,2026-02-03 13:24:00,2026-02-06 15:39:26,已完成,已完成,2026-02-06 15:39:57,312953907627349,,合肥仓
Spyder,776625,EB2601280025785,退货入库,6942133518257,1,1,1,25325CF427M001,T恤,黑色,,2026-02-02 11:04:00,2026-02-05 11:37:31,已完成,已完成,2026-02-05 11:45:02,73594565539700,,合肥仓
Spyder,776632,EB2601310021527,退货入库,6942105308015,1,1,1,23323CF318WP09,暮光紫卫衣,暮光紫,,2026-02-02 10:37:00,2026-02-04 17:50:51,已完成,已完成,2026-02-04 18:36:53,YT2537129132747,,合肥仓
Spyder,776637,EB2601280044406,退货入库,6905853880684,1,1,1,22222ES441U100,T恤,白色,,2026-02-02 17:48:01,2026-02-05 15:35:18,已完成,已完成,2026-02-05 15:53:55,772056010176802,,合肥仓
Spyder,776638,EB2601290026420,换货入库,6941816947841,1,1,1,24324EF543M001,黑色裤子,黑色,,2026-02-02 12:04:00,2026-02-05 09:21:32,已完成,已完成,2026-02-05 11:44:44,1315996905833,,合肥仓
Spyder,776639,EB2601310015253,退货入库,6932472706095,1,1,1,24424CF213M001,黑色羽绒服,黑色,,2026-02-02 09:13:00,2026-02-04 16:57:22,已完成,已完成,2026-02-04 17:40:09,78978851849305,,合肥仓
Spyder,776640,EB2601290027157,换货入库,6942133527518,1,1,1,25325CF417M001,T恤,黑色,,2026-02-02 12:28:00,2026-02-04 17:22:01,已完成,已完成,2026-02-04 17:40:16,YT2541764270306,,合肥仓
Spyder,776662,EB2601280007338,退货入库,6942133510640,1,1,1,25425MF245M001,羽绒服,黑色,,2026-02-03 13:42:00,2026-02-05 16:35:44,已完成,已完成,2026-02-05 17:29:51,YT2582312982210,,合肥仓
Spyder,776672,EB2601300024285,退货入库,6942133517212,1,1,1,25325CF119MP14,夹克,靛青紫,,2026-02-02 11:14:01,2026-02-04 13:44:00,已完成,已完成,2026-02-04 13:53:50,73594592197909,,合肥仓
Spyder,776682,EB2601300026875,退货入库,6905853292234,1,1,1,19419CF942U001,黑色袜子,黑色,,2026-02-02 10:56:00,2026-02-04 13:42:02,已完成,已完成,2026-02-04 13:53:50,73594431525072,,合肥仓
Spyder,776683,EB2601300036463,退货入库,6941816918711,1,1,1,24124CS541M001,黑色裤子,黑色,,2026-02-02 12:26:01,2026-02-04 17:14:54,已完成,已完成,2026-02-04 17:40:16,631147529046283,,合肥仓
Spyder,776684,EB2601300036462,退货入库,6941767119410,1,1,1,22422CF523M001,黑色裤子,黑色,,2026-02-02 12:26:00,2026-02-04 17:14:44,已完成,已完成,2026-02-04 17:40:16,631147529046283,,合肥仓
Spyder,776693,EB2601290021917,退货入库,6942133528294,1,1,1,25425CF217M001,羽绒服,黑色,,2026-02-03 17:17:00,2026-02-05 11:21:35,已完成,已完成,2026-02-05 11:45:00,73594602376498,,合肥仓
Spyder,776694,EB2601310028572,退货入库,6941816947896,1,1,1,24324EF543M335,深棕绿裤子,深棕叶绿;深棕绿,,2026-02-02 11:20:03,2026-02-04 09:54:08,已完成,已完成,2026-02-04 11:14:08,JDVA41698251599,,合肥仓
Spyder,776719,EB2601260049901,退货入库,6942133545055,1,1,1,26102OE26101KM001,短袖POLO衫,黑色,,2026-02-02 12:52:00,2026-02-04 09:49:32,已完成,已完成,2026-02-04 11:14:07,JDX048736743924,,合肥仓
Spyder,776736,EB2602010015477,退货入库,6941816959622,1,1,1,24424EF249M001,黑色三合一夹克,黑色,,2026-02-02 12:23:00,2026-02-03 17:29:17,已完成,已完成,2026-02-03 17:41:18,JDVA41700202640,,合肥仓
Spyder,776739,EB2601250024684,退货入库,6941816960390,1,0,0,24424MF523M001,黑色裤子,黑色,,2026-02-02 12:27:00,,待收货,待收货,,JDVA41700378849,,合肥仓
Spyder,776741,EB2601250024684,退货入库,6941816943379,1,0,0,24324MF511M001,黑色裤子,黑色,,2026-02-02 12:27:01,,待收货,待收货,,JDVA41700378849,,合肥仓
Spyder,776748,EB2601270022272,退货入库,6932472792074,1,1,1,25325EF417MW03,T恤,鸟羽白,,2026-02-02 13:24:01,2026-02-03 16:04:20,已完成,已完成,2026-02-03 16:36:20,73594619571606,,合肥仓
Spyder,776760,EB2601250044854,退货入库,6942105377820,1,1,1,24124MR323M001,黑色卫衣,黑色,,2026-02-02 13:37:00,2026-02-05 13:42:19,已完成,已完成,2026-02-05 14:56:15,772056067612120,,合肥仓
Spyder,776761,EB2601250040339,退货入库,6932472791992,1,1,1,25325EF417M001,T恤,黑色,,2026-02-02 13:36:00,2026-02-05 13:41:59,已完成,已完成,2026-02-05 14:56:15,772056067612120,,合肥仓
Spyder,776762,EB2601250040339,退货入库,6942133509934,1,1,1,25325MR417MN17,T恤,浅云灰,,2026-02-02 13:37:00,2026-02-05 13:42:12,已完成,已完成,2026-02-05 14:56:15,772056067612120,,合肥仓
Spyder,776763,EB2601250040339,退货入库,6941816944659,1,1,1,24424MF417MB01,藏青色T恤,藏青色1,,2026-02-02 13:37:01,2026-02-05 13:42:26,已完成,已完成,2026-02-05 14:56:15,772056067612120,,合肥仓
Spyder,776764,EB2601310028558,退货入库,6932472753112,1,1,1,25125MS417M001,黑色POLO衫,黑色,,2026-02-02 15:39:00,2026-02-03 17:02:01,已完成,已完成,2026-02-03 17:41:15,YT2537140194076,,合肥仓
Spyder,776766,EB2601300020331,退货入库,6932472791992,1,1,1,25325EF417M001,T恤,黑色,,2026-02-02 15:24:00,2026-02-04 09:45:48,已完成,已完成,2026-02-04 11:14:07,JDX048741594150,,合肥仓
Spyder,776767,EB2601300020329,退货入库,6941816947865,1,1,1,24324EF543M001,黑色裤子,黑色,,2026-02-02 15:24:01,2026-02-04 09:45:59,已完成,已完成,2026-02-04 11:14:07,JDX048741594150,,合肥仓
Spyder,776781,EB2601290037015,退货入库,6941767107868,1,1,1,22422CF518WN02,深灰色裤子,深灰色;灰色,,2026-02-03 14:20:01,2026-02-05 11:34:17,已完成,已完成,2026-02-05 11:45:02,73594754359798,,合肥仓
Spyder,776788,EB2601260029408,退货入库,6932472717633,1,1,1,24424CF257UW84,白雪山纹滑雪服装,白雪山纹,,2026-02-02 15:18:01,2026-02-04 10:02:14,已完成,已完成,2026-02-04 11:14:09,SF5109506682201,,合肥仓
Spyder,776800,EB2601300030429,退货入库,6932472706675,1,1,1,24424CF234WE07,湖木色羽绒服,E07,,2026-02-03 10:14:00,2026-02-05 13:22:17,已完成,已完成,2026-02-05 14:56:12,YT2582277110491,,合肥仓
Spyder,776801,EB2601260037350,退货入库,6942133525958,1,1,1,25425CF235M001,羽绒服,黑色,,2026-02-02 17:10:01,2026-02-03 10:43:39,已完成,已完成,2026-02-03 10:59:08,SF1561813513257,,合肥仓
Spyder,776830,EB2601290035164,退货入库,6942105357334,1,1,1,24124XS501MXG9,海草绿,海草绿,,2026-02-02 17:10:01,2026-02-05 11:41:39,已完成,已完成,2026-02-05 11:45:03,73594641985381,,合肥仓
Spyder,776844,EB2601280046268,退货入库,6941816947940,1,1,1,24324EF543MN02,深灰色裤子,深灰色;灰色,,2026-02-02 15:54:01,2026-02-05 11:25:05,已完成,已完成,2026-02-05 11:45:00,73594646123668,,合肥仓
Spyder,776852,EB2601290040436,退货入库,6942133507084,1,1,1,25325MF307M001,卫衣,黑色,,2026-02-02 15:00:07,2026-02-05 15:48:13,已完成,已完成,2026-02-05 15:53:57,78978624739128,,合肥仓
Spyder,776855,EB2602010013959,退货入库,6942133544539,1,1,1,26102JO26155WM001,短款羽绒服,黑色,,2026-02-02 15:06:00,2026-02-03 10:09:09,已完成,已完成,2026-02-03 10:59:03,JDVA41705720719,,合肥仓
Spyder,776873,EB2601270032957,退货入库,6932472791633,1,1,1,25325EF229M001,羽绒服,黑色,,2026-02-02 16:36:01,2026-02-05 13:19:37,已完成,已完成,2026-02-05 14:56:12,773404995499219,,合肥仓
Spyder,776878,EB2601290021353,退货入库,6942133544263,1,1,1,26102JO26126KM001,针织夹克,黑色,,2026-02-02 16:39:00,2026-02-04 13:24:38,已完成,已完成,2026-02-04 13:53:48,773404996597010,,合肥仓
Spyder,776880,EB2601290022200,退货入库,6942133505677,1,1,1,25325MF111M001,夹克,黑色,,2026-02-02 16:40:00,2026-02-04 13:24:48,已完成,已完成,2026-02-04 13:53:48,773404996597010,,合肥仓
Spyder,776882,776882,其他入库,6905853736738,1,0,0,22222CS436WP06,T恤,银铃紫,,2026-02-02 15:48:00,,待收货,待收货,,,,合肥仓
Spyder,776883,EB2601240036932,退货入库,6941816959288,1,1,1,24324MR225M001,黑色羽绒服,黑色,,2026-02-02 16:41:00,2026-02-04 13:21:41,已完成,已完成,2026-02-04 13:53:48,773404997862641,,合肥仓
Spyder,776887,EB2601300016516,换货入库,6932472791534,1,1,1,25325EF205M001,棉服,黑色,,2026-02-02 16:53:00,2026-02-05 11:31:35,已完成,已完成,2026-02-05 11:45:01,73594659647951,,合肥仓
Spyder,776890,EB2601300042484,退货入库,6932472791732,1,1,1,25325EF247M001,棉服,黑色,,2026-02-02 17:24:00,2026-02-05 11:13:35,已完成,已完成,2026-02-05 11:44:59,73594658924253,,合肥仓
Spyder,776894,EB2601250040343,退货入库,6932472792104,1,1,1,25325EF417MW03,T恤,鸟羽白,,2026-02-02 17:36:01,2026-02-07 18:49:59,已完成,已完成,2026-02-07 19:23:11,1316561263133,,合肥仓
Spyder,776895,EB2601250040343,退货入库,6942105348936,1,1,1,99923EF133M001,黑色冲锋衣,黑色,,2026-02-02 17:36:00,2026-02-07 18:49:40,已完成,已完成,2026-02-07 19:23:11,1316561263133,,合肥仓
Spyder,776896,EB2601250040343,退货入库,6932472792142,1,1,1,25325EF517M001,裤子,黑色,,2026-02-02 17:36:01,2026-02-07 18:49:49,已完成,已完成,2026-02-07 19:23:11,1316561263133,,合肥仓
Spyder,776897,EB2601250040342,退货入库,6905853521709,1,1,1,21121CS962UY01,黄色包,黄色,,2026-02-02 17:38:00,2026-02-07 18:50:11,已完成,已完成,2026-02-07 19:23:11,1316561263133,,合肥仓
Spyder,776901,EB2601290033566,退货入库,6942133527501,1,1,1,25325CF417M001,T恤,黑色,,2026-02-02 19:52:00,2026-02-05 11:54:35,已完成,已完成,2026-02-05 14:56:11,73594661183426,,合肥仓
Spyder,776906,EB2601280032646,退货入库,6942133517243,1,1,1,25325CF119MO19,夹克,琥珀橙,,2026-02-03 13:14:00,2026-02-05 11:19:39,已完成,已完成,2026-02-05 11:45:00,73594662686498,,合肥仓
Spyder,776921,EB2602020021404,退货入库,6932472701892,2,2,2,24424EF161M001,黑色冲锋衣,黑色,,2026-02-02 16:28:00,2026-02-06 13:22:37,已完成,已完成,2026-02-06 14:27:11,75624543125897,,合肥仓
Spyder,776921,EB2602020021404,退货入库,6932472791992,1,1,1,25325EF417M001,T恤,黑色,,2026-02-02 16:28:00,2026-02-06 13:22:37,已完成,已完成,2026-02-06 14:27:11,75624543125897,,合肥仓
Spyder,776921,EB2602020021404,退货入库,6941816947681,1,1,1,24324EF325M001,黑色卫衣,黑色,,2026-02-02 16:28:00,2026-02-06 13:22:37,已完成,已完成,2026-02-06 14:27:11,75624543125897,,合肥仓
Spyder,776922,EB2601270044524,退货入库,6942133550349,1,1,1,26102TO26121KWR03,长袖T恤,野梅粉,,2026-02-02 18:23:00,2026-02-07 17:51:56,已完成,已完成,2026-02-07 19:23:09,SF5109586807168,,合肥仓
Spyder,776924,EB2602010025433,退货入库,6941816947858,1,1,1,24324EF543M001,黑色裤子,黑色,,2026-02-02 17:03:09,2026-02-03 11:10:21,已完成,已完成,2026-02-03 11:54:35,73594667185272,,合肥仓
Spyder,776926,EB2601290024944,退货入库,6941816960109,1,1,1,24424MF217M001,黑色羽绒服,黑色,,2026-02-03 11:57:00,2026-02-06 10:26:51,已完成,已完成,2026-02-06 11:02:28,JDX048755578466,,合肥仓
Spyder,776927,EB2601300032477,退货入库,6942133530457,1,1,1,25425CF127M001,夹克,黑色,,2026-02-03 10:04:00,2026-02-06 17:22:09,已完成,已完成,2026-02-06 17:55:49,312954096721863,,合肥仓
Spyder,776929,EB2601300020332,退货入库,6942133528300,1,1,1,25425CF217M001,羽绒服,黑色,,2026-02-03 10:52:01,2026-02-06 16:49:47,已完成,已完成,2026-02-06 17:55:46,312954096729352,,合肥仓
Spyder,776939,EB2601310020940,退货入库,6932472792128,1,1,1,25325EF517M001,裤子,黑色,,2026-02-03 11:34:00,2026-02-05 11:32:57,已完成,已完成,2026-02-05 11:45:01,73594669759769,,合肥仓
Spyder,776953,EB2601310020405,退货入库,6941816959417,1,1,1,24424EF207U001,黑色羽绒服,黑色,,2026-02-03 11:34:00,2026-02-05 11:44:10,已完成,已完成,2026-02-05 11:45:03,73594673843651,,合肥仓
Spyder,776964,EB2601310019855,退货入库,6942133526504,1,1,1,25325CF205MR21,棉服,绛红色,,2026-02-03 16:37:01,2026-02-06 13:39:06,已完成,已完成,2026-02-06 14:27:14,YT2537153613492,,合肥仓
Spyder,776966,EB2602010026033,退货入库,6942133532031,1,1,1,25425CF253M001,羽绒服,黑色,,2026-02-02 20:03:00,2026-02-03 14:16:49,已完成,已完成,2026-02-03 15:08:17,SF5109650989695,,合肥仓
Spyder,776967,EB2601290037517,退货入库,6942105390638,1,1,1,24124CS437MG15,青提绿T恤,青提绿,,2026-02-04 11:12:00,2026-02-06 17:31:35,已完成,已完成,2026-02-06 17:55:51,73594678310730,,合肥仓
Spyder,776983,EB2601310034420,退货入库,6942105347137,1,1,1,23423MF247M001,黑色棉服,黑色,,2026-02-03 10:24:01,2026-02-06 13:47:01,已完成,已完成,2026-02-06 14:27:14,73594681845326,,合肥仓
Spyder,776992,EB2601310024008,退货入库,6942133509934,1,1,1,25325MR417MN17,T恤,浅云灰,,2026-02-02 19:19:00,2026-02-03 14:20:09,已完成,已完成,2026-02-03 15:08:18,SF5109665872324,,合肥仓
Spyder,777001,EB2601300046438,退货入库,6932472792159,1,1,1,25325EF517M001,裤子,黑色,,2026-02-03 10:32:00,2026-02-05 11:18:14,已完成,已完成,2026-02-05 11:44:59,73594685388040,,合肥仓
Spyder,777021,EB2601300044421,退货入库,6942105309012,1,1,1,23323CF505MG13,松墨绿裤子,松墨绿,,2026-02-03 14:07:00,2026-02-06 11:17:24,已完成,已完成,2026-02-06 11:54:09,JDX048789781983,,合肥仓
Spyder,777029,EB2601300047145,退货入库,6942105394407,1,1,1,24224CS412WN26,烟灰色POLO衫,烟灰色,,2026-02-03 08:42:00,2026-02-06 13:49:38,已完成,已完成,2026-02-06 14:27:15,JT3152510412025,,合肥仓
Spyder,777038,EB2601290039844,退货入库,6905853618003,1,1,1,21421CF907U001,黑色帽子,黑色,,2026-02-03 08:21:00,2026-02-05 13:33:36,已完成,已完成,2026-02-05 14:56:14,772056092101335,,合肥仓
Spyder,777042,EB2601300022160,退货入库,6941816960703,1,1,1,24424MR207U001,黑色羽绒服,黑色,,2026-02-02 18:42:00,2026-02-06 10:08:19,已完成,已完成,2026-02-06 11:02:26,JDVA41713612136,,合肥仓
Spyder,777043,EB2601300046915,退货入库,6932472768130,1,1,1,25225MS033M001,黑色POLO衫,黑色,,2026-02-04 17:52:00,2026-02-07 19:16:58,已完成,已完成,2026-02-07 20:25:50,631147978630322,,合肥仓
Spyder,777044,EB2601300047156,退货入库,6932472751569,1,1,1,25125ES461MN15,磁石灰POLO衫,磁石灰,,2026-02-03 08:42:00,2026-02-06 13:49:44,已完成,已完成,2026-02-06 14:27:15,JT3152510412025,,合肥仓
Spyder,777074,EB2601310022802,退货入库,6941816947582,1,1,1,24324EF171MMHG,黑色/绿色夹克,黑色/绿色,,2026-02-03 16:07:00,2026-02-06 17:54:05,已完成,已完成,2026-02-06 17:55:54,JDX048807253436,,合肥仓
Spyder,777077,EB2601310035598,退货入库,6932472712447,1,1,1,888100245914NE1,米灰色/浅卡其色鞋,米灰色/浅卡其色,,2026-02-03 09:38:00,2026-02-05 13:20:36,已完成,已完成,2026-02-05 14:56:12,772056101983646,,合肥仓
Spyder,777085,EB2601310005148,退货入库,6942133512590,1,1,1,253CP25FW213M999,羽绒服,黑色999,,2026-02-03 11:56:01,2026-02-05 10:21:36,已完成,已完成,2026-02-05 11:44:52,JDX048787675329,,合肥仓
Spyder,777119,EB2601310036226,退货入库,6941816947872,1,1,1,24324EF543M001,黑色裤子,黑色,,2026-02-03 09:22:00,2026-02-05 11:39:55,已完成,已完成,2026-02-05 11:45:02,73594702414511,,合肥仓
Spyder,777131,EB2601280045763,退货入库,6942133528348,1,1,1,25425CF217MC17,羽绒服,榆木棕,,2026-02-03 10:32:00,2026-02-05 14:52:02,已完成,已完成,2026-02-05 14:56:23,SF5124243438950,,合肥仓
Spyder,777171,EB2601300024724,退货入库,6932472764842,1,1,1,25225CS472W001,黑色背心,黑色,,2026-02-02 20:29:00,2026-02-05 10:34:52,已完成,已完成,2026-02-05 11:44:53,JDVA41715990580,,合肥仓
Spyder,777180,EB2601310034715,退货入库,6941816999543,1,1,1,24324CF517M001,黑色裤子,黑色,,2026-02-03 08:58:00,2026-02-05 13:29:38,已完成,已完成,2026-02-05 14:56:13,631147630262766,,合肥仓
Spyder,777183,EB2601310040519,换货入库,6941816959769,1,1,1,24424MF203M001,黑色羽绒服,黑色,,2026-02-03 18:18:00,2026-02-04 11:45:16,已完成,已完成,2026-02-04 11:51:52,SF1561786980578,,合肥仓
Spyder,777186,EB2601220041411,退货入库,6942105306509,1,0,0,23323CF103MG13,松墨绿夹克,松墨绿,,2026-02-07 13:53:00,,待收货,待收货,,312954202219115,,合肥仓
Spyder,777194,EB2601280044193,退货入库,6932472791398,1,1,1,25325EF201M001,羽绒服,黑色,,2026-02-03 11:49:00,2026-02-05 13:14:39,已完成,已完成,2026-02-05 14:56:11,631147672592571,,合肥仓
Spyder,777210,EB2601300047124,退货入库,6941816947865,1,1,1,24324EF543M001,黑色裤子,黑色,,2026-02-02 21:02:00,2026-02-05 10:20:20,已完成,已完成,2026-02-05 11:44:52,JDVA41716690323,,合肥仓
Spyder,777212,EB2601300047124,退货入库,6941816947858,1,1,1,24324EF543M001,黑色裤子,黑色,,2026-02-02 21:03:00,2026-02-05 10:20:38,已完成,已完成,2026-02-05 11:44:51,JDVA41716690323,,合肥仓
Spyder,777213,EB2601300047124,退货入库,6932472791640,1,1,1,25325EF229M001,羽绒服,黑色,,2026-02-02 21:03:00,2026-02-05 10:20:31,已完成,已完成,2026-02-05 11:44:52,JDVA41716690323,,合肥仓
Spyder,777215,EB2601220040924,退货入库,6942133526375,1,1,1,25325CF225M001,背心,黑色,,2026-02-03 10:52:00,2026-02-05 13:28:03,已完成,已完成,2026-02-05 14:56:13,772056112196760,,合肥仓
Spyder,777216,EB2601260037901,退货入库,6941816947612,1,1,1,24324EF171MMHG,黑色/绿色夹克,黑色/绿色,,2026-02-03 19:37:00,2026-02-06 17:46:34,已完成,已完成,2026-02-06 17:55:52,JDX048777284180,,合肥仓
Spyder,777231,EB2601310047096,退货入库,6932472701915,1,1,1,24424EF161M001,黑色冲锋衣,黑色,,2026-02-02 21:19:00,2026-02-05 10:39:55,已完成,已完成,2026-02-05 11:44:54,JDVA41717003848,,合肥仓
Spyder,777236,EB2601290016313,退货入库,6932472752207,1,1,1,25125ES537M41C,湛蓝短裤,湛蓝,,2026-02-03 16:02:01,2026-02-05 13:46:17,已完成,已完成,2026-02-05 14:56:16,772056094843725,,合肥仓
Spyder,777239,EB2601280002039,退货入库,6941816947841,1,1,1,24324EF543M001,黑色裤子,黑色,,2026-02-03 08:58:00,2026-02-05 15:51:32,已完成,已完成,2026-02-05 15:53:57,73594741593743,,合肥仓
Spyder,777240,EB2601290016316,退货入库,6932472767584,1,1,1,25225MS545M001,黑色短裤,黑色,,2026-02-03 16:02:01,2026-02-05 13:46:07,已完成,已完成,2026-02-05 14:56:16,772056094843725,,合肥仓
Spyder,777241,EB2601290016315,退货入库,6932472768611,1,1,1,25225MS583M001,黑色短裤,黑色,,2026-02-03 16:02:00,2026-02-05 13:45:56,已完成,已完成,2026-02-05 14:56:16,772056094843725,,合肥仓
Spyder,777282,EB2601310034418,退货入库,6941816947858,1,1,1,24324EF543M001,黑色裤子,黑色,,2026-02-03 09:14:01,2026-02-04 09:57:48,已完成,已完成,2026-02-04 11:14:08,JDX048780286275,,合肥仓
Spyder,777297,EB2601300039260,退货入库,6942105312500,1,1,1,99923EF241M001,黑色背心,黑色,,2026-02-03 19:16:00,2026-02-06 16:47:51,已完成,已完成,2026-02-06 17:55:46,JDX048806407903,,合肥仓
Spyder,777303,EB2601310022381,退货入库,6942133529031,1,1,1,25425CF216W001,羽绒服,黑色,,2026-02-03 11:14:00,2026-02-06 16:59:51,已完成,已完成,2026-02-06 17:55:47,YT2541820259690,,合肥仓
Spyder,777307,EB2602010000571,退货入库,6942133528300,1,1,1,25425CF217M001,羽绒服,黑色,,2026-02-03 13:43:00,2026-02-04 16:59:00,已完成,已完成,2026-02-04 17:40:09,JDX048781851619,,合肥仓
Spyder,777352,EB2601290028541,退货入库,6941816947971,1,1,1,24324EF545M001,黑色裤子,黑色,,2026-02-03 14:48:00,2026-02-06 10:23:36,已完成,已完成,2026-02-06 11:02:28,JDX048800610825,,合肥仓
Spyder,777368,EB2602020022308,退货入库,6942105307315,1,1,1,23323CF225ME02,卡其棉服,卡其色,,2026-02-03 01:59:00,2026-02-03 11:11:49,已完成,已完成,2026-02-03 11:54:35,75624521974879,,合肥仓
Spyder,777384,EB2601250013140,退货入库,6932472791749,1,1,1,25325EF247M001,棉服,黑色,,2026-02-05 20:26:00,2026-02-08 15:46:26,已完成,已完成,2026-02-08 17:39:59,73595258663562,,合肥仓
Spyder,777385,EB2601300046465,退货入库,6941816960031,1,1,1,24424MF216WW02,奶霜白羽绒服,奶霜白,,2026-02-03 07:21:00,2026-02-04 17:20:23,已完成,已完成,2026-02-04 17:40:16,JDVA41722444905,,合肥仓
Spyder,777386,EB2601280045012,退货入库,6942105344303,1,1,1,23423CF216W670,羽毛灰羽绒服,羽毛灰,,2026-02-03 07:24:00,2026-02-04 17:02:09,已完成,已完成,2026-02-04 17:40:09,JDVA41722466433,,合肥仓
Spyder,777390,EB2601290045830,退货入库,6941816947902,1,1,1,24324EF543M335,深棕绿裤子,深棕叶绿;深棕绿,,2026-02-03 13:48:00,2026-02-06 14:04:22,已完成,已完成,2026-02-06 14:27:16,73594792476556,,合肥仓
Spyder,777396,EB2601280049593,退货入库,6941767152530,1,1,1,23223CS527M001,黑色短裤,黑色,,2026-02-03 08:18:00,2026-02-05 10:30:21,已完成,已完成,2026-02-05 11:44:53,JDVA41723886856,,合肥仓
Spyder,777408,EB2601300045086,退货入库,6941816947933,1,1,1,24324EF543MN02,深灰色裤子,深灰色;灰色,,2026-02-03 09:53:00,2026-02-06 11:13:02,已完成,已完成,2026-02-06 11:54:08,JDX048791318737,,合肥仓
Spyder,777414,EB2601290039988,退货入库,6941816947933,1,1,1,24324EF543MN02,深灰色裤子,深灰色;灰色,,2026-02-03 13:03:00,2026-02-05 15:59:11,已完成,已完成,2026-02-05 16:02:07,772056058941788,,合肥仓
Spyder,777415,EB2601310043419,退货入库,6941816947933,1,1,1,24324EF543MN02,深灰色裤子,深灰色;灰色,,2026-02-03 12:02:00,2026-02-05 15:58:12,已完成,已完成,2026-02-05 16:02:07,772056058941788,,合肥仓
Spyder,777416,EB2601310043419,退货入库,6941816947858,1,1,1,24324EF543M001,黑色裤子,黑色,,2026-02-03 12:02:01,2026-02-05 15:58:44,已完成,已完成,2026-02-05 16:02:07,772056058941788,,合肥仓
Spyder,777428,EB2601310049395,退货入库,6941816959509,1,1,1,24424EF225M001,黑色羽绒服,黑色,,2026-02-03 09:35:00,2026-02-05 10:42:19,已完成,已完成,2026-02-05 11:44:54,JDVA41727461900,,合肥仓
Spyder,777459,EB2601280029112,退货入库,6941816959417,1,1,1,24424EF207U001,黑色羽绒服,黑色,,2026-02-04 10:13:00,2026-02-06 13:28:35,已完成,已完成,2026-02-06 14:27:12,73594779400909,,合肥仓
Spyder,777460,EB2601250013140,退货入库,6932472791398,1,1,1,25325EF201M001,羽绒服,黑色,,2026-02-06 23:14:00,2026-02-08 15:46:37,已完成,已完成,2026-02-08 17:39:59,73595258663562,,合肥仓
Spyder,777461,EB2602030016614,退货入库,6932472791749,1,1,1,25325EF247M001,棉服,黑色,,2026-02-03 10:28:01,2026-02-04 13:26:27,已完成,已完成,2026-02-04 13:53:48,76793163571152,,合肥仓
Spyder,777463,EB2601280037755,退货入库,6932472729148,1,1,1,24424XF277M001,黑色三合一夹克,黑色,,2026-02-04 11:43:00,2026-02-07 18:40:37,已完成,已完成,2026-02-07 19:23:10,JDX048796563019,,合肥仓
Spyder,777478,EB2601240047254,退货入库,6932472752016,1,1,1,25125ES531M001,黑色裤子,黑色,,2026-02-03 12:59:00,2026-02-06 17:25:08,已完成,已完成,2026-02-06 17:55:50,YT2582296535824,,合肥仓
Spyder,777479,EB2601270047029,退货入库,6932472752009,1,1,1,25125ES531M001,黑色裤子,黑色,,2026-02-03 12:59:00,2026-02-06 17:25:01,已完成,已完成,2026-02-06 17:55:50,YT2582296535824,,合肥仓
Spyder,777506,EB2601300032842,退货入库,6942105357310,1,1,1,24124XS501MN02,深灰,深灰色;灰色,,2026-02-04 11:02:01,2026-02-06 17:18:38,已完成,已完成,2026-02-06 17:55:49,YT2537178798259,,合肥仓
Spyder,777510,EB2601270019211,退货入库,6942105345577,1,1,1,23423CF419MN20,岩草灰T恤,岩草灰,,2026-02-03 14:23:00,2026-02-06 09:53:15,已完成,已完成,2026-02-06 11:02:25,SF5124809307406,,合肥仓
Spyder,777525,EB2602010030197,退货入库,6941816947896,1,1,1,24324EF543M335,深棕绿裤子,深棕叶绿;深棕绿,,2026-02-03 14:32:00,2026-02-05 13:49:09,已完成,已完成,2026-02-05 14:56:16,631147749126941,,合肥仓
Spyder,777528,EB2602010030196,退货入库,6942105308091,1,1,1,23323CF405M0MT,灰绿T恤,灰绿,,2026-02-03 14:32:00,2026-02-05 13:49:02,已完成,已完成,2026-02-05 14:56:16,631147749126941,,合肥仓
Spyder,777538,EB2601310046273,退货入库,6942133527501,1,1,1,25325CF417M001,T恤,黑色,,2026-02-03 12:54:00,2026-02-05 15:49:42,已完成,已完成,2026-02-05 15:53:57,73594804901109,,合肥仓
Spyder,777559,EB2602010022208,退货入库,6942133546977,1,1,1,26102PE26102WM001,梭织长裤,黑色,,2026-02-03 13:17:00,2026-02-05 10:28:54,已完成,已完成,2026-02-05 11:44:53,JDVA41735592644,,合肥仓
Spyder,777567,EB2601310046303,退货入库,6942133510152,1,1,1,25425MF206W001,羽绒服,黑色,,2026-02-03 13:25:00,2026-02-05 16:56:02,已完成,已完成,2026-02-05 17:29:54,JDVA41735869653,,合肥仓
Spyder,777568,EB2601310046292,退货入库,6932472706699,1,1,1,24424CF236W001,黑色羽绒服,黑色,,2026-02-03 13:25:00,2026-02-06 18:55:19,已完成,已完成,2026-02-06 19:47:44,JDVA41735912308,,合肥仓
Spyder,777577,EB2601290001111,退货入库,6942105345096,1,1,1,23423CF311MC06,布朗棕卫衣,布朗棕,,2026-02-03 15:28:00,2026-02-06 13:42:00,已完成,已完成,2026-02-06 14:27:14,JT3152592685255,,合肥仓
Spyder,777578,EB2601290001111,退货入库,6942105345751,1,1,1,23423CF517MC06,布朗棕裤子,布朗棕,,2026-02-03 15:28:00,2026-02-06 13:41:53,已完成,已完成,2026-02-06 14:27:14,JT3152592685255,,合肥仓
Spyder,777589,EB2602030021593,退货入库,6942105346383,1,1,1,23423EF219M001,黑色羽绒服,黑色,,2026-02-03 13:44:00,2026-02-04 13:39:42,已完成,已完成,2026-02-04 13:53:50,78979825715194,,合肥仓
Spyder,777592,EB2601310043220,退货入库,6942105377820,1,1,1,24124MR323M001,黑色卫衣,黑色,,2026-02-04 09:32:01,2026-02-06 14:09:44,已完成,已完成,2026-02-06 14:27:17,772056168212801,,合肥仓
Spyder,777593,EB2601310043220,退货入库,6932472752009,1,1,1,25125ES531M001,黑色裤子,黑色,,2026-02-04 09:31:00,2026-02-06 14:09:33,已完成,已完成,2026-02-06 14:27:17,772056168212801,,合肥仓
Spyder,777594,EB2601310032091,退货入库,6942133525460,1,1,1,25425CF431MN22,T恤,灰铜绿,,2026-02-03 18:43:00,2026-02-04 14:13:34,已完成,已完成,2026-02-04 14:45:20,SF1571395921103,,合肥仓
Spyder,777616,EB2601300040163,退货入库,6942105343979,1,1,1,23423CF212WE01,米色夹克,米白色,,2026-02-03 15:28:01,2026-02-05 15:32:04,已完成,已完成,2026-02-05 15:53:55,772056105231258,,合肥仓
Spyder,777622,EB2601280028621,退货入库,6941816958847,1,1,1,24324MF235M0MT,灰绿色羽绒服,灰绿,,2026-02-03 16:38:00,2026-02-05 13:31:08,已完成,已完成,2026-02-05 14:56:13,772056133020385,,合肥仓
Spyder,777624,EB2601190020505,退货入库,6942133506988,1,1,1,25325MF305M001,卫衣,黑色,,2026-02-03 16:06:00,2026-02-05 13:17:46,已完成,已完成,2026-02-05 14:56:12,773405188839463,,合肥仓
Spyder,777626,EB2601270022744,退货入库,6941816947872,1,1,1,24324EF543M001,黑色裤子,黑色,,2026-02-03 16:06:00,2026-02-05 13:17:52,已完成,已完成,2026-02-05 14:56:12,773405188839463,,合肥仓
Spyder,777628,EB2601300045561,退货入库,6941816947872,1,1,1,24324EF543M001,黑色裤子,黑色,,2026-02-03 16:13:00,2026-02-06 17:16:54,已完成,已完成,2026-02-06 17:55:49,73594836016861,,合肥仓
Spyder,777635,EB2601290042992,退货入库,6942133509200,1,1,1,25325MR102W6WW,夹克,酒红,,2026-02-03 15:53:00,2026-02-07 10:16:43,已完成,已完成,2026-02-07 10:29:39,1349635945618,,合肥仓
Spyder,777647,EB2601200031857,退货入库,6942133525408,1,0,0,25425CF431M001,T恤,黑色,,2026-02-03 15:26:00,,待收货,待收货,,76787601975047,,合肥仓
Spyder,777650,EB2601310030981,退货入库,6941816947810,1,1,1,24324EF509M001,黑色裤子,黑色,,2026-02-03 17:41:01,2026-02-04 17:35:14,已完成,已完成,2026-02-04 17:40:17,JT3152611465633,,合肥仓
Spyder,777662,EB2601300046690,退货入库,6932472791794,1,1,1,25325EF247MC12,棉服,枯木棕,,2026-02-03 16:37:00,2026-02-05 17:16:46,已完成,已完成,2026-02-05 17:29:56,631147779805951,,合肥仓
Spyder,777668,EB2601310046288,退货入库,6942133527709,1,1,1,25425CF525M001,裤子,黑色,,2026-02-03 17:03:00,2026-02-05 11:28:40,已完成,已完成,2026-02-05 11:45:01,73594847450419,,合肥仓
Spyder,777679,EB2602010034294,退货入库,6941816942358,1,1,1,24324MF305MN22,灰铜绿卫衣,灰铜绿,,2026-02-04 11:04:00,2026-02-07 10:35:40,已完成,已完成,2026-02-07 10:52:40,JDX048851119669,,合肥仓
Spyder,777685,EB2601310026630,退货入库,6941816947810,1,1,1,24324EF509M001,黑色裤子,黑色,,2026-02-03 17:43:01,2026-02-06 17:08:14,已完成,已完成,2026-02-06 17:55:48,YT2537192336299,,合肥仓
Spyder,777704,EB2602010034594,退货入库,6941816996641,1,1,1,24324CF102W001,黑色夹克,黑色,,2026-02-04 11:05:00,2026-02-06 13:43:42,已完成,已完成,2026-02-06 14:27:14,772056164509851,,合肥仓
Spyder,777726,EB2601290021372,退货入库,6942133545819,1,1,1,26102OO26108KM001,短袖POLO衫,黑色,,2026-02-03 17:43:00,2026-02-06 13:15:36,已完成,已完成,2026-02-06 14:27:11,773405210019775,,合肥仓
Spyder,777726,EB2601290021372,退货入库,6942133549169,1,1,1,26102TO26102KM001,长袖T恤,黑色,,2026-02-03 17:43:00,2026-02-06 13:15:36,已完成,已完成,2026-02-06 14:27:11,773405210019775,,合肥仓
Spyder,777726,EB2601290021372,退货入库,6942133549626,1,1,1,26102TO26112KM001,短袖T恤,黑色,,2026-02-03 17:43:00,2026-02-06 13:15:35,已完成,已完成,2026-02-06 14:27:11,773405210019775,,合肥仓
Spyder,777726,EB2601290021372,退货入库,6942133549633,1,1,1,26102TO26112KM001,短袖T恤,黑色,,2026-02-03 17:43:00,2026-02-06 13:15:36,已完成,已完成,2026-02-06 14:27:11,773405210019775,,合肥仓
Spyder,777734,EB2601300045993,退货入库,6941816944642,1,1,1,24424MF417MB01,藏青色T恤,藏青色1,,2026-02-03 18:13:01,2026-02-05 09:23:17,已完成,已完成,2026-02-05 11:44:44,SF5124173922503,,合肥仓
Spyder,777735,EB2601310022367,换货入库,6941816947841,1,1,1,24324EF543M001,黑色裤子,黑色,,2026-02-03 18:05:00,2026-02-06 10:18:56,已完成,已完成,2026-02-06 11:02:27,JDX048824471606,,合肥仓
Spyder,777739,EB2601270022582,退货入库,6932472791404,1,1,1,25325EF201M001,羽绒服,黑色,,2026-02-03 17:48:00,2026-02-06 13:17:44,已完成,已完成,2026-02-06 14:27:11,773405209887515,,合肥仓
Spyder,777750,EB2601250020451,退货入库,6932472791398,1,1,1,25325EF201M001,羽绒服,黑色,,2026-02-03 18:00:01,2026-02-06 13:32:55,已完成,已完成,2026-02-06 14:27:13,773405211411895,,合肥仓
Spyder,777783,EB2602010020277,退货入库,6932472752009,1,0,0,25125ES531M001,黑色裤子,黑色,,2026-02-03 18:17:00,,待收货,待收货,,JDVA41746427619,,合肥仓
Spyder,777787,EB2601310029817,退货入库,6942133509255,1,1,1,25325MR106W001,夹克,黑色,,2026-02-03 18:24:00,2026-02-06 17:42:28,已完成,已完成,2026-02-06 17:55:51,73594873686574,,合肥仓
Spyder,777788,EB2602010026415,退货入库,6932472791381,1,1,1,25325EF201M001,羽绒服,黑色,,2026-02-03 18:20:04,2026-02-06 10:11:27,已完成,已完成,2026-02-06 11:02:27,JDVA41746483608,,合肥仓
Spyder,777799,EB2601300035276,退货入库,6932472791435,1,1,1,25325EF201MB06,羽绒服,灰蓝色,,2026-02-04 10:21:00,2026-02-05 16:37:54,已完成,已完成,2026-02-05 17:29:51,JDX048828785564,,合肥仓
Spyder,777800,EB2601310038888,退货入库,6941816960307,1,1,1,24424MF227M001,黑色羽绒服,黑色,,2026-02-04 10:17:01,2026-02-06 09:59:35,已完成,已完成,2026-02-06 11:02:26,JDX048828792899,,合肥仓
Spyder,777803,EB2601310000507,退货入库,6942133545871,1,1,1,26102OO26108KMN09,短袖POLO衫,科技灰,,2026-02-04 09:43:00,2026-02-07 14:35:12,已完成,已完成,2026-02-07 14:53:07,JT3152665986584,,合肥仓
Spyder,777808,EB2601310036222,退货入库,6941816937910,1,1,1,24224ER471M906,炭灰色T恤,炭灰色,,2026-02-04 09:13:01,2026-02-06 17:26:27,已完成,已完成,2026-02-06 17:55:50,73594876893451,,合肥仓
Spyder,777812,EB2601310000507,退货入库,6932472751569,1,1,1,25125ES461MN15,磁石灰POLO衫,磁石灰,,2026-02-04 09:43:00,2026-02-07 14:35:04,已完成,已完成,2026-02-07 14:53:07,JT3152665986584,,合肥仓
Spyder,777828,EB2602010028059,退货入库,6942133527488,1,1,1,25325CF417M001,T恤,黑色,,2026-02-04 10:02:01,2026-02-06 10:17:15,已完成,已完成,2026-02-06 11:02:27,SF5124109257680,,合肥仓
Spyder,777839,EB2602010032023,退货入库,6905853838388,1,1,1,22222CS485U100,T恤,白色,,2026-02-04 14:23:01,2026-02-06 17:13:30,已完成,已完成,2026-02-06 17:55:49,73594992418336,,合肥仓
Spyder,777846,EB2602010025440,退货入库,6941816959622,1,1,1,24424EF249M001,黑色三合一夹克,黑色,,2026-02-04 14:23:01,2026-02-06 17:36:51,已完成,已完成,2026-02-06 17:55:51,73594992466219,,合肥仓
Spyder,777853,EB2602010025441,退货入库,6932472750449,1,1,1,25125ES121M001,黑色夹克,黑色,,2026-02-04 14:23:00,2026-02-06 17:13:22,已完成,已完成,2026-02-06 17:55:48,73594992418336,,合肥仓
Spyder,777868,EB2601310036557,退货入库,6941816960260,1,1,1,24424MF227M001,黑色羽绒服,黑色,,2026-02-04 11:02:01,2026-02-06 10:33:15,已完成,已完成,2026-02-06 11:02:29,JDX048833247506,,合肥仓
Spyder,777874,EB2601310000507,退货入库,6942133550172,1,1,1,26102TO26116KMN26,短袖T恤,烟灰色,,2026-02-04 09:42:00,2026-02-07 14:34:54,已完成,已完成,2026-02-07 14:53:07,JT3152665986584,,合肥仓
Spyder,777875,EB2602010031789,退货入库,6941816947810,1,1,1,24324EF509M001,黑色裤子,黑色,,2026-02-04 13:51:00,2026-02-07 19:20:59,已完成,已完成,2026-02-07 20:25:51,JT0021842711391,,合肥仓
Spyder,777878,EB2602010030842,退货入库,6942133511296,1,1,1,25425MF527MN90,裤子,月石灰,,2026-02-04 13:51:01,2026-02-07 19:21:07,已完成,已完成,2026-02-07 20:25:51,JT0021842711391,,合肥仓
Spyder,777880,EB2601300027031,退货入库,6941767100890,1,1,1,22322CF313MB17,石磨蓝卫衣,石磨蓝,,2026-02-04 13:51:00,2026-02-07 19:20:37,已完成,已完成,2026-02-07 20:25:50,JT0021842711391,,合肥仓
Spyder,777881,EB2602010030844,退货入库,6905853735731,1,1,1,22122CS311MN11,卫衣,麻灰,,2026-02-04 13:51:00,2026-02-07 19:20:49,已完成,已完成,2026-02-07 20:25:51,JT0021842711391,,合肥仓
Spyder,777898,EB2601310048509,退货入库,6941816947841,1,1,1,24324EF543M001,黑色裤子,黑色,,2026-02-04 10:52:02,2026-02-10 09:18:00,已完成,已完成,2026-02-10 09:30:07,73594890280968,,合肥仓
Spyder,777920,EB2601250043359,退货入库,6941816958298,1,1,1,24324MF104W001,黑色夹克,黑色,,2026-02-04 10:08:00,2026-02-07 14:17:28,已完成,已完成,2026-02-07 14:53:06,JT3152671993867,,合肥仓
Spyder,777948,EB2601310046007,退货入库,6941816998768,1,1,1,24324CF435MG25,冰谷青T恤,冰谷青,,2026-02-04 10:41:01,2026-02-06 17:44:36,已完成,已完成,2026-02-06 17:55:52,73594897413240,,合肥仓
Spyder,777955,EB2601300047144,退货入库,6942133525477,1,1,1,25425CF431MN22,T恤,灰铜绿,,2026-02-04 10:52:00,2026-02-06 10:21:50,已完成,已完成,2026-02-06 11:02:28,SF5109108178599,,合肥仓
Spyder,777959,EB2601250007997,退货入库,6942133509378,1,1,1,25325MR202WN17,背心,浅云灰,,2026-02-04 13:46:00,2026-02-06 17:33:46,已完成,已完成,2026-02-06 17:55:51,73594982356657,,合肥仓
Spyder,777963,EB2601290021348,退货入库,6942133525941,1,1,1,25425CF235M001,羽绒服,黑色,,2026-02-04 10:58:00,2026-02-08 11:07:32,已完成,已完成,2026-02-08 13:29:57,SF1548349675478,,合肥仓
Spyder,777967,EB2602010018936,换货入库,6942133548643,1,1,1,26102TE26101KM001,短袖T恤,黑色,,2026-02-04 10:12:00,2026-02-09 11:11:18,已完成,已完成,2026-02-09 11:18:03,1350244394618,,合肥仓
Spyder,778033,EB2602010043853,退货入库,6932472791770,1,1,1,25325EF247MC12,棉服,枯木棕,,2026-02-04 12:06:00,2026-02-05 15:30:25,已完成,已完成,2026-02-05 15:53:55,73594931967363,,合肥仓
Spyder,778037,EB2601300036464,退货入库,6932472792128,1,1,1,25325EF517M001,裤子,黑色,,2026-02-04 11:23:01,2026-02-07 10:01:12,已完成,已完成,2026-02-07 10:29:37,JDX048843372783,,合肥仓
Spyder,778039,EB2601300036464,退货入库,6941816947858,1,1,1,24324EF543M001,黑色裤子,黑色,,2026-02-04 09:03:00,2026-02-08 09:45:38,已完成,已完成,2026-02-08 13:29:45,1350318822418,,合肥仓
Spyder,778049,EB2601310045247,退货入库,6941816947933,1,1,1,24324EF543MN02,深灰色裤子,深灰色;灰色,,2026-02-04 09:40:01,2026-02-05 13:50:30,已完成,已完成,2026-02-05 14:56:16,JT3152665485039,,合肥仓
Spyder,778055,EB2601280030945,退货入库,6942105348912,1,0,0,99923EF133M001,黑色冲锋衣,黑色,,2026-02-06 16:05:02,,待收货,待收货,,772056326184208,,合肥仓
Spyder,778057,EB2602010048592,退货入库,6942133518264,1,1,1,25325CF427M001,T恤,黑色,,2026-02-05 10:52:02,2026-02-06 17:09:37,已完成,已完成,2026-02-06 17:55:48,73594910499039,,合肥仓
Spyder,778091,EB2601310018981,退货入库,6942133529451,1,1,1,25425CF241MB99,羽绒服,浅藏青,,2026-02-04 12:01:01,2026-02-06 10:05:56,已完成,已完成,2026-02-06 11:02:26,JDX048846486691,,合肥仓
Spyder,778107,EB2601270000242,换货入库,6942133545581,1,1,1,26102OO26105KM001,短袖POLO衫,黑色,,2026-02-04 14:17:00,2026-02-07 14:09:04,已完成,已完成,2026-02-07 14:53:04,JT3152718201228,,合肥仓
Spyder,778131,778131,其他入库,6905853737520,1,0,0,22222CS532W001,紧身裤,黑色,,2026-02-04 03:17:00,,待收货,待收货,,,,合肥仓
Spyder,778131,778131,其他入库,6932472707436,1,0,0,24424CF539M001,黑色裤子,黑色,,2026-02-04 03:17:00,,待收货,待收货,,,,合肥仓
Spyder,778131,778131,其他入库,6941816959769,1,0,0,24424MF203M001,黑色羽绒服,黑色,,2026-02-04 03:17:00,,待收货,待收货,,,,合肥仓
Spyder,778131,778131,其他入库,6941816960079,1,0,0,24424MF217M001,黑色羽绒服,黑色,,2026-02-04 03:17:00,,待收货,待收货,,,,合肥仓
Spyder,778131,778131,其他入库,6942105308152,1,0,0,23323CF406W0MT,灰绿T恤,灰绿,,2026-02-04 03:17:00,,待收货,待收货,,,,合肥仓
Spyder,778131,778131,其他入库,6942105346994,1,0,0,23423MF233M001,黑色三合一夹克,黑色,,2026-02-04 03:17:00,,待收货,待收货,,,,合肥仓
Spyder,778131,778131,其他入库,6932472706569,1,0,0,24424CF232W001,黑色羽绒服,黑色,,2026-02-04 03:17:00,,待收货,待收货,,,,合肥仓
Spyder,778131,778131,其他入库,6932472707238,1,0,0,24424CF260WW03,鸟羽白滑雪服装,鸟羽白,,2026-02-04 03:17:00,,待收货,待收货,,,,合肥仓
Spyder,778131,778131,其他入库,6932472707665,1,0,0,24424CF560WW03,鸟羽白滑雪服装,鸟羽白,,2026-02-04 03:17:00,,待收货,待收货,,,,合肥仓
Spyder,778131,778131,其他入库,6941767135786,1,0,0,22422CF426W001,黑色运动打底上衣,黑色,,2026-02-04 03:17:00,,待收货,待收货,,,,合肥仓
Spyder,778131,778131,其他入库,6941767149226,1,0,0,23223CS416WB16,蓝石色运动内衣,蓝石色,,2026-02-04 03:17:00,,待收货,待收货,,,,合肥仓
Spyder,778131,778131,其他入库,6941767152691,1,0,0,23123CS529MC05,深棕色裤子,深棕色,,2026-02-04 03:17:00,,待收货,待收货,,,,合肥仓
Spyder,778131,778131,其他入库,886895495462,1,0,0,21421UF993U050,滑雪镜,PINK ION；粉,,2026-02-04 03:17:00,,待收货,待收货,,,,合肥仓
Spyder,778146,EB2602010003835,退货入库,6942133511104,1,1,1,25425MF423M001,T恤,黑色,,2026-02-04 08:01:06,2026-02-07 10:14:39,已完成,已完成,2026-02-07 10:29:39,JDVA41756815040,,合肥仓
Spyder,778147,EB2602010003835,退货入库,6942133549404,1,1,1,26102TO26109KM001,长袖T恤,黑色,,2026-02-04 08:01:07,2026-02-07 10:14:52,已完成,已完成,2026-02-07 10:29:39,JDVA41756815040,,合肥仓
Spyder,778148,EB2602010003835,退货入库,6942105349124,1,1,1,99923ER139M001,黑色夹克,黑色,,2026-02-04 08:01:07,2026-02-07 10:15:03,已完成,已完成,2026-02-07 10:29:39,JDVA41756815040,,合肥仓
Spyder,778149,EB2602010003835,退货入库,6932472728769,1,1,1,25125CS469M001,黑色T恤,黑色,,2026-02-04 08:02:00,2026-02-07 10:15:16,已完成,已完成,2026-02-07 10:29:39,JDVA41756815040,,合肥仓
Spyder,778151,EB2602010004727,退货入库,6941816947551,1,1,1,24324EF171MMHB,黑色/蓝色夹克,黑色/蓝色,,2026-02-04 08:05:00,2026-02-07 09:49:31,已完成,已完成,2026-02-07 10:29:36,JDVA41756891315,,合肥仓
Spyder,778153,EB2602010003837,退货入库,6942133529710,1,1,1,25425CF421M001,T恤,黑色,,2026-02-04 08:08:00,2026-02-07 10:27:37,已完成,已完成,2026-02-07 10:29:44,JDVA41757017801,,合肥仓
Spyder,778168,EB2601250020736,退货入库,6941816958854,1,1,1,24324MF235M0MT,灰绿色羽绒服,灰绿,,2026-02-04 15:53:00,2026-02-06 14:11:13,已完成,已完成,2026-02-06 14:27:17,772056207285760,,合肥仓
Spyder,778174,EB2601310039026,退货入库,6942133510220,1,1,1,25425MF208W100,羽绒服,白色,,2026-02-04 11:23:00,2026-02-06 15:43:29,已完成,已完成,2026-02-06 17:55:37,SF5109197182270,,合肥仓
Spyder,778178,EB2601270029876,退货入库,6942105346383,1,1,1,23423EF219M001,黑色羽绒服,黑色,,2026-02-04 09:11:00,2026-02-06 16:54:07,已完成,已完成,2026-02-06 17:55:46,JDVA41759993361,,合肥仓
Spyder,778183,EB2601280020980,退货入库,6942133517168,1,1,1,25325CF119M001,夹克,黑色,,2026-02-04 09:32:01,2026-02-06 17:20:16,已完成,已完成,2026-02-06 17:55:49,73594946440376,,合肥仓
Spyder,778192,EB2602030029316,退货入库,6932472791398,1,1,1,25325EF201M001,羽绒服,黑色,,2026-02-04 09:33:00,2026-02-07 17:31:27,已完成,已完成,2026-02-07 19:23:06,75624492976265,,合肥仓
Spyder,778199,EB2602010043128,退货入库,6942133510558,1,1,1,25425MF243M001,三合一,黑色,,2026-02-04 11:42:00,2026-02-05 16:20:48,已完成,已完成,2026-02-05 17:29:50,JT3152692110349,,合肥仓
Spyder,778200,EB2601290034704,退货入库,6932472792036,1,1,1,25325EF417MN15,T恤,磁石灰,,2026-02-04 12:28:00,2026-02-06 15:44:58,已完成,已完成,2026-02-06 17:55:38,JT3152698121166,,合肥仓
Spyder,778202,EB2601300022043,退货入库,6941816947858,1,1,1,24324EF543M001,黑色裤子,黑色,,2026-02-04 11:53:00,2026-02-10 15:57:39,已完成,已完成,2026-02-10 16:28:27,1350668336318,,合肥仓
Spyder,778205,EB2602010031532,退货入库,6942133548650,1,1,1,26102TE26101KM001,短袖T恤,黑色,,2026-02-04 11:07:05,2026-02-06 10:35:52,已完成,已完成,2026-02-06 11:02:29,JDX048857808871,,合肥仓
Spyder,778211,EB2601280020980,退货入库,6942133528294,1,1,1,25425CF217M001,羽绒服,黑色,,2026-02-04 16:33:00,2026-02-06 16:52:04,已完成,已完成,2026-02-06 17:55:46,73594959666787,,合肥仓
Spyder,778213,EB2601310047932,退货入库,6941767119052,1,1,1,22422CR509MB04,深蓝色滑雪服装,深蓝色;午夜蓝,,2026-02-04 14:40:01,2026-02-05 16:18:52,已完成,已完成,2026-02-05 17:29:50,JT3152722124939,,合肥仓
Spyder,778224,EB2601300047135,退货入库,6942105307025,1,1,1,23323CF201ME02,卡其背心,卡其色,,2026-02-04 12:02:01,2026-02-06 17:03:34,已完成,已完成,2026-02-06 17:55:47,YT2541907644629,,合肥仓
Spyder,778225,EB2601300047136,退货入库,6942133551636,1,1,1,26102VO26106WM001,梭织背心,黑色,,2026-02-04 12:02:01,2026-02-06 17:03:40,已完成,已完成,2026-02-06 17:55:47,YT2541907644629,,合肥仓
Spyder,778239,EB2602010021717,退货入库,6941816947872,1,1,1,24324EF543M001,黑色裤子,黑色,,2026-02-04 11:52:00,2026-02-06 17:30:03,已完成,已完成,2026-02-06 17:55:50,73594972465418,,合肥仓
Spyder,778247,EB2512200027491,退货入库,6942133506414,1,1,1,25325MF227M001,羽绒服,黑色,,2026-02-04 14:00:01,2026-02-05 15:57:35,已完成,已完成,2026-02-05 16:02:07,631147924333148,,合肥仓
Spyder,778252,EB2602010005625,退货入库,6942105346543,1,1,1,23423EF227M001,黑色羽绒服,黑色,,2026-02-06 16:23:01,2026-02-07 17:28:49,已完成,已完成,2026-02-07 17:46:32,73594979705764,,合肥仓
Spyder,778256,EB2601300022040,退货入库,6941816947841,1,1,1,24324EF543M001,黑色裤子,黑色,,2026-02-04 12:31:01,2026-02-06 10:16:00,已完成,已完成,2026-02-06 11:02:27,SF5124342839545,,合肥仓
Spyder,778263,EB2601300043561,退货入库,6942133544522,1,1,1,26102JO26155WM001,短款羽绒服,黑色,,2026-02-04 11:54:00,2026-02-06 10:20:27,已完成,已完成,2026-02-06 11:02:27,JDVA41766704932,,合肥仓
Spyder,778273,EB2602010034582,退货入库,6942105344532,1,1,1,23423CF219MN19,玉石灰羽绒服,玉石灰,,2026-02-04 13:52:00,2026-02-06 13:26:27,已完成,已完成,2026-02-06 14:27:12,73594985030262,,合肥仓
Spyder,778274,EB2602010034582,退货入库,6942105344549,1,1,1,23423CF219MN19,玉石灰羽绒服,玉石灰,,2026-02-04 13:52:00,2026-02-06 13:26:20,已完成,已完成,2026-02-06 14:27:12,73594985030262,,合肥仓
Spyder,778276,EB2602010028282,退货入库,6942133509934,1,1,1,25325MR417MN17,T恤,浅云灰,,2026-02-04 12:36:00,2026-02-06 09:51:48,已完成,已完成,2026-02-06 11:02:25,1318377830633,,合肥仓
Spyder,778287,EB2601310037885,退货入库,6942133509927,1,1,1,25325MR417MN17,T恤,浅云灰,,2026-02-04 13:42:00,2026-02-07 17:49:23,已完成,已完成,2026-02-07 19:23:08,73594988240389,,合肥仓
Spyder,778291,EB2601310026404,退货入库,6942133517861,1,1,1,25325CF411MC17,T恤,榆木棕,,2026-02-04 12:41:01,2026-02-07 17:48:00,已完成,已完成,2026-02-07 19:23:08,1350964665118,,合肥仓
Spyder,778296,EB2602010047231,退货入库,6942105306714,1,1,1,23323CF105MN20,岩草灰夹克,岩草灰,,2026-02-04 12:37:00,2026-02-05 16:52:11,已完成,已完成,2026-02-05 17:29:53,JDVA41767886631,,合肥仓
Spyder,778298,EB2602010004129,退货入库,6942133527051,1,1,1,25325CF117M001,夹克,黑色,,2026-02-04 12:37:00,2026-02-07 09:57:03,已完成,已完成,2026-02-07 10:29:37,JDVA41767873141,,合肥仓
Spyder,778302,EB2601200034373,换货入库,6941816942709,1,1,1,24324MF401M001,黑色T恤,黑色,,2026-02-04 17:44:00,2026-02-09 17:11:34,已完成,已完成,2026-02-09 17:25:23,9821483546091,,合肥仓
Spyder,778308,EB2602010040896,退货入库,6942133511210,1,1,1,25425MF527M001,裤子,黑色,,2026-02-04 15:43:00,2026-02-06 13:54:30,已完成,已完成,2026-02-06 14:27:15,631147946467696,,合肥仓
Spyder,778313,EB2602020019054,退货入库,6932472792128,1,1,1,25325EF517M001,裤子,黑色,,2026-02-04 14:13:00,2026-02-07 17:42:37,已完成,已完成,2026-02-07 19:23:07,312954770896524,,合肥仓
Spyder,778316,EB2601300024284,退货入库,6942133517229,1,1,1,25325CF119MP14,夹克,靛青紫,,2026-02-04 22:36:00,2026-02-07 18:35:42,已完成,已完成,2026-02-07 19:23:09,73594995312519,,合肥仓
Spyder,778320,EB2601310027828,退货入库,6941816947988,1,1,1,24324EF545M001,黑色裤子,黑色,,2026-02-04 14:43:00,2026-02-07 19:06:45,已完成,已完成,2026-02-07 20:25:48,73594996305574,,合肥仓
Spyder,778324,EB2601310041770,退货入库,6941767147574,1,1,1,23223CS133MC01,香薰色夹克,香薰色,,2026-02-04 15:26:00,2026-02-06 13:51:19,已完成,已完成,2026-02-06 14:27:15,YT2582406623704,,合肥仓
Spyder,778344,EB2602010027858,退货入库,6942133518288,1,1,1,25325CF427M001,T恤,黑色,,2026-02-05 10:21:01,2026-02-09 10:24:51,已完成,已完成,2026-02-09 11:17:58,73595007388568,,合肥仓
Spyder,778346,EB2602010019596,退货入库,6941816959530,1,1,1,24424EF225M001,黑色羽绒服,黑色,,2026-02-04 16:18:00,2026-02-07 19:03:39,已完成,已完成,2026-02-07 20:25:48,YT2541922912400,,合肥仓
Spyder,778375,EB2602020028701,退货入库,6942133508999,1,1,1,25325MF523M001,裤子,黑色,,2026-02-04 15:00:01,2026-02-06 10:29:34,已完成,已完成,2026-02-06 11:02:28,JDVA41773202737,,合肥仓
Spyder,778387,EB2602010028729,退货入库,6941816947841,1,1,1,24324EF543M001,黑色裤子,黑色,,2026-02-04 15:32:00,2026-02-06 14:06:02,已完成,已完成,2026-02-06 14:27:16,73595023208348,,合肥仓
Spyder,778388,EB2601280022988,退货入库,6941816947865,1,1,1,24324EF543M001,黑色裤子,黑色,,2026-02-04 17:44:00,2026-02-07 15:06:49,已完成,已完成,2026-02-07 15:09:07,773405410448692,,合肥仓
Spyder,778393,EB2601280022987,退货入库,6941816947988,1,1,1,24324EF545M001,黑色裤子,黑色,,2026-02-04 17:43:00,2026-02-07 15:04:19,已完成,已完成,2026-02-07 15:09:07,773405409667820,,合肥仓
Spyder,778396,EB2602010047768,退货入库,6942105365124,1,1,1,99923EF133M4NV,藏青色冲锋衣,藏青色,,2026-02-04 16:02:00,2026-02-06 17:01:30,已完成,已完成,2026-02-06 17:55:47,YT2541929938072,,合肥仓
Spyder,778399,EB2601240021960,退货入库,6932472706163,1,1,1,24424CF215M001,黑色羽绒服,黑色,,2026-02-04 17:42:00,2026-02-07 14:58:38,已完成,已完成,2026-02-07 15:09:06,773405409504053,,合肥仓
Spyder,778399,EB2601240021960,退货入库,6932472706170,1,1,1,24424CF215M001,黑色羽绒服,黑色,,2026-02-04 17:42:00,2026-02-07 14:58:38,已完成,已完成,2026-02-07 15:09:06,773405409504053,,合肥仓
Spyder,778401,EB2601310028330,退货入库,6942105390614,1,1,1,24124CS437MG15,青提绿T恤,青提绿,,2026-02-04 15:39:00,2026-02-06 13:52:41,已完成,已完成,2026-02-06 14:27:15,YT7602480029007,,合肥仓
Spyder,778402,EB2602010024693,退货入库,6942133527945,1,1,1,25325CF420WC16,T恤,城野棕,,2026-02-04 17:04:00,2026-02-08 16:05:04,已完成,已完成,2026-02-08 17:40:02,73595025900118,,合肥仓
Spyder,778408,EB2601310036241,退货入库,6941816944109,1,1,1,24324MS129MG20,云杉绿夹克,云杉绿,,2026-02-04 16:55:00,2026-02-06 13:45:26,已完成,已完成,2026-02-06 14:27:14,SF5124576036800,,合肥仓
Spyder,778410,EB2601300022678,退货入库,6941816947858,1,1,1,24324EF543M001,黑色裤子,黑色,,2026-02-05 08:25:00,2026-02-10 15:55:55,已完成,已完成,2026-02-10 16:28:26,1351347845518,,合肥仓
Spyder,778411,EB2602010004726,退货入库,6932472707917,1,1,1,24424XF149MG27,葡叶绿夹克,葡叶绿,,2026-02-04 15:50:00,2026-02-07 09:55:11,已完成,已完成,2026-02-07 10:29:36,JDVA41775217591,,合肥仓
Spyder,778413,EB2602010004726,退货入库,6932472700406,1,1,1,24424CF163M001,黑色夹克,黑色,,2026-02-04 15:50:01,2026-02-07 09:55:19,已完成,已完成,2026-02-07 10:29:36,JDVA41775217591,,合肥仓
Spyder,778414,EB2601290002033,退货入库,6941767137667,1,1,1,22422CF905UW84,白雪山纹滑雪头罩,白雪山纹,,2026-02-05 19:06:00,2026-02-06 19:11:58,已完成,已完成,2026-02-06 19:47:46,SF5109928259535,,合肥仓
Spyder,778415,EB2601300035864,退货入库,6941816947872,1,1,1,24324EF543M001,黑色裤子,黑色,,2026-02-04 16:19:00,2026-02-07 19:03:43,已完成,已完成,2026-02-07 20:25:48,YT2541922912400,,合肥仓
Spyder,778420,EB2602010021908,退货入库,6941816947827,1,1,1,24324EF509M001,黑色裤子,黑色,,2026-02-04 16:00:01,2026-02-07 09:50:58,已完成,已完成,2026-02-07 10:29:36,JDVA41775699810,,合肥仓
Spyder,778423,EB2601310019853,退货入库,6942133525415,1,1,1,25425CF431M001,T恤,黑色,,2026-02-05 09:03:01,2026-02-09 11:08:36,已完成,已完成,2026-02-09 11:18:02,JDX048880284941,,合肥仓
Spyder,778424,EB2601310019853,退货入库,6932472792012,1,1,1,25325EF417M001,T恤,黑色,,2026-02-05 09:03:01,2026-02-09 11:08:27,已完成,已完成,2026-02-09 11:18:02,JDX048880284941,,合肥仓
Spyder,778426,EB2601310019853,退货入库,6932472791862,1,1,1,25325EF401M001,T恤,黑色,,2026-02-05 09:03:00,2026-02-09 11:08:18,已完成,已完成,2026-02-09 11:18:02,JDX048880284941,,合肥仓
Spyder,778438,EB2602010045972,退货入库,6932472791398,1,1,1,25325EF201M001,羽绒服,黑色,,2026-02-05 11:47:00,2026-02-08 09:50:49,已完成,已完成,2026-02-08 13:29:46,JDX048913974345,,合肥仓
Spyder,778446,EB2601310030519,退货入库,6932472706736,1,1,1,24424CF236WW03,鸟羽白羽绒服,鸟羽白,,2026-02-04 17:41:00,2026-02-07 15:08:56,已完成,已完成,2026-02-07 15:09:07,773405409423752,,合肥仓
Spyder,778453,EB2602010044065,退货入库,6941816959677,1,1,1,24424EF249M335,深棕绿三合一夹克,深棕叶绿;深棕绿,,2026-02-05 10:16:00,2026-02-07 11:27:45,已完成,已完成,2026-02-07 11:30:07,JDX048913451572,,合肥仓
Spyder,778460,EB2601300034316,退货入库,6941816996740,1,1,1,24324CF104WR03,野莓粉夹克,野梅粉,,2026-02-04 17:03:00,2026-02-07 14:23:49,已完成,已完成,2026-02-07 14:53:06,772056213030698,,合肥仓
Spyder,778463,EB2602010046708,退货入库,6942133528300,1,1,1,25425CF217M001,羽绒服,黑色,,2026-02-05 10:01:01,2026-02-06 16:46:39,已完成,已完成,2026-02-06 17:55:46,73595044040030,,合肥仓
Spyder,778465,EB2602010034016,退货入库,6941816997518,1,1,1,24324CF135MN22,灰铜绿夹克,灰铜绿,,2026-02-05 10:06:00,2026-02-07 17:41:09,已完成,已完成,2026-02-07 19:23:07,435033796196623,,合肥仓
Spyder,778475,EB2602010046464,退货入库,6941816996641,1,1,1,24324CF102W001,黑色夹克,黑色,,2026-02-04 17:32:00,2026-02-07 17:45:21,已完成,已完成,2026-02-07 19:23:08,78979404028023,,合肥仓
Spyder,778477,EB2601290040137,退货入库,6941816919022,1,0,0,24124MS116W2BM,浅卡其夹克,浅卡其,,2026-02-06 16:05:01,,待收货,待收货,,1320453273933,,合肥仓
Spyder,778478,EB2601280022821,退货入库,6942133550332,1,1,1,26102TO26121KWR03,长袖T恤,野梅粉,,2026-02-04 17:40:01,2026-02-06 13:10:04,已完成,已完成,2026-02-06 14:27:10,773405408406185,,合肥仓
Spyder,778485,EB2601140037514,退货入库,6941816959417,1,1,1,24424EF207U001,黑色羽绒服,黑色,,2026-02-04 18:54:00,2026-02-06 10:57:03,已完成,已完成,2026-02-06 11:02:33,JDX048888423290,,合肥仓
Spyder,778486,EB2601140037514,退货入库,6941816959585,1,1,1,24424EF225MN22,灰铜绿羽绒服,灰铜绿,,2026-02-04 18:54:03,2026-02-06 10:59:12,已完成,已完成,2026-02-06 11:02:34,JDX048888423290,,合肥仓
Spyder,778487,EB2601140037514,退货入库,6941816959455,1,1,1,24424EF207UN22,灰铜绿羽绒服,灰铜绿,,2026-02-04 18:54:00,2026-02-06 10:56:47,已完成,已完成,2026-02-06 11:02:33,JDX048888423290,,合肥仓
Spyder,778488,EB2601140037514,退货入库,6941816959547,1,1,1,24424EF225MB01,藏青色羽绒服,藏青色1,,2026-02-04 18:54:01,2026-02-06 10:57:31,已完成,已完成,2026-02-06 11:02:34,JDX048888423290,,合肥仓
Spyder,778489,EB2601140037514,退货入库,6941816959493,1,1,1,24424EF225M001,黑色羽绒服,黑色,,2026-02-04 18:54:03,2026-02-06 10:59:26,已完成,已完成,2026-02-06 11:02:34,JDX048888423290,,合肥仓
Spyder,778493,EB2602010039942,退货入库,6942133510114,1,1,1,25425MF119M001,夹克,黑色,,2026-02-04 17:58:00,2026-02-08 09:37:55,已完成,已完成,2026-02-08 13:29:44,JDVA41779853877,,合肥仓
Spyder,778495,EB2601010021977,退货入库,6942133545130,1,1,1,26102OE26101KMN15,短袖POLO衫,磁石灰,,2026-02-04 18:54:02,2026-02-06 10:59:00,已完成,已完成,2026-02-06 11:02:34,JDX048888423290,,合肥仓
Spyder,778496,EB2601010021977,退货入库,6942133545048,1,1,1,26102OE26101KM001,短袖POLO衫,黑色,,2026-02-04 18:54:03,2026-02-06 10:59:36,已完成,已完成,2026-02-06 11:02:34,JDX048888423290,,合肥仓
Spyder,778499,EB2601040023586,退货入库,6942133548827,1,1,1,26102TE26102KMN09,短袖T恤,科技灰,,2026-02-04 18:54:02,2026-02-06 10:57:50,已完成,已完成,2026-02-06 11:02:34,JDX048888423290,,合肥仓
Spyder,778500,EB2601010021977,退货入库,6942133545086,1,1,1,26102OE26101KMN09,短袖POLO衫,科技灰,,2026-02-04 18:54:02,2026-02-06 10:58:03,已完成,已完成,2026-02-06 11:02:34,JDX048888423290,,合肥仓
Spyder,778505,EB2602020020716,退货入库,6932472706095,1,1,1,24424CF213M001,黑色羽绒服,黑色,,2026-02-05 08:50:00,2026-02-08 16:11:10,已完成,已完成,2026-02-08 17:40:03,631147995848325,,合肥仓
Spyder,778519,EB2601280044392,退货入库,6932472711822,1,1,1,24424CR117M600,红色夹克,RED；红色,,2026-02-05 10:13:01,2026-02-07 19:00:54,已完成,已完成,2026-02-07 20:25:48,73595057228044,,合肥仓
Spyder,778528,EB2602010041386,退货入库,6942105348929,1,1,1,99923EF133M001,黑色冲锋衣,黑色,,2026-02-04 18:41:00,2026-02-06 10:37:55,已完成,已完成,2026-02-06 11:02:32,JDVA41780941942,,合肥仓
Spyder,778550,EB2601280035758,退货入库,6942105348929,1,1,1,99923EF133M001,黑色冲锋衣,黑色,,2026-02-05 09:52:00,2026-02-07 19:15:23,已完成,已完成,2026-02-07 20:25:49,73595063607535,,合肥仓
Spyder,778555,EB2601080041495,退货入库,6932472791381,1,0,0,25325EF201M001,羽绒服,黑色,,2026-02-04 19:10:00,,待收货,待收货,,JDVA41781661053,,合肥仓
Spyder,778568,EB2602010021705,退货入库,6932472753129,1,1,1,25125MS417M001,黑色POLO衫,黑色,,2026-02-05 10:22:00,2026-02-09 16:46:21,已完成,已完成,2026-02-09 17:25:19,73595067710166,,合肥仓
Spyder,778575,EB2602010032766,退货入库,6932472751163,1,1,1,25125ES457MW03,鸟羽白T恤,鸟羽白,,2026-02-05 08:20:00,2026-02-08 15:12:39,已完成,已完成,2026-02-08 17:39:55,SF5124524709761,,合肥仓
Spyder,778588,EB2602020021409,退货入库,6941767107196,1,1,1,22422CF304W001,黑色卫衣,黑色,,2026-02-05 18:11:00,2026-02-08 13:54:50,已完成,已完成,2026-02-08 14:20:21,772056214336971,,合肥仓
Spyder,778589,EB2602020021410,退货入库,6941816921384,1,1,1,24224ES471M906,炭灰色T恤,炭灰色,,2026-02-05 18:12:01,2026-02-08 13:55:11,已完成,已完成,2026-02-08 14:20:21,772056214336971,,合肥仓
Spyder,778592,EB2602020020370,退货入库,6941816947865,1,1,1,24324EF543M001,黑色裤子,黑色,,2026-02-04 19:41:00,2026-02-08 16:57:03,已完成,已完成,2026-02-08 17:40:08,JDVA41782355223,,合肥仓
Spyder,778601,EB2602020026151,退货入库,6941816959639,1,1,1,24424EF249M001,黑色三合一夹克,黑色,,2026-02-04 19:51:00,2026-02-07 17:37:26,已完成,已完成,2026-02-07 19:23:07,JDVA41782491194,,合肥仓
Spyder,778603,EB2602020026151,退货入库,6932472701892,1,1,1,24424EF161M001,黑色冲锋衣,黑色,,2026-02-04 19:51:00,2026-02-07 17:37:21,已完成,已完成,2026-02-07 19:23:07,JDVA41782491194,,合肥仓
Spyder,778604,EB2601280024028,退货入库,6932472791398,1,1,1,25325EF201M001,羽绒服,黑色,,2026-02-06 16:05:01,2026-02-07 19:22:57,已完成,已完成,2026-02-07 20:25:51,631148261677716,,合肥仓
Spyder,778641,EB2602020028468,退货入库,6942105377837,1,1,1,24124MR323M001,黑色卫衣,黑色,,2026-02-05 09:55:00,2026-02-07 14:25:11,已完成,已完成,2026-02-07 14:53:06,631148022509277,,合肥仓
Spyder,778653,EB2602020023264,退货入库,6941816959738,1,1,1,24424EF249MB01,藏青色三合一夹克,藏青色1,,2026-02-04 20:27:00,2026-02-07 17:39:27,已完成,已完成,2026-02-07 19:23:07,JDVA41783299977,,合肥仓
Spyder,778696,EB2602020023267,退货入库,6942105346307,1,1,1,23423CF525MN20,岩草灰裤子,岩草灰,,2026-02-05 09:23:00,2026-02-07 14:06:57,已完成,已完成,2026-02-07 14:53:04,JT3152795748249,,合肥仓
Spyder,778702,EB2602040001381,退货入库,6932472791299,1,1,1,25325EF119M001,冲锋衣,黑色,,2026-02-04 21:07:00,2026-02-05 11:36:10,已完成,已完成,2026-02-05 11:45:02,78980046471398,,合肥仓
Spyder,778705,EB2602020035185,退货入库,6941816947681,1,1,1,24324EF325M001,黑色卫衣,黑色,,2026-02-04 21:09:00,2026-02-07 18:58:30,已完成,已完成,2026-02-07 20:25:47,JDVA41784042731,,合肥仓
Spyder,778706,EB2602020035185,退货入库,6932472791992,1,1,1,25325EF417M001,T恤,黑色,,2026-02-04 21:09:00,2026-02-07 18:58:24,已完成,已完成,2026-02-07 20:25:47,JDVA41784042731,,合肥仓
Spyder,778707,EB2602020035185,退货入库,6932472701892,1,1,1,24424EF161M001,黑色冲锋衣,黑色,,2026-02-04 21:09:01,2026-02-07 18:58:35,已完成,已完成,2026-02-07 20:25:47,JDVA41784042731,,合肥仓
Spyder,778712,EB2601260048542,退货入库,6941816947612,1,1,1,24324EF171MMHG,黑色/绿色夹克,黑色/绿色,,2026-02-06 19:48:00,2026-02-09 16:36:31,已完成,已完成,2026-02-09 17:25:18,73595431792787,,合肥仓
Spyder,778720,EB2602010042589,退货入库,6942133518066,1,1,1,25325CF116W001,冲锋衣,黑色,,2026-02-04 21:21:00,2026-02-08 17:40:48,已完成,已完成,2026-02-08 18:54:24,JDVA41784241048,,合肥仓
Spyder,778726,EB2602010040250,退货入库,6942105357297,1,1,1,24124XS501MN02,深灰,深灰色;灰色,,2026-02-04 21:27:00,2026-02-07 09:52:22,已完成,已完成,2026-02-07 10:29:36,JDVA41784356902,,合肥仓
Spyder,778728,EB2602020021410,换货入库,6941816921421,1,1,1,24224ES471MB13,浅灰蓝T恤,浅灰蓝,,2026-02-05 20:57:00,2026-02-08 13:54:41,已完成,已完成,2026-02-08 14:20:21,772056214336971,,合肥仓
Spyder,778734,EB2601250024684,退货入库,6941816948381,1,1,1,24324MF503M906,炭灰色裤子,炭灰色,,2026-02-04 21:37:00,2026-02-10 10:04:46,已完成,已完成,2026-02-10 10:39:20,JDVA41784498732,,合肥仓
Spyder,778737,EB2602010047766,退货入库,6941816947506,1,1,1,24324EF103MN02,深灰色夹克,深灰色;灰色,,2026-02-04 21:38:00,2026-02-07 10:03:50,已完成,已完成,2026-02-07 10:29:37,JDVA41784521684,,合肥仓
Spyder,778746,EB2602030023002,退货入库,6942133550394,1,1,1,26102TO26121KWW07,长袖T恤,雪白色,,2026-02-05 09:50:01,2026-02-07 14:15:05,已完成,已完成,2026-02-07 14:53:06,YT2582468881988,,合肥仓
Spyder,778754,EB2602020039862,退货入库,6941816947940,1,1,1,24324EF543MN02,深灰色裤子,深灰色;灰色,,2026-02-05 09:08:00,2026-02-06 17:27:51,已完成,已完成,2026-02-06 17:55:50,435033568783457,,合肥仓
Spyder,778764,EB2602010047766,退货入库,6932472792005,1,1,1,25325EF417M001,T恤,黑色,,2026-02-04 21:59:00,2026-02-07 10:04:00,已完成,已完成,2026-02-07 10:29:38,JDVA41784521684,,合肥仓
Spyder,778769,EB2602010034573,退货入库,6932472769700,1,1,1,25225MS039M001,黑色POLO衫,黑色,,2026-02-05 09:41:00,2026-02-10 13:26:53,已完成,已完成,2026-02-10 14:38:54,YT2541968686828,,合肥仓
Spyder,778772,EB2602010036316,退货入库,6941816947605,1,1,1,24324EF171MMHG,黑色/绿色夹克,黑色/绿色,,2026-02-05 10:13:00,2026-02-08 16:45:12,已完成,已完成,2026-02-08 17:40:06,312954987903256,,合肥仓
Spyder,778776,EB2602010036316,退货入库,6942105357815,1,1,1,99924ES105M001,黑色夹克,黑色,,2026-02-05 10:13:00,2026-02-08 16:45:06,已完成,已完成,2026-02-08 17:40:06,312954987903256,,合肥仓
Spyder,778786,EB2602010044049,退货入库,6942133511340,1,1,1,25425MF529M001,裤子,黑色,,2026-02-05 11:17:00,2026-02-07 18:47:39,已完成,已完成,2026-02-07 19:23:11,435033978696822,,合肥仓
Spyder,778830,EB2601310017322,退货入库,6942105355156,1,1,1,23323EF251MXG9,海草绿羽绒服,海草绿,,2026-02-05 10:01:00,2026-02-07 17:44:11,已完成,已完成,2026-02-07 19:23:08,73595118450528,,合肥仓
Spyder,778831,EB2602020049210,退货入库,6942133532208,1,1,1,25325CF907U001,帽子,黑色,,2026-02-05 10:06:00,2026-02-07 14:07:47,已完成,已完成,2026-02-07 14:53:04,YT2582468308658,,合肥仓
Spyder,778848,EB2602040034014,退货入库,6941816998560,1,1,1,24324CF412WW03,鸟羽白T恤,鸟羽白,,2026-02-04 22:50:01,2026-02-10 16:59:50,已完成,已完成,2026-02-10 17:28:52,78980278901312,,合肥仓
Spyder,778849,EB2602040034013,退货入库,6941816998539,1,1,1,24324CF412WC11,暖杏色T恤,C11,,2026-02-04 22:50:00,2026-02-10 16:42:32,已完成,已完成,2026-02-10 17:28:49,78980277435357,,合肥仓
Spyder,778850,EB2602040033009,退货入库,6932472769441,1,1,1,25225MS029MXG9,海草绿T恤,海草绿,,2026-02-04 22:51:00,2026-02-05 11:29:51,已完成,已完成,2026-02-05 11:45:01,78980266367185,,合肥仓
Spyder,778855,EB2601310045747,退货入库,6942133510541,1,1,1,25425MF243M001,三合一,黑色,,2026-02-04 22:59:00,2026-02-08 09:53:47,已完成,已完成,2026-02-08 13:29:46,JDVA41785674142,,合肥仓
Spyder,778870,EB2601310046276,换货入库,6941816947858,1,1,1,24324EF543M001,黑色裤子,黑色,,2026-02-05 08:52:00,2026-02-07 19:04:01,已完成,已完成,2026-02-07 20:25:48,73595100035568,,合肥仓
Spyder,778889,EB2602020033753,退货入库,6932472761728,1,1,1,25125CS489MG30,香根绿T恤,香根绿,,2026-02-05 00:03:01,2026-02-07 10:26:23,已完成,已完成,2026-02-07 10:29:43,JDVA41786236724,,合肥仓
Spyder,778890,EB2602020033753,退货入库,6932472770201,1,1,1,25225CS003M001,T恤,黑色,,2026-02-05 00:03:01,2026-02-07 10:26:33,已完成,已完成,2026-02-07 10:29:43,JDVA41786236724,,合肥仓
Spyder,778891,EB2602020033753,退货入库,6932472770287,1,1,1,25225CS003MN89,T恤,硬石灰;深银灰,,2026-02-05 00:03:00,2026-02-07 10:26:13,已完成,已完成,2026-02-07 10:29:43,JDVA41786236724,,合肥仓
Spyder,778892,EB2602020033753,退货入库,6932472769601,1,1,1,25225MS037M001,黑色T恤,黑色,,2026-02-05 00:03:00,2026-02-07 10:26:01,已完成,已完成,2026-02-07 10:29:43,JDVA41786236724,,合肥仓
Spyder,778899,EB2602010047469,退货入库,6942133550028,1,1,1,26102TO26116KM001,短袖T恤,黑色,,2026-02-06 16:05:03,2026-02-08 15:25:44,已完成,已完成,2026-02-08 17:39:58,JT3152948926200,,合肥仓
Spyder,778900,EB2602010047469,退货入库,6932472752481,2,2,2,25125MR511M001,黑色裤子,黑色,,2026-02-06 16:05:03,2026-02-08 15:25:35,已完成,已完成,2026-02-08 17:39:58,JT3152948926200,,合肥仓
Spyder,778901,EB2602010047469,退货入库,6942133550158,1,1,1,26102TO26116KMN26,短袖T恤,烟灰色,,2026-02-06 15:48:00,2026-02-08 15:25:11,已完成,已完成,2026-02-08 17:39:57,JT3152948926200,,合肥仓
Spyder,778902,EB2602010047469,退货入库,6942133550004,1,1,1,26102TO26116KM001,短袖T恤,黑色,,2026-02-06 16:05:02,2026-02-08 15:25:23,已完成,已完成,2026-02-08 17:39:58,JT3152948926200,,合肥仓
Spyder,778919,EB2601310022130,退货入库,6942105349094,1,1,1,99923ER107M001,黑色夹克,黑色,,2026-02-05 10:13:01,2026-02-07 17:51:37,已完成,已完成,2026-02-07 19:23:09,73595108887834,,合肥仓
Spyder,778922,EB2602030028025,退货入库,6932472791428,1,1,1,25325EF201MB06,羽绒服,灰蓝色,,2026-02-05 17:48:00,2026-02-07 14:37:17,已完成,已完成,2026-02-07 14:53:07,JT3152884653085,,合肥仓
Spyder,778925,EB2601310023588,退货入库,6932472792159,1,1,1,25325EF517M001,裤子,黑色,,2026-02-05 11:42:00,2026-02-08 16:47:56,已完成,已完成,2026-02-08 17:40:07,312955040352007,,合肥仓
Spyder,778931,EB2602010045115,退货入库,6941816947810,1,1,1,24324EF509M001,黑色裤子,黑色,,2026-02-05 10:40:01,2026-02-07 18:52:11,已完成,已完成,2026-02-07 19:23:11,JDX048914646026,,合肥仓
Spyder,778948,EB2602020024244,退货入库,6905853612858,1,1,1,21421CF232W001,黑色棉服,黑色,,2026-02-05 13:18:00,2026-02-07 14:30:31,已完成,已完成,2026-02-07 14:53:07,631148099417133,,合肥仓
Spyder,778951,EB2602010026232,退货入库,6932472791862,1,1,1,25325EF401M001,T恤,黑色,,2026-02-05 10:52:02,2026-02-09 11:09:58,已完成,已完成,2026-02-09 11:18:03,1352248958418,,合肥仓
Spyder,778953,EB2601300045996,退货入库,6942105349124,1,1,1,99923ER139M001,黑色夹克,黑色,,2026-02-05 10:43:00,2026-02-07 19:05:30,已完成,已完成,2026-02-07 20:25:48,73595120190710,,合肥仓
Spyder,778975,EB2602010045564,换货入库,6942105390386,1,1,1,24124CS419U600,红色T恤,RED；红色,,2026-02-05 10:31:02,2026-02-07 19:13:38,已完成,已完成,2026-02-07 20:25:49,631148040315293,,合肥仓
Spyder,778976,EB2602020021409,退货入库,6941767151816,1,1,1,23223CS514W001,黑色半身裙,黑色,,2026-02-05 18:12:00,2026-02-08 13:55:02,已完成,已完成,2026-02-08 14:20:21,772056214336971,,合肥仓
Spyder,778980,EB2601310032096,换货入库,6942133526122,1,1,1,25325CF203M001,羽绒服,黑色,,2026-02-05 11:37:00,2026-02-07 14:22:23,已完成,已完成,2026-02-07 14:53:06,631148065734359,,合肥仓
Spyder,779002,EB2602020000369,退货入库,6941767152370,1,1,1,23223CS523MB16,蓝石色裤子,蓝石色,,2026-02-05 09:54:01,2026-02-07 09:39:08,已完成,已完成,2026-02-07 10:29:35,JDVA41795854465,,合肥仓
Spyder,779003,EB2602020000369,退货入库,6941767152721,1,1,1,23123CS529MG07,深苔绿裤子,深苔绿,,2026-02-05 09:54:00,2026-02-07 09:38:54,已完成,已完成,2026-02-07 10:29:35,JDVA41795854465,,合肥仓
Spyder,779004,EB2602020026157,退货入库,6932472751996,1,1,1,25125ES531M001,黑色裤子,黑色,,2026-02-05 09:55:01,2026-02-07 09:58:24,已完成,已完成,2026-02-07 10:29:37,JDVA41795919903,,合肥仓
Spyder,779005,EB2602020000369,退货入库,6942105343511,1,1,1,23423CF203M220,焦糖色三合一夹克,焦糖色1,,2026-02-05 09:55:02,2026-02-07 09:39:22,已完成,已完成,2026-02-07 10:29:35,JDVA41795854465,,合肥仓
Spyder,779006,EB2602030021225,退货入库,6932472707412,1,1,1,24424CF265M600,红色羽绒服,RED；红色,,2026-02-05 09:55:02,2026-02-07 19:02:53,已完成,已完成,2026-02-07 20:25:48,75624579608461,,合肥仓
Spyder,779017,EB2602010034561,退货入库,6932472791787,1,1,1,25325EF247MC12,棉服,枯木棕,,2026-02-05 12:02:00,2026-02-07 18:54:54,已完成,已完成,2026-02-07 19:23:12,73595142071962,,合肥仓
Spyder,779029,EB2601310025701,退货入库,6941816947728,1,1,1,24324EF325MB01,藏青色卫衣,藏青色1,,2026-02-05 13:02:00,2026-02-08 16:41:34,已完成,已完成,2026-02-08 17:40:06,312955087360091,,合肥仓
Spyder,779058,EB2602020028033,退货入库,6932472791787,1,1,1,25325EF247MC12,棉服,枯木棕,,2026-02-05 13:22:00,2026-02-07 19:10:43,已完成,已完成,2026-02-07 20:25:49,73595159086494,,合肥仓
Spyder,779068,EB2601250021813,退货入库,6905853664321,1,1,1,21421CF134WE01,米色夹克,米白色,,2026-02-05 11:40:01,2026-02-07 10:10:04,已完成,已完成,2026-02-07 10:29:38,JDVA41800203827,,合肥仓
Spyder,779086,EB2602010031546,退货入库,6941816944659,1,1,1,24424MF417MB01,藏青色T恤,藏青色1,,2026-02-06 15:58:00,2026-02-08 14:01:52,已完成,已完成,2026-02-08 14:20:22,772056275822565,,合肥仓
Spyder,779088,EB2602010031546,退货入库,6941816942693,1,1,1,24324MF401M001,黑色T恤,黑色,,2026-02-06 15:58:00,2026-02-08 14:01:59,已完成,已完成,2026-02-08 14:20:23,772056275822565,,合肥仓
Spyder,779099,EB2601290045144,退货入库,6941816959684,1,1,1,24424EF249M335,深棕绿三合一夹克,深棕叶绿;深棕绿,,2026-02-05 15:41:00,2026-02-07 11:10:37,已完成,已完成,2026-02-07 11:30:05,JDX048929665305,,合肥仓
Spyder,779100,EB2602010026820,退货入库,6941816960178,1,1,1,24424MF225M001,黑色羽绒服,黑色,,2026-02-05 14:30:01,2026-02-08 15:16:24,已完成,已完成,2026-02-08 17:39:56,SF5109900298066,,合肥仓
Spyder,779102,EB2602010021353,退货入库,6941816960628,1,1,1,24424MR201MN22,灰铜绿羽绒服,灰铜绿,,2026-02-05 14:29:00,2026-02-08 15:16:18,已完成,已完成,2026-02-08 17:39:56,SF5109900298066,,合肥仓
Spyder,779112,EB2602030018172,退货入库,6942105308701,1,1,1,23323CF415MN19,玉石灰T恤,玉石灰,,2026-02-05 12:49:01,2026-02-06 17:15:01,已完成,已完成,2026-02-06 17:55:49,JDVA41802091387,,合肥仓
Spyder,779115,EB2601300040826,退货入库,6932472791473,1,1,1,25325EF201MC12,羽绒服,枯木棕,,2026-02-05 18:08:00,2026-02-07 15:00:46,已完成,已完成,2026-02-07 15:09:06,772056268327551,,合肥仓
Spyder,779130,EB2602020036059,退货入库,6941816947858,1,1,1,24324EF543M001,黑色裤子,黑色,,2026-02-05 15:49:00,2026-02-07 10:00:00,已完成,已完成,2026-02-07 10:29:37,JDX048932140478,,合肥仓
Spyder,779151,EB2601280022985,退货入库,6942133505677,1,1,1,25325MF111M001,夹克,黑色,,2026-02-07 11:18:00,2026-02-09 13:19:48,已完成,已完成,2026-02-09 15:22:26,773405913553634,,合肥仓
Spyder,779187,EB2602020019689,退货入库,6942105309555,1,1,1,23323CF516W670,羽毛灰裤子,羽毛灰,,2026-02-05 16:26:00,2026-02-07 14:12:09,已完成,已完成,2026-02-07 14:53:05,YT2542000835637,,合肥仓
Spyder,779189,EB2602010045774,退货入库,6905853736776,1,1,1,22222CS438WB17,运动内衣,石磨蓝,,2026-02-07 16:25:00,2026-02-07 17:47:10,已完成,已完成,2026-02-07 19:23:08,YT2542000835637,,合肥仓
Spyder,779191,EB2602010045775,退货入库,6905853736615,1,1,1,22222CS434W001,运动内衣,黑色,,2026-02-05 16:26:00,2026-02-07 14:12:24,已完成,已完成,2026-02-07 14:53:05,YT2542000835637,,合肥仓
Spyder,779195,EB2602020036927,退货入库,6932472708075,1,1,1,24424XF247MG27,葡叶绿三合一夹克,葡叶绿,,2026-02-05 14:52:00,2026-02-06 19:16:45,已完成,已完成,2026-02-06 19:47:46,SF5109926139807,,合肥仓
Spyder,779204,EB2602030029662,退货入库,6905853734550,1,1,1,22122CS149MN08,夹克,银灰,,2026-02-05 15:05:00,2026-02-07 18:54:08,已完成,已完成,2026-02-07 19:23:12,JDVA41807360741,,合肥仓
Spyder,779208,EB2601200022949,退货入库,6942133528881,1,1,1,25425CF112WG33,夹克,湖水绿,,2026-02-05 17:28:00,2026-02-07 17:49:36,已完成,已完成,2026-02-07 19:23:09,772056266453891,,合肥仓
Spyder,779242,EB2601280020007,退货入库,6932472791992,1,1,1,25325EF417M001,T恤,黑色,,2026-02-06 09:41:02,2026-02-08 16:01:44,已完成,已完成,2026-02-08 17:40:02,73595213083805,,合肥仓
Spyder,779248,EB2602020037530,退货入库,6942105344600,1,1,1,23423CF220WN19,玉石灰羽绒服,玉石灰,,2026-02-05 16:18:00,2026-02-07 15:02:49,已完成,已完成,2026-02-07 15:09:06,631148140766166,,合肥仓
Spyder,779250,EB2602010040248,退货入库,6942133506513,1,1,1,25325MF229M001,羽绒服,黑色,,2026-02-05 16:30:00,2026-02-07 09:40:58,已完成,已完成,2026-02-07 10:29:35,SF5126940105007,,合肥仓
Spyder,779257,EB2602030034234,退货入库,6942133530754,1,1,1,25425CF527M001,裤子,黑色,,2026-02-06 17:13:01,2026-02-09 16:12:25,已完成,已完成,2026-02-09 17:25:16,73595216933544,,合肥仓
Spyder,779258,EB2602030034234,退货入库,6942133530747,1,1,1,25425CF527M001,裤子,黑色,,2026-02-06 17:14:00,2026-02-09 16:12:36,已完成,已完成,2026-02-09 17:25:16,73595216933544,,合肥仓
Spyder,779274,EB2601300021544,退货入库,6941816947841,1,1,1,24324EF543M001,黑色裤子,黑色,,2026-02-07 11:07:00,2026-02-09 13:48:23,已完成,已完成,2026-02-09 15:22:29,773405911290649,,合肥仓
Spyder,779298,EB2602040027748,退货入库,6941816947803,1,1,1,24324EF509M001,黑色裤子,黑色,,2026-02-06 16:03:00,2026-02-08 15:55:23,已完成,已完成,2026-02-08 17:40:00,772056293338011,,合肥仓
Spyder,779304,EB2601280031667,退货入库,6942133507909,1,1,1,25325MF409MG20,T恤,云杉绿,,2026-02-07 11:06:00,2026-02-09 13:54:02,已完成,已完成,2026-02-09 15:22:30,773405911131600,,合肥仓
Spyder,779318,EB2602020032647,退货入库,192636313781,1,1,1,22122US509M214,岩石色滑雪裤,岩石色,,2026-02-06 16:04:02,2026-02-07 18:56:54,已完成,已完成,2026-02-07 19:23:12,631148179042472,,合肥仓
Spyder,779319,EB2602020046273,退货入库,6941816920707,1,1,1,24224CS535MGP1,灰绿满印短裤,灰绿满印,,2026-02-05 17:46:02,2026-02-07 18:42:07,已完成,已完成,2026-02-07 19:23:10,JDVA41813595050,,合肥仓
Spyder,779320,EB2602020046056,退货入库,6941816920691,1,1,1,24224CS535MGP1,灰绿满印短裤,灰绿满印,,2026-02-05 17:47:00,2026-02-07 18:37:15,已完成,已完成,2026-02-07 19:23:10,JDVA41813633992,,合肥仓
Spyder,779332,EB2602020045803,退货入库,6941816947704,1,1,1,24324EF325M001,黑色卫衣,黑色,,2026-02-05 18:02:00,2026-02-07 18:50:05,已完成,已完成,2026-02-07 19:23:11,JDVA41814071152,,合肥仓
Spyder,779341,EB2602020041366,退货入库,6941816959974,1,1,1,24424MF214WR02,粉水晶三合一夹克,粉水晶,,2026-02-05 18:10:00,2026-02-09 10:04:20,已完成,已完成,2026-02-09 11:17:55,JDVA41814303424,,合肥仓
Spyder,779349,EB2602020044918,退货入库,6941816997013,1,1,1,24324CF109M001,黑色夹克,黑色,,2026-02-05 18:33:00,2026-02-08 16:46:35,已完成,已完成,2026-02-08 17:40:06,435034850844163,,合肥仓
Spyder,779350,EB2602020045571,退货入库,6942133527990,1,1,1,25325CF420W001,T恤,黑色,,2026-02-06 09:27:01,2026-02-08 13:59:40,已完成,已完成,2026-02-08 14:20:22,631148192860944,,合肥仓
Spyder,779351,EB2602020045571,退货入库,6942133516994,1,1,1,25325CF104WN96,夹克,宁静灰,,2026-02-06 09:27:00,2026-02-08 13:59:32,已完成,已完成,2026-02-08 14:20:22,631148192860944,,合肥仓
Spyder,779357,EB2602020046780,退货入库,6942133547110,1,1,1,26102PO26102KM001,针织长裤,黑色,,2026-02-06 15:51:00,2026-02-08 15:18:08,已完成,已完成,2026-02-08 17:39:57,JT3152948335089,,合肥仓
Spyder,779373,EB2602020043778,退货入库,6932472792067,1,1,1,25325EF417MN15,T恤,磁石灰,,2026-02-06 09:41:01,2026-02-08 16:44:57,已完成,已完成,2026-02-08 17:40:06,JDX048974607884,,合肥仓
Spyder,779374,EB2602020022786,退货入库,6942133507046,1,1,1,25325MF305MC14,卫衣,枯栗褐,,2026-02-06 16:05:04,2026-02-08 11:19:21,已完成,已完成,2026-02-08 13:29:59,JT3152969840828,,合肥仓
Spyder,779376,EB2602020033765,退货入库,6942105347137,1,0,0,23423MF247M001,黑色棉服,黑色,,2026-02-06 16:05:03,,待收货,待收货,,1320452710733,,合肥仓
Spyder,779380,EB2602020022785,退货入库,6942105307605,1,1,1,23323CF301M0MT,灰绿卫衣,灰绿,,2026-02-06 16:05:01,2026-02-08 11:18:53,已完成,已完成,2026-02-08 13:29:59,JT3152969840828,,合肥仓
Spyder,779384,EB2602040028864,退货入库,6941816960628,1,1,1,24424MR201MN22,灰铜绿羽绒服,灰铜绿,,2026-02-05 19:00:01,2026-02-06 16:43:40,已完成,已完成,2026-02-06 17:55:45,JDVA41815489244,,合肥仓
Spyder,779385,EB2602040028864,退货入库,6941816947841,1,1,1,24324EF543M001,黑色裤子,黑色,,2026-02-05 19:00:01,2026-02-06 16:43:47,已完成,已完成,2026-02-06 17:55:45,JDVA41815489244,,合肥仓
Spyder,779394,EB2602030025982,退货入库,6932472792005,1,1,1,25325EF417M001,T恤,黑色,,2026-02-06 09:03:00,2026-02-08 15:50:52,已完成,已完成,2026-02-08 17:40:00,73595246853257,,合肥仓
Spyder,779395,EB2601290027352,退货入库,6932472791398,1,0,0,25325EF201M001,羽绒服,黑色,,2026-02-07 20:05:00,,待收货,待收货,,73595607372493,,合肥仓
Spyder,779409,EB2602030024855,退货入库,6932472752016,1,0,0,25125ES531M001,黑色裤子,黑色,,2026-02-06 17:52:00,,待收货,待收货,,YT2582616164853,,合肥仓
Spyder,779443,EB2602030022842,退货入库,6941816947940,1,1,1,24324EF543MN02,深灰色裤子,深灰色;灰色,,2026-02-05 20:31:01,2026-02-09 09:24:17,已完成,已完成,2026-02-09 11:17:53,SF5126981083495,,合肥仓
Spyder,779452,EB2602020024074,退货入库,6932472706682,1,1,1,24424CF236W001,黑色羽绒服,黑色,,2026-02-05 20:03:00,2026-02-10 09:56:53,已完成,已完成,2026-02-10 10:39:19,JDVA41816798429,,合肥仓
Spyder,779453,EB2601310040830,退货入库,6942133545048,1,1,1,26102OE26101KM001,短袖POLO衫,黑色,,2026-02-06 13:22:00,2026-02-10 10:32:17,已完成,已完成,2026-02-10 10:39:25,JDX048960864956,,合肥仓
Spyder,779473,EB2601310037524,退货入库,6942133509248,1,1,1,25325MR106W001,夹克,黑色,,2026-02-06 16:04:00,2026-02-08 14:07:23,已完成,已完成,2026-02-08 14:20:23,772056280990544,,合肥仓
Spyder,779474,EB2602010028286,退货入库,6942133509262,1,1,1,25325MR106W001,夹克,黑色,,2026-02-06 16:04:01,2026-02-08 14:07:32,已完成,已完成,2026-02-08 14:20:23,772056280990544,,合肥仓
Spyder,779490,EB2602030034613,退货入库,6941816947865,1,1,1,24324EF543M001,黑色裤子,黑色,,2026-02-06 09:02:02,2026-02-08 10:23:19,已完成,已完成,2026-02-08 13:29:51,JDX048975564710,,合肥仓
Spyder,779542,EB2602020044333,退货入库,6942133550493,1,1,1,26102TO26124KM001,长袖T恤,黑色,,2026-02-05 21:10:00,2026-02-09 11:25:05,已完成,已完成,2026-02-09 11:53:05,JDVA41818144910,,合肥仓
Spyder,779562,EB2602030045664,退货入库,6942133507893,1,1,1,25325MF409MG20,T恤,云杉绿,,2026-02-06 16:04:01,2026-02-07 10:21:01,已完成,已完成,2026-02-07 10:29:40,1320607173433,,合肥仓
Spyder,779564,EB2602010018300,退货入库,6941816947728,1,1,1,24324EF325MB01,藏青色卫衣,藏青色1,,2026-02-06 16:05:04,2026-02-07 10:21:11,已完成,已完成,2026-02-07 10:29:43,1320607173433,,合肥仓
Spyder,779573,EB2602020046035,退货入库,6941816947841,1,1,1,24324EF543M001,黑色裤子,黑色,,2026-02-05 21:25:00,2026-02-08 17:06:17,已完成,已完成,2026-02-08 17:40:09,JDVA41818450605,,合肥仓
Spyder,779574,EB2602020046035,退货入库,6941816947858,1,1,1,24324EF543M001,黑色裤子,黑色,,2026-02-05 21:25:00,2026-02-08 17:06:11,已完成,已完成,2026-02-08 17:40:09,JDVA41818450605,,合肥仓
Spyder,779575,EB2602020045801,退货入库,6941767151571,1,1,1,23223CS505M001,黑色裤子,黑色,,2026-02-05 21:26:00,2026-02-08 17:07:41,已完成,已完成,2026-02-08 17:40:10,JDVA41818463259,,合肥仓
Spyder,779584,EB2602030035204,退货入库,6942133507893,1,1,1,25325MF409MG20,T恤,云杉绿,,2026-02-06 16:05:00,2026-02-08 11:12:01,已完成,已完成,2026-02-08 13:29:58,73595334661160,,合肥仓
Spyder,779595,EB2602020000044,退货入库,6942105348943,1,1,1,99923EF133M001,黑色冲锋衣,黑色,,2026-02-06 10:32:00,2026-02-08 16:03:45,已完成,已完成,2026-02-08 17:40:02,73595268746139,,合肥仓
Spyder,779604,EB2602030030161,退货入库,6932472753099,1,1,1,25125MS417M001,黑色POLO衫,黑色,,2026-02-06 10:03:08,2026-02-08 11:09:24,已完成,已完成,2026-02-08 13:29:58,73595270981079,,合肥仓
Spyder,779607,EB2602030008102,退货入库,6942105343801,1,1,1,23423CF210W670,羽毛灰背心,羽毛灰,,2026-02-05 23:56:00,2026-02-08 13:56:29,已完成,已完成,2026-02-08 14:20:22,770017181537180,,合肥仓
Spyder,779636,EB2601300038990,退货入库,6941767147604,1,0,0,23123CS302W430,天空蓝卫衣,深紫红/天空蓝,,2026-02-06 16:05:05,,待收货,待收货,,1320621783133,,合肥仓
Spyder,779637,EB2601300038990,退货入库,6941816943713,1,0,0,24324MR320WR02,粉水晶卫衣,粉水晶,,2026-02-06 16:05:00,,待收货,待收货,,1320621783133,,合肥仓
Spyder,779647,EB2602010042759,退货入库,6941816960147,1,1,1,24424MF217MN22,灰铜绿羽绒服,灰铜绿,,2026-02-06 16:05:05,2026-02-07 18:52:58,已完成,已完成,2026-02-07 19:23:11,SF5109744207448,,合肥仓
Spyder,779656,EB2602030023152,退货入库,6941816948367,1,1,1,24324MF503M906,炭灰色裤子,炭灰色,,2026-02-05 22:58:00,2026-02-07 18:59:54,已完成,已完成,2026-02-07 20:25:47,JDVA41820015787,,合肥仓
Spyder,779660,EB2602020045806,退货入库,6942105308534,1,1,1,23323CF413ME01,米色T恤,米白色,,2026-02-06 16:04:00,2026-02-09 17:10:07,已完成,已完成,2026-02-09 17:25:23,772056298389925,,合肥仓
Spyder,779662,EB2602020045807,退货入库,6942105391024,1,1,1,24124ES425MG20,云杉绿T恤,云杉绿,,2026-02-06 16:04:02,2026-02-09 13:33:50,已完成,已完成,2026-02-09 15:22:28,772056298389925,,合肥仓
Spyder,779681,EB2602020043220,退货入库,6942133510558,1,0,0,25425MF243M001,三合一,黑色,,2026-02-05 23:45:00,,待收货,待收货,,JDVA41820533591,,合肥仓
Spyder,779702,EB2601250035892,退货入库,6942133525460,1,0,0,25425CF431MN22,T恤,灰铜绿,,2026-02-10 12:04:00,,待收货,待收货,,YT2537287439562,,合肥仓
Spyder,779705,EB2602020043041,退货入库,6942133510459,1,1,1,25425MF233M001,羽绒服,黑色,,2026-02-06 00:50:01,2026-02-08 10:03:45,已完成,已完成,2026-02-08 13:29:48,JDVA41822508165,,合肥仓
Spyder,779721,EB2602030002988,退货入库,6932472792173,1,1,1,25325EF517MN02,裤子,深灰色;灰色,,2026-02-06 07:13:00,2026-02-08 09:40:03,已完成,已完成,2026-02-08 13:29:44,JDVA41824032999,,合肥仓
Spyder,779722,EB2602020004880,退货入库,6942105378216,1,1,1,24124MR513M001,黑色裤子,黑色,,2026-02-06 07:23:00,2026-02-09 11:01:24,已完成,已完成,2026-02-09 11:18:01,JDVA41824190509,,合肥仓
Spyder,779723,EB2602020004881,退货入库,6941816942914,1,1,1,24324MF408W001,黑色T恤,黑色,,2026-02-06 07:24:00,2026-02-09 11:26:14,已完成,已完成,2026-02-09 11:53:05,JDVA41824224735,,合肥仓
Spyder,779792,EB2601290045595,退货入库,6941816960284,1,1,1,24424MF227M001,黑色羽绒服,黑色,,2026-02-06 10:03:08,2026-02-08 15:10:54,已完成,已完成,2026-02-08 17:39:55,SF5126098974143,,合肥仓
Spyder,779809,EB2602030042857,退货入库,6932472791381,1,0,0,25325EF201M001,羽绒服,黑色,,2026-02-06 09:52:00,,待收货,待收货,,JDVA41830211644,,合肥仓
Spyder,779812,EB2602030031158,退货入库,6932472791732,1,1,1,25325EF247M001,棉服,黑色,,2026-02-06 11:23:01,2026-02-08 15:05:32,已完成,已完成,2026-02-08 17:39:55,SF5109259212870,,合肥仓
Spyder,779816,EB2602020043040,退货入库,6932472767591,1,0,0,25225MS545M001,黑色短裤,黑色,,2026-02-06 09:59:00,,待收货,待收货,,JDVA41830507886,,合肥仓
Spyder,779846,EB2602040022904,退货入库,6942133517151,1,1,1,25325CF119M001,夹克,黑色,,2026-02-06 12:21:00,2026-02-09 11:15:01,已完成,已完成,2026-02-09 11:18:03,73595332899435,,合肥仓
Spyder,779850,EB2602010043676,退货入库,6942133510404,1,1,1,25425MF231MN22,羽绒服,灰铜绿,,2026-02-06 11:08:00,2026-02-09 10:22:58,已完成,已完成,2026-02-09 11:17:57,JDVA41833311757,,合肥仓
Spyder,779865,EB2601310050329,退货入库,6941816959516,1,1,1,24424EF225M001,黑色羽绒服,黑色,,2026-02-07 11:13:01,2026-02-09 10:28:22,已完成,已完成,2026-02-09 11:17:58,73595341452440,,合肥仓
Spyder,779918,EB2602030045656,退货入库,6932472701885,1,1,1,24424EF161M001,黑色冲锋衣,黑色,,2026-02-06 14:22:00,2026-02-09 10:10:01,已完成,已完成,2026-02-09 11:17:56,73595356445289,,合肥仓
Spyder,779937,EB2602040028845,退货入库,6942133512613,1,1,1,253CP25FW213M999,羽绒服,黑色999,,2026-02-06 14:32:00,2026-02-08 09:59:50,已完成,已完成,2026-02-08 13:29:47,SF5109294979427,,合肥仓
Spyder,779939,EB2602020025777,退货入库,6941816958502,1,1,1,24324MF137MN22,灰铜绿夹克,灰铜绿,,2026-02-06 14:18:00,2026-02-08 17:05:56,已完成,已完成,2026-02-08 17:40:09,JDX048994961456,,合肥仓
Spyder,779955,EB2601230033222,退货入库,6941816959622,1,1,1,24424EF249M001,黑色三合一夹克,黑色,,2026-02-06 15:54:00,2026-02-08 09:56:39,已完成,已完成,2026-02-08 13:29:46,JDX048997466229,,合肥仓
Spyder,779975,779975,其他入库,192636314467,1,1,0,22122US104W028,花影印花滑雪服,花影印花,,2026-02-06 15:16:00,2026-02-09 15:45:19,待上架,待上架,,,,合肥仓
Spyder,779975,779975,其他入库,6932472706644,1,1,0,24424CF234W001,黑色羽绒服,黑色,,2026-02-06 15:16:00,2026-02-09 15:45:19,待上架,待上架,,,,合肥仓
Spyder,779975,779975,其他入库,6941816920721,1,1,0,24224CS537M001,黑色短裤,黑色,,2026-02-06 15:16:00,2026-02-09 15:45:19,待上架,待上架,,,,合肥仓
Spyder,779975,779975,其他入库,6941816959547,1,1,0,24424EF225MB01,藏青色羽绒服,藏青色1,,2026-02-06 15:16:00,2026-02-09 15:45:18,待上架,待上架,,,,合肥仓
Spyder,779975,779975,其他入库,6941816937811,1,1,0,24124ES485M001,黑色T恤,黑色,,2026-02-06 15:16:00,2026-02-09 15:45:19,待上架,待上架,,,,合肥仓
Spyder,779975,779975,其他入库,6941816942310,1,1,0,24324MF305M001,黑色卫衣,黑色,,2026-02-06 15:16:00,2026-02-09 15:45:19,待上架,待上架,,,,合肥仓
Spyder,779975,779975,其他入库,6941816947582,1,1,0,24324EF171MMHG,黑色/绿色夹克,黑色/绿色,,2026-02-06 15:16:00,2026-02-09 15:45:19,待上架,待上架,,,,合肥仓
Spyder,779975,779975,其他入库,6941816942785,1,1,0,24324MF405M001,黑色POLO衫,黑色,,2026-02-06 15:16:00,2026-02-09 15:45:19,待上架,待上架,,,,合肥仓
Spyder,779975,779975,其他入库,6941816959509,1,1,0,24424EF225M001,黑色羽绒服,黑色,,2026-02-06 15:16:00,2026-02-09 15:45:18,待上架,待上架,,,,合肥仓
Spyder,779975,779975,其他入库,6941816960185,1,1,0,24424MF225M001,黑色羽绒服,黑色,,2026-02-06 15:16:00,2026-02-09 15:45:20,待上架,待上架,,,,合肥仓
Spyder,779975,779975,其他入库,6941816960437,1,1,0,24424MF523M906,炭灰色裤子,炭灰色,,2026-02-06 15:16:00,2026-02-09 15:45:18,待上架,待上架,,,,合肥仓
Spyder,779975,779975,其他入库,6941816947650,2,2,0,24324EF171MMHR,黑色/红色夹克,黑色/红色,,2026-02-06 15:16:00,2026-02-09 15:48:12,待上架,待上架,,,,合肥仓
Spyder,779975,779975,其他入库,6941816947728,1,1,0,24324EF325MB01,藏青色卫衣,藏青色1,,2026-02-06 15:16:00,2026-02-09 15:48:12,待上架,待上架,,,,合肥仓
Spyder,779975,779975,其他入库,6941816947766,1,1,0,24324EF325ME08,灰杏色卫衣,灰杏色,,2026-02-06 15:16:00,2026-02-09 15:48:13,待上架,待上架,,,,合肥仓
Spyder,779975,779975,其他入库,6941816959448,1,1,0,24424EF207U001,黑色羽绒服,黑色,,2026-02-06 15:16:00,2026-02-09 15:48:13,待上架,待上架,,,,合肥仓
Spyder,779975,779975,其他入库,6942105348486,1,1,0,23423MR315MN12,深麻灰卫衣,深麻灰;花灰,,2026-02-06 15:16:00,2026-02-09 15:48:12,待上架,待上架,,,,合肥仓
Spyder,779975,779975,其他入库,6942105308381,1,1,0,23323CF411M001,黑色T恤,黑色,,2026-02-06 15:16:00,2026-02-09 15:45:19,待上架,待上架,,,,合肥仓
Spyder,779975,779975,其他入库,6942105308701,1,1,0,23323CF415MN19,玉石灰T恤,玉石灰,,2026-02-06 15:16:00,2026-02-09 15:45:19,待上架,待上架,,,,合肥仓
Spyder,779975,779975,其他入库,6942105347083,1,1,0,23423MF245MB08,海岛蓝滑雪服装,海岛蓝,,2026-02-06 15:16:00,2026-02-09 15:45:19,待上架,待上架,,,,合肥仓
Spyder,779975,779975,其他入库,6942105312418,1,1,0,23323MR533M2OK,游牧灰裤子,游牧灰,,2026-02-06 15:16:00,2026-02-09 15:48:13,待上架,待上架,,,,合肥仓
Spyder,779975,779975,其他入库,6942105377813,1,1,0,24124MR323M001,黑色卫衣,黑色,,2026-02-06 15:16:00,2026-02-09 15:45:18,待上架,待上架,,,,合肥仓
Spyder,779975,779975,其他入库,6942105391987,1,1,0,24124MS315MB25,夜空蓝卫衣,夜空蓝,,2026-02-06 15:16:00,2026-02-09 15:45:19,待上架,待上架,,,,合肥仓
Spyder,779975,779975,其他入库,6942105393486,1,1,0,24124MS503MN25,燧石灰裤子,燧石灰;烟灰色,,2026-02-06 15:16:00,2026-02-09 15:45:18,待上架,待上架,,,,合肥仓
Spyder,779975,779975,其他入库,6942105389250,1,1,0,24124CS111M001,黑色夹克,黑色,,2026-02-06 15:16:00,2026-02-09 15:45:19,待上架,待上架,,,,合肥仓
Spyder,779975,779975,其他入库,6942105390638,1,1,0,24124CS437MG15,青提绿T恤,青提绿,,2026-02-06 15:16:00,2026-02-09 15:45:19,待上架,待上架,,,,合肥仓
Spyder,779975,779975,其他入库,6942105348486,1,1,0,23423MR315MN12,深麻灰卫衣,深麻灰;花灰,,2026-02-06 15:16:00,2026-02-09 15:48:13,待上架,待上架,,,,合肥仓
Spyder,779975,779975,其他入库,6905853618003,1,1,0,21421CF907U001,黑色帽子,黑色,,2026-02-06 15:16:00,2026-02-09 15:48:12,待上架,待上架,,,,合肥仓
Spyder,779975,779975,其他入库,6905853735717,1,1,0,22122CS311MG09,卫衣,灰岩绿,,2026-02-06 15:16:00,2026-02-09 15:48:12,待上架,待上架,,,,合肥仓
Spyder,779975,779975,其他入库,6932472701236,1,1,0,24424CF301M001,黑色卫衣,黑色,,2026-02-06 15:16:00,2026-02-09 15:48:12,待上架,待上架,,,,合肥仓
Spyder,779975,779975,其他入库,6932472701311,1,1,0,24424CF321M001,黑色卫衣,黑色,,2026-02-06 15:16:00,2026-02-09 15:48:12,待上架,待上架,,,,合肥仓
Spyder,779975,779975,其他入库,6941767106854,1,1,0,22422CF206WE01,米色棉服,米白色,,2026-02-06 15:16:00,2026-02-09 15:48:13,待上架,待上架,,,,合肥仓
Spyder,779975,779975,其他入库,6941767107240,1,1,0,22422CF304WN11,麻灰色卫衣,麻灰,,2026-02-06 15:16:00,2026-02-09 15:48:12,待上架,待上架,,,,合肥仓
Spyder,779975,779975,其他入库,6941767107417,1,1,0,22422CF312WG05,海沫绿卫衣,海沫绿,,2026-02-06 15:16:00,2026-02-09 15:51:12,待上架,待上架,,,,合肥仓
Spyder,779975,779975,其他入库,6941767135816,1,1,0,22422CF536W001,黑色运动打底裤,黑色,,2026-02-06 15:16:00,2026-02-09 15:48:12,待上架,待上架,,,,合肥仓
Spyder,779975,779975,其他入库,6941816999147,1,1,0,24324CF503MN10,板岩灰裤子,N10,,2026-02-06 15:16:00,2026-02-09 15:48:13,待上架,待上架,,,,合肥仓
Spyder,779975,779975,其他入库,6942105312579,1,1,0,99923EF243M001,黑色羽绒服,黑色,,2026-02-06 15:16:00,2026-02-09 15:48:13,待上架,待上架,,,,合肥仓
Spyder,779975,779975,其他入库,6942105312647,1,1,0,99923EF243MY08,黄铜色羽绒服,黄铜色,,2026-02-06 15:16:00,2026-02-09 15:48:12,待上架,待上架,,,,合肥仓
Spyder,779975,779975,其他入库,6942105377660,1,1,0,24124MR105MN22,灰铜绿夹克,灰铜绿,,2026-02-06 15:16:00,2026-02-09 15:48:12,待上架,待上架,,,,合肥仓
Spyder,779975,779975,其他入库,6905853741152,1,1,0,22122CS150WN08,夹克,银灰,,2026-02-06 15:16:00,2026-02-09 15:42:36,待上架,待上架,,,,合肥仓
Spyder,779975,779975,其他入库,6932472701342,1,1,0,24424CF321M001,黑色卫衣,黑色,,2026-02-06 15:16:00,2026-02-09 15:42:33,待上架,待上架,,,,合肥仓
Spyder,779975,779975,其他入库,6932472701366,1,1,0,24424CF321MN10,板岩灰卫衣,N10,,2026-02-06 15:16:00,2026-02-09 15:42:34,待上架,待上架,,,,合肥仓
Spyder,779975,779975,其他入库,6932472701625,1,1,0,24424CF460W001,黑色T恤,黑色,,2026-02-06 15:16:00,2026-02-09 15:42:33,待上架,待上架,,,,合肥仓
Spyder,779975,779975,其他入库,6932472706491,1,1,0,24424CF229MC12,枯木棕羽绒服,枯木棕,,2026-02-06 15:16:00,2026-02-09 15:42:34,待上架,待上架,,,,合肥仓
Spyder,779975,779975,其他入库,6932472706729,1,1,0,24424CF236WW03,鸟羽白羽绒服,鸟羽白,,2026-02-06 15:16:00,2026-02-09 15:42:34,待上架,待上架,,,,合肥仓
Spyder,779975,779975,其他入库,6941767135748,1,1,0,22422CF403M001,黑色运动打底上衣,黑色,,2026-02-06 15:16:00,2026-02-09 15:42:35,待上架,待上架,,,,合肥仓
Spyder,779975,779975,其他入库,6941767135755,1,1,0,22422CF403M001,黑色运动打底上衣,黑色,,2026-02-06 15:16:00,2026-02-09 15:42:35,待上架,待上架,,,,合肥仓
Spyder,779975,779975,其他入库,6941767152271,1,1,0,23123CS522W001,黑色裤子,黑色,,2026-02-06 15:16:00,2026-02-09 15:51:12,待上架,待上架,,,,合肥仓
Spyder,779975,779975,其他入库,6941816918063,1,1,0,24124CS131MG18,森林绿夹克,森林绿,,2026-02-06 15:16:00,2026-02-09 15:42:34,待上架,待上架,,,,合肥仓
Spyder,779975,779975,其他入库,6941816923418,1,1,0,24224MS473M100,白色T恤,白色,,2026-02-06 15:16:00,2026-02-09 15:42:35,待上架,待上架,,,,合肥仓
Spyder,779975,779975,其他入库,6941816923425,1,1,0,24224MS473M100,白色T恤,白色,,2026-02-06 15:16:00,2026-02-09 15:42:36,待上架,待上架,,,,合肥仓
Spyder,779975,779975,其他入库,6941816942730,1,1,0,24324MF401M0MT,灰绿色T恤,灰绿,,2026-02-06 15:16:00,2026-02-09 15:42:34,待上架,待上架,,,,合肥仓
Spyder,779975,779975,其他入库,6941816944543,1,1,0,24424MF415MN22,灰铜绿T恤,灰铜绿,,2026-02-06 15:16:00,2026-02-09 15:42:35,待上架,待上架,,,,合肥仓
Spyder,779975,779975,其他入库,6941816947827,1,1,0,24324EF509M001,黑色裤子,黑色,,2026-02-06 15:16:00,2026-02-09 15:42:34,待上架,待上架,,,,合肥仓
Spyder,779975,779975,其他入库,6941816959523,1,1,0,24424EF225M001,黑色羽绒服,黑色,,2026-02-06 15:16:00,2026-02-09 15:42:35,待上架,待上架,,,,合肥仓
Spyder,779975,779975,其他入库,6942105308398,1,1,0,23323CF411M001,黑色T恤,黑色,,2026-02-06 15:16:00,2026-02-09 15:56:00,待上架,待上架,,,,合肥仓
Spyder,779975,779975,其他入库,6942105377813,1,1,0,24124MR323M001,黑色卫衣,黑色,,2026-02-06 15:16:00,2026-02-09 15:42:34,待上架,待上架,,,,合肥仓
Spyder,779975,779975,其他入库,6942105377820,1,1,0,24124MR323M001,黑色卫衣,黑色,,2026-02-06 15:16:00,2026-02-09 15:42:34,待上架,待上架,,,,合肥仓
Spyder,779975,779975,其他入库,6942105377837,1,1,0,24124MR323M001,黑色卫衣,黑色,,2026-02-06 15:16:00,2026-02-09 15:42:34,待上架,待上架,,,,合肥仓
Spyder,779975,779975,其他入库,6942105378216,1,1,0,24124MR513M001,黑色裤子,黑色,,2026-02-06 15:16:00,2026-02-09 15:42:34,待上架,待上架,,,,合肥仓
Spyder,779975,779975,其他入库,6942105389274,1,1,0,24124CS302W8CA,奶杏色卫衣,奶杏色,,2026-02-06 15:16:00,2026-02-09 15:42:35,待上架,待上架,,,,合肥仓
Spyder,779975,779975,其他入库,6942105390461,1,1,0,24124CS425MG15,青提绿T恤,青提绿,,2026-02-06 15:16:00,2026-02-09 15:42:34,待上架,待上架,,,,合肥仓
Spyder,779975,779975,其他入库,6942105390621,1,1,0,24124CS437MG15,青提绿T恤,青提绿,,2026-02-06 15:16:00,2026-02-09 15:51:12,待上架,待上架,,,,合肥仓
Spyder,779975,779975,其他入库,6942105399587,1,1,0,24124MS107M001,黑色夹克,黑色,,2026-02-06 15:16:00,2026-02-09 15:42:36,待上架,待上架,,,,合肥仓
Spyder,779975,779975,其他入库,6941816959455,1,1,0,24424EF207UN22,灰铜绿羽绒服,灰铜绿,,2026-02-06 15:16:00,2026-02-09 15:56:00,待上架,待上架,,,,合肥仓
Spyder,779975,779975,其他入库,6932472706705,1,1,0,24424CF236W001,黑色羽绒服,黑色,,2026-02-06 15:16:00,2026-02-09 15:56:01,待上架,待上架,,,,合肥仓
Spyder,779975,779975,其他入库,6941767101668,1,1,0,22322CF514WN02,深灰色裤子,深灰色;灰色,,2026-02-06 15:16:00,2026-02-09 15:56:02,待上架,待上架,,,,合肥仓
Spyder,779975,779975,其他入库,6941767147826,1,1,0,23123CS307M001,黑色卫衣,黑色,,2026-02-06 15:16:00,2026-02-09 15:56:01,待上架,待上架,,,,合肥仓
Spyder,779975,779975,其他入库,6941767195155,1,1,0,23323CF403MN19,玉石灰POLO衫,玉石灰,,2026-02-06 15:16:00,2026-02-09 15:56:01,待上架,待上架,,,,合肥仓
Spyder,779975,779975,其他入库,6941816922213,1,1,0,24224MS401M001,黑色POLO衫,黑色,,2026-02-06 15:16:00,2026-02-09 15:56:02,待上架,待上架,,,,合肥仓
Spyder,779975,779975,其他入库,6941816942884,1,1,0,24324MF406W0MT,灰绿色T恤,灰绿,,2026-02-06 15:16:00,2026-02-09 15:56:02,待上架,待上架,,,,合肥仓
Spyder,779975,779975,其他入库,6941816943171,1,1,0,24324MF419MG08,墨青绿POLO衫,墨青绿,,2026-02-06 15:16:00,2026-02-09 15:56:01,待上架,待上架,,,,合肥仓
Spyder,779975,779975,其他入库,6941816947698,1,1,0,24324EF325M001,黑色卫衣,黑色,,2026-02-06 15:16:00,2026-02-09 15:56:01,待上架,待上架,,,,合肥仓
Spyder,779975,779975,其他入库,6941816947698,1,1,0,24324EF325M001,黑色卫衣,黑色,,2026-02-06 15:16:00,2026-02-09 15:56:02,待上架,待上架,,,,合肥仓
Spyder,779975,779975,其他入库,6941816947735,1,1,0,24324EF325MB01,藏青色卫衣,藏青色1,,2026-02-06 15:16:00,2026-02-09 15:56:02,待上架,待上架,,,,合肥仓
Spyder,779975,779975,其他入库,6941816947803,1,1,0,24324EF509M001,黑色裤子,黑色,,2026-02-06 15:16:00,2026-02-09 15:56:02,待上架,待上架,,,,合肥仓
Spyder,779975,779975,其他入库,6941816947810,1,1,0,24324EF509M001,黑色裤子,黑色,,2026-02-06 15:16:00,2026-02-09 15:56:02,待上架,待上架,,,,合肥仓
Spyder,779975,779975,其他入库,6941816947858,1,1,0,24324EF543M001,黑色裤子,黑色,,2026-02-06 15:16:00,2026-02-09 15:56:01,待上架,待上架,,,,合肥仓
Spyder,779975,779975,其他入库,6941816960178,1,1,0,24424MF225M001,黑色羽绒服,黑色,,2026-02-06 15:16:00,2026-02-09 15:56:01,待上架,待上架,,,,合肥仓
Spyder,779975,779975,其他入库,6941816960499,1,1,0,24424MF525M001,黑色裤子,黑色,,2026-02-06 15:16:00,2026-02-09 15:56:00,待上架,待上架,,,,合肥仓
Spyder,779975,779975,其他入库,6941816998539,1,1,0,24324CF412WC11,暖杏色T恤,C11,,2026-02-06 15:16:00,2026-02-09 15:56:01,待上架,待上架,,,,合肥仓
Spyder,779975,779975,其他入库,6942105308398,1,1,0,23323CF411M001,黑色T恤,黑色,,2026-02-06 15:16:00,2026-02-09 15:56:01,待上架,待上架,,,,合肥仓
Spyder,779975,779975,其他入库,6942105308398,1,1,0,23323CF411M001,黑色T恤,黑色,,2026-02-06 15:16:00,2026-02-09 15:42:35,待上架,待上架,,,,合肥仓
Spyder,779975,779975,其他入库,6942105308664,1,1,0,23323CF415MG12,金橄榄T恤,金橄榄,,2026-02-06 15:16:00,2026-02-09 15:56:01,待上架,待上架,,,,合肥仓
Spyder,779975,779975,其他入库,6942105389380,1,1,0,24124CS304W001,黑色卫衣,黑色,,2026-02-06 15:16:00,2026-02-09 15:56:01,待上架,待上架,,,,合肥仓
Spyder,779975,779975,其他入库,6942105392342,1,1,0,24124MS407M4NV,藏青色POLO衫,藏青色,,2026-02-06 15:16:00,2026-02-09 15:56:00,待上架,待上架,,,,合肥仓
Spyder,779975,779975,其他入库,6942105394544,1,1,0,24224CS417M001,黑色POLO衫,黑色,,2026-02-06 15:16:00,2026-02-09 15:56:01,待上架,待上架,,,,合肥仓
Spyder,779975,779975,其他入库,6941816920066,1,1,0,24224CS123M41C,湛蓝夹克,湛蓝,,2026-02-06 15:16:00,2026-02-09 15:39:11,待上架,待上架,,,,合肥仓
Spyder,779975,779975,其他入库,6905853735731,1,1,0,22122CS311MN11,卫衣,麻灰,,2026-02-06 15:16:00,2026-02-09 15:39:11,待上架,待上架,,,,合肥仓
Spyder,779975,779975,其他入库,6941767101903,1,1,0,22322CF533MN02,深灰色裤子,深灰色;灰色,,2026-02-06 15:16:00,2026-02-09 15:39:12,待上架,待上架,,,,合肥仓
Spyder,779975,779975,其他入库,6941767152271,1,1,0,23123CS522W001,黑色裤子,黑色,,2026-02-06 15:16:00,2026-02-09 15:42:35,待上架,待上架,,,,合肥仓
Spyder,779975,779975,其他入库,6941816922367,1,1,0,24224MS424W100,白色T恤,白色,,2026-02-06 15:16:00,2026-02-09 15:39:12,待上架,待上架,,,,合肥仓
Spyder,779975,779975,其他入库,6941816947537,1,1,0,24324EF171MMHB,黑色/蓝色夹克,黑色/蓝色,,2026-02-06 15:16:00,2026-02-09 15:39:11,待上架,待上架,,,,合肥仓
Spyder,779975,779975,其他入库,6941816959424,1,1,0,24424EF207U001,黑色羽绒服,黑色,,2026-02-06 15:16:00,2026-02-09 15:39:12,待上架,待上架,,,,合肥仓
Spyder,779975,779975,其他入库,6941816959462,1,1,0,24424EF207UN22,灰铜绿羽绒服,灰铜绿,,2026-02-06 15:16:00,2026-02-09 15:39:12,待上架,待上架,,,,合肥仓
Spyder,779975,779975,其他入库,6941816960147,1,1,0,24424MF217MN22,灰铜绿羽绒服,灰铜绿,,2026-02-06 15:16:00,2026-02-09 15:39:11,待上架,待上架,,,,合肥仓
Spyder,779975,779975,其他入库,6941816998027,1,1,0,24324CF253M001,黑色羽绒服,黑色,,2026-02-06 15:16:00,2026-02-09 15:39:12,待上架,待上架,,,,合肥仓
Spyder,779975,779975,其他入库,6942105312579,1,1,0,99923EF243M001,黑色羽绒服,黑色,,2026-02-06 15:16:00,2026-02-09 15:39:12,待上架,待上架,,,,合肥仓
Spyder,779975,779975,其他入库,6942105345935,1,1,0,23423CF519MC06,布朗棕裤子,布朗棕,,2026-02-06 15:16:00,2026-02-09 15:39:12,待上架,待上架,,,,合肥仓
Spyder,779975,779975,其他入库,6942105347236,1,1,0,23423MF247MN22,灰铜绿棉服,灰铜绿,,2026-02-06 15:16:00,2026-02-09 15:39:12,待上架,待上架,,,,合肥仓
Spyder,779975,779975,其他入库,6942105391451,1,1,0,24124ES515M001,黑色裤子,黑色,,2026-02-06 15:16:00,2026-02-09 15:39:11,待上架,待上架,,,,合肥仓
Spyder,779975,779975,其他入库,6932472706385,1,1,0,24424CF221MC12,枯木棕羽绒服,枯木棕,,2026-02-06 15:16:00,2026-02-09 15:39:11,待上架,待上架,,,,合肥仓
Spyder,779975,779975,其他入库,6941816922060,2,2,0,24224MR403M001,黑色T恤,黑色,,2026-02-06 15:16:00,2026-02-09 15:53:02,待上架,待上架,,,,合肥仓
Spyder,779975,779975,其他入库,6941816959516,1,1,0,24424EF225M001,黑色羽绒服,黑色,,2026-02-06 15:16:00,2026-02-09 15:53:03,待上架,待上架,,,,合肥仓
Spyder,779975,779975,其他入库,6941816960109,1,1,0,24424MF217M001,黑色羽绒服,黑色,,2026-02-06 15:16:00,2026-02-09 15:53:03,待上架,待上架,,,,合肥仓
Spyder,779975,779975,其他入库,6942105348493,1,1,0,23423MR315MN12,深麻灰卫衣,深麻灰;花灰,,2026-02-06 15:16:00,2026-02-09 15:53:03,待上架,待上架,,,,合肥仓
Spyder,779975,779975,其他入库,6942105389410,1,1,0,24124CS304WN19,玉石灰卫衣,玉石灰,,2026-02-06 15:16:00,2026-02-09 15:53:02,待上架,待上架,,,,合肥仓
Spyder,779975,779975,其他入库,6941816960062,1,1,0,24424MF217M001,黑色羽绒服,黑色,,2026-02-06 15:16:00,2026-02-09 15:53:03,待上架,待上架,,,,合肥仓
Spyder,779975,779975,其他入库,6941816998546,1,1,0,24324CF412WC11,暖杏色T恤,C11,,2026-02-06 15:16:00,2026-02-09 15:53:02,待上架,待上架,,,,合肥仓
Spyder,779975,779975,其他入库,6942105345119,1,1,0,23423CF311MC06,布朗棕卫衣,布朗棕,,2026-02-06 15:16:00,2026-02-09 15:53:03,待上架,待上架,,,,合肥仓
Spyder,779975,779975,其他入库,6905853740742,1,1,0,22122CS107MN08,夹克,银灰,,2026-02-06 15:16:00,2026-02-09 15:51:13,待上架,待上架,,,,合肥仓
Spyder,779975,779975,其他入库,6905853740759,1,1,0,22122CS107MN08,夹克,银灰,,2026-02-06 15:16:00,2026-02-09 15:51:12,待上架,待上架,,,,合肥仓
Spyder,779975,779975,其他入库,6932472705920,1,1,0,24424CF522WE07,湖木色裤子,E07,,2026-02-06 15:16:00,2026-02-09 15:51:11,待上架,待上架,,,,合肥仓
Spyder,779975,779975,其他入库,6932472706675,1,1,0,24424CF234WE07,湖木色羽绒服,E07,,2026-02-06 15:16:00,2026-02-09 15:51:12,待上架,待上架,,,,合肥仓
Spyder,779975,779975,其他入库,6941767107417,1,1,0,22422CF312WG05,海沫绿卫衣,海沫绿,,2026-02-06 15:16:00,2026-02-09 15:48:12,待上架,待上架,,,,合肥仓
Spyder,779975,779975,其他入库,6941767151434,1,1,0,23123CS503MC05,深棕色裤子,深棕色,,2026-02-06 15:16:00,2026-02-09 15:51:13,待上架,待上架,,,,合肥仓
Spyder,779975,779975,其他入库,6941767152271,1,1,0,23123CS522W001,黑色裤子,黑色,,2026-02-06 15:16:00,2026-02-09 15:39:12,待上架,待上架,,,,合肥仓
Spyder,779975,779975,其他入库,6941816937828,1,1,0,24124ES485M001,黑色T恤,黑色,,2026-02-06 15:16:00,2026-02-09 15:51:12,待上架,待上架,,,,合肥仓
Spyder,779975,779975,其他入库,6941816942723,1,1,0,24324MF401M0MT,灰绿色T恤,灰绿,,2026-02-06 15:16:00,2026-02-09 15:51:12,待上架,待上架,,,,合肥仓
Spyder,779975,779975,其他入库,6941816996924,1,1,0,24324CF107M001,黑色夹克,黑色,,2026-02-06 15:16:00,2026-02-09 15:51:12,待上架,待上架,,,,合肥仓
Spyder,779975,779975,其他入库,6942105306837,1,1,0,23323CF107MC06,布朗棕夹克,布朗棕,,2026-02-06 15:16:00,2026-02-09 15:51:13,待上架,待上架,,,,合肥仓
Spyder,779975,779975,其他入库,6942105308107,1,1,0,23323CF405M0MT,灰绿T恤,灰绿,,2026-02-06 15:16:00,2026-02-09 15:51:12,待上架,待上架,,,,合肥仓
Spyder,779975,779975,其他入库,6942105345850,1,1,0,23423CF518WP09,暮光紫裤子,暮光紫,,2026-02-06 15:16:00,2026-02-09 15:51:13,待上架,待上架,,,,合肥仓
Spyder,779975,779975,其他入库,6942105390621,1,1,0,24124CS437MG15,青提绿T恤,青提绿,,2026-02-06 15:16:00,2026-02-09 15:42:35,待上架,待上架,,,,合肥仓
Spyder,779975,779975,其他入库,6942105394681,1,1,0,24224CS417MO12,日出橙POLO衫,日出橙,,2026-02-06 15:16:00,2026-02-09 15:51:11,待上架,待上架,,,,合肥仓
Spyder,779975,779975,其他入库,886895495462,1,1,0,21421UF993U050,滑雪镜,PINK ION；粉,,2026-02-06 15:16:00,2026-02-09 15:51:12,待上架,待上架,,,,合肥仓
Spyder,779975,779975,其他入库,6905853741145,1,1,0,22122CS150WN08,夹克,银灰,,2026-02-06 15:16:00,2026-02-09 15:51:12,待上架,待上架,,,,合肥仓
Spyder,779975,779975,其他入库,6941767146744,1,1,0,23123CS106WP01,午夜紫夹克,午夜紫,,2026-02-06 15:16:00,2026-02-09 15:51:12,待上架,待上架,,,,合肥仓
Spyder,779975,779975,其他入库,6941767153070,1,1,0,23223CS536WG09,灰岩绿半身裙,灰岩绿,,2026-02-06 15:16:00,2026-02-09 15:51:11,待上架,待上架,,,,合肥仓
Spyder,779975,779975,其他入库,6905853196358,2,2,0,19319CF912WP07,喜马拉雅盐粉帽子,喜马拉雅盐粉,,2026-02-06 15:16:00,2026-02-09 15:56:01,待上架,待上架,,,,合肥仓
Spyder,779975,779975,其他入库,6941767150048,1,1,0,23223CS427M001,黑色T恤,黑色,,2026-02-06 15:16:00,2026-02-09 15:39:12,待上架,待上架,,,,合肥仓
Spyder,779975,779975,其他入库,6941767151199,1,1,0,23223CS445M001,黑色背心,黑色,,2026-02-06 15:16:00,2026-02-09 15:53:03,待上架,待上架,,,,合肥仓
Spyder,779988,EB2602020046055,退货入库,6942105349124,1,1,1,99923ER139M001,黑色夹克,黑色,,2026-02-06 15:33:00,2026-02-10 10:35:21,已完成,已完成,2026-02-10 10:39:25,JDVA41842990445,,合肥仓
Spyder,779991,EB2602030043054,退货入库,6942133528287,1,1,1,25425CF217M001,羽绒服,黑色,,2026-02-06 17:34:00,2026-02-08 15:04:00,已完成,已完成,2026-02-08 17:39:55,SF5109247482413,,合肥仓
Spyder,779992,EB2601300045548,退货入库,6932472792142,1,1,1,25325EF517M001,裤子,黑色,,2026-02-06 15:42:00,2026-02-08 11:13:36,已完成,已完成,2026-02-08 13:29:58,73595358569648,,合肥仓
Spyder,779994,EB2601310048233,退货入库,6942105348929,1,1,1,99923EF133M001,黑色冲锋衣,黑色,,2026-02-06 16:14:00,2026-02-08 16:09:03,已完成,已完成,2026-02-08 17:40:03,73595391689984,,合肥仓
Spyder,779995,EB2601310048233,退货入库,6932472791299,1,1,1,25325EF119M001,冲锋衣,黑色,,2026-02-06 16:13:00,2026-02-08 16:08:55,已完成,已完成,2026-02-08 17:40:03,73595391689984,,合肥仓
Spyder,779996,EB2602040026228,退货入库,6932472791749,1,1,1,25325EF247M001,棉服,黑色,,2026-02-06 15:52:00,2026-02-08 16:14:33,已完成,已完成,2026-02-08 17:40:04,78980878982380,,合肥仓
Spyder,779999,EB2602040026863,退货入库,6942133545062,1,1,1,26102OE26101KM001,短袖POLO衫,黑色,,2026-02-06 16:00:00,2026-02-08 15:27:47,已完成,已完成,2026-02-08 17:39:58,JT3153005618510,,合肥仓
Spyder,780002,EB2602010035424,退货入库,6942133528294,1,1,1,25425CF217M001,羽绒服,黑色,,2026-02-06 16:01:00,2026-02-06 16:38:49,已完成,已完成,2026-02-06 17:55:45,SF5109183338286,,合肥仓
Spyder,780003,EB2602010035424,退货入库,6932472791985,1,1,1,25325EF417M001,T恤,黑色,,2026-02-06 16:02:00,2026-02-06 16:38:23,已完成,已完成,2026-02-06 17:55:45,SF5124300612222,,合肥仓
Spyder,780003,EB2602010035424,退货入库,6932472792128,1,1,1,25325EF517M001,裤子,黑色,,2026-02-06 16:02:00,2026-02-06 16:38:23,已完成,已完成,2026-02-06 17:55:45,SF5124300612222,,合肥仓
Spyder,780005,EB2602020025575,退货入库,6942133551636,1,1,1,26102VO26106WM001,梭织背心,黑色,,2026-02-07 10:32:00,2026-02-08 16:38:37,已完成,已完成,2026-02-08 17:40:06,435037525051650,,合肥仓
Spyder,780006,EB2601260049338,换货入库,6942133505387,1,1,1,25325MF109M001,夹克,黑色,,2026-02-06 16:48:00,2026-02-09 19:41:15,已完成,已完成,2026-02-09 19:54:17,JT3153012316718,,合肥仓
Spyder,780007,EB2602040007338,退货入库,6905853523635,1,1,1,21321CF301UB07,宝蓝色卫衣,宝蓝色,,2026-02-06 16:48:00,2026-02-08 09:58:11,已完成,已完成,2026-02-08 13:29:47,SF5126012072721,,合肥仓
Spyder,780008,EB2602030035203,退货入库,6932472708693,1,1,1,24424CR505M001,黑色裤子,黑色,,2026-02-06 16:05:04,2026-02-08 11:12:09,已完成,已完成,2026-02-08 13:29:58,73595334661160,,合肥仓
Spyder,780010,EB2601270025970,换货入库,6932472792135,1,1,1,25325EF517M001,裤子,黑色,,2026-02-06 16:07:01,2026-02-06 19:19:40,已完成,已完成,2026-02-06 19:47:46,1343435742418,,合肥仓
Spyder,780013,EB2602020035484,退货入库,6941816959721,1,1,1,24424EF249MB01,藏青色三合一夹克,藏青色1,,2026-02-06 16:11:00,2026-02-06 19:20:09,已完成,已完成,2026-02-06 19:47:46,SF5124330330968,,合肥仓
Spyder,780022,EB2602030026306,退货入库,6942133525958,1,1,1,25425CF235M001,羽绒服,黑色,,2026-02-06 16:30:01,2026-02-09 10:55:39,已完成,已完成,2026-02-09 11:17:59,JDVA41845234181,,合肥仓
Spyder,780024,EB2602040034266,退货入库,6941816998768,1,1,1,24324CF435MG25,冰谷青T恤,冰谷青,,2026-02-07 08:09:00,2026-02-09 13:23:13,已完成,已完成,2026-02-09 15:22:27,772056301618254,,合肥仓
Spyder,780025,EB2602020001856,退货入库,6932472791794,1,1,1,25325EF247MC12,棉服,枯木棕,,2026-02-06 17:14:00,2026-02-08 16:12:46,已完成,已完成,2026-02-08 17:40:03,73595399360093,,合肥仓
Spyder,780034,EB2602040019480,退货入库,6932472752023,1,1,1,25125ES531M001,黑色裤子,黑色,,2026-02-06 16:42:00,2026-02-09 17:27:57,已完成,已完成,2026-02-09 17:59:19,JDVA41845831269,,合肥仓
Spyder,780035,EB2602040019480,退货入库,6932472792067,1,1,1,25325EF417MN15,T恤,磁石灰,,2026-02-06 16:42:01,2026-02-09 17:28:04,已完成,已完成,2026-02-09 17:59:20,JDVA41845831269,,合肥仓
Spyder,780036,EB2602040018889,退货入库,6942133511111,1,1,1,25425MF423M001,T恤,黑色,,2026-02-06 16:43:00,2026-02-09 17:24:48,已完成,已完成,2026-02-09 17:25:24,JDVA41845844973,,合肥仓
Spyder,780045,EB2602010041055,退货入库,6941816960277,1,1,1,24424MF227M001,黑色羽绒服,黑色,,2026-02-06 16:54:01,2026-02-09 11:23:40,已完成,已完成,2026-02-09 11:25:07,JDX049006557707,,合肥仓
Spyder,780050,EB2602010035422,退货入库,6942133528348,1,1,1,25425CF217MC17,羽绒服,榆木棕,,2026-02-07 10:42:00,2026-02-08 10:01:54,已完成,已完成,2026-02-08 13:29:47,SF5126404207413,,合肥仓
Spyder,780051,EB2602040019480,退货入库,6941816959349,1,1,1,24324MR225MN22,灰铜绿羽绒服,灰铜绿,,2026-02-06 16:52:00,2026-02-09 17:23:22,已完成,已完成,2026-02-09 17:25:24,JDVA41846203698,,合肥仓
Spyder,780052,EB2602040035096,退货入库,6941816942303,1,1,1,24324MF305M001,黑色卫衣,黑色,,2026-02-07 10:13:00,2026-02-10 09:54:51,已完成,已完成,2026-02-10 10:39:18,JDX049034886330,,合肥仓
Spyder,780054,EB2602040029743,退货入库,6941816947865,1,1,1,24324EF543M001,黑色裤子,黑色,,2026-02-07 10:13:00,2026-02-10 09:53:19,已完成,已完成,2026-02-10 10:39:18,JDX049034184036,,合肥仓
Spyder,780059,EB2601270036144,退货入库,6932472750548,1,1,1,25125ES453M001,黑色T恤,黑色,,2026-02-07 11:05:01,2026-02-09 13:21:31,已完成,已完成,2026-02-09 15:22:26,773405908409285,,合肥仓
Spyder,780060,EB2602040030843,退货入库,6942105355156,1,1,1,23323EF251MXG9,海草绿羽绒服,海草绿,,2026-02-06 17:03:00,2026-02-08 16:50:28,已完成,已完成,2026-02-08 17:40:07,JDVA41846492849,,合肥仓
Spyder,780066,EB2602030025675,退货入库,6932472791831,1,1,1,25325EF401M001,T恤,黑色,,2026-02-07 08:12:01,2026-02-10 16:55:31,已完成,已完成,2026-02-10 17:28:51,312955648870618,,合肥仓
Spyder,780071,EB2602040028859,退货入库,6941816947612,1,1,1,24324EF171MMHG,黑色/绿色夹克,黑色/绿色,,2026-02-07 09:32:01,2026-02-10 10:02:59,已完成,已完成,2026-02-10 10:39:20,1354784278418,,合肥仓
Spyder,780073,EB2602040022920,退货入库,6942133517175,1,1,1,25325CF119M001,夹克,黑色,,2026-02-06 17:19:00,2026-02-07 18:44:50,已完成,已完成,2026-02-07 19:23:11,JDVA41847001395,,合肥仓
Spyder,780076,EB2602030034233,退货入库,6941816947681,1,1,1,24324EF325M001,黑色卫衣,黑色,,2026-02-07 08:45:00,2026-02-10 10:30:44,已完成,已完成,2026-02-10 10:39:24,JDX049009047251,,合肥仓
Spyder,780082,EB2602060032624,退货入库,6942105346062,1,1,1,23423CF521MC06,布朗棕裤子,布朗棕,,2026-02-06 17:33:00,2026-02-07 18:36:20,已完成,已完成,2026-02-07 19:23:09,76794717395714,,合肥仓
Spyder,780086,EB2602040019186,退货入库,6932472701939,1,1,1,24424EF161M335,深棕绿冲锋衣,深棕叶绿;深棕绿,,2026-02-07 11:45:01,2026-02-09 13:46:50,已完成,已完成,2026-02-09 15:22:29,631148430474770,,合肥仓
Spyder,780089,EB2602040019187,退货入库,6941816947810,1,1,1,24324EF509M001,黑色裤子,黑色,,2026-02-07 11:44:00,2026-02-09 13:46:39,已完成,已完成,2026-02-09 15:22:29,631148430474770,,合肥仓
Spyder,780090,EB2602030028949,退货入库,6942133509453,1,1,1,25325MR204WR03,羽绒服,野梅粉,,2026-02-06 17:54:00,2026-02-09 16:32:06,已完成,已完成,2026-02-09 17:25:18,78980921394823,,合肥仓
Spyder,780094,EB2602020020380,退货入库,6932472750562,1,1,1,25125ES453M001,黑色T恤,黑色,,2026-02-07 14:23:00,2026-02-10 16:54:09,已完成,已完成,2026-02-10 17:28:51,312955662740935,,合肥仓
Spyder,780109,EB2601310020131,退货入库,6932472750555,1,1,1,25125ES453M001,黑色T恤,黑色,,2026-02-07 11:05:00,2026-02-09 13:28:38,已完成,已完成,2026-02-09 15:22:27,773405909171918,,合肥仓
Spyder,780110,EB2602040027072,退货入库,6941816922954,1,1,1,24224MS455MN25,燧石灰T恤,燧石灰;烟灰色,,2026-02-07 11:42:01,2026-02-08 16:39:58,已完成,已完成,2026-02-08 17:40:06,435037683208260,,合肥仓
Spyder,780113,EB2602010040901,退货入库,6932472700635,1,1,1,24424CF535MN15,磁石灰裤子,磁石灰,,2026-02-07 20:17:00,2026-02-09 16:43:00,已完成,已完成,2026-02-09 17:25:19,78980935396306,,合肥仓
Spyder,780115,EB2602010040901,退货入库,6942133511227,1,1,1,25425MF527M001,裤子,黑色,,2026-02-07 20:17:00,2026-02-09 16:42:54,已完成,已完成,2026-02-09 17:25:19,78980935396306,,合肥仓
Spyder,780116,780116,其他入库,6942105343931,1,0,0,23423CF211MN20,岩草灰棉服,岩草灰,,2026-02-06 18:16:00,,待收货,待收货,,,,合肥仓
Spyder,780116,780116,其他入库,6932472708655,1,0,0,24424CR423M100,白色T恤,白色,,2026-02-06 18:16:00,,待收货,待收货,,,,合肥仓
Spyder,780116,780116,其他入库,6941816947759,1,0,0,24324EF325ME08,灰杏色卫衣,灰杏色,,2026-02-06 18:16:00,,待收货,待收货,,,,合肥仓
Spyder,780116,780116,其他入库,6941767107257,1,0,0,22422CF309M001,黑色卫衣,黑色,,2026-02-06 18:16:00,,待收货,待收货,,,,合肥仓
Spyder,780130,EB2602020044716,退货入库,6941816947933,1,1,1,24324EF543MN02,深灰色裤子,深灰色;灰色,,2026-02-07 15:37:00,2026-02-08 15:52:34,已完成,已完成,2026-02-08 17:40:00,772056358896912,,合肥仓
Spyder,780141,EB2602030016616,退货入库,6932472701588,1,1,1,24424CF431MW03,鸟羽白T恤,鸟羽白,,2026-02-07 14:20:01,2026-02-10 15:51:51,已完成,已完成,2026-02-10 16:28:26,772056345350080,,合肥仓
Spyder,780142,EB2602030016615,退货入库,6941816997983,1,1,1,24324CF237MG25,冰谷青背心,冰谷青,,2026-02-07 14:20:02,2026-02-10 15:52:02,已完成,已完成,2026-02-10 16:28:26,772056345350080,,合肥仓
Spyder,780143,EB2602030016615,退货入库,6942105307445,1,1,1,23323CF237M001,黑色背心,黑色,,2026-02-07 14:20:03,2026-02-10 15:52:25,已完成,已完成,2026-02-10 16:28:26,772056345350080,,合肥仓
Spyder,780148,EB2602030030488,退货入库,6942105394735,1,1,1,24224CS421M001,黑色T恤,黑色,,2026-02-07 09:09:00,2026-02-10 10:59:11,已完成,已完成,2026-02-10 14:38:42,JT3153060097154,,合肥仓
Spyder,780153,EB2602010044683,退货入库,6941816947933,1,1,1,24324EF543MN02,深灰色裤子,深灰色;灰色,,2026-02-07 09:11:00,2026-02-09 13:30:24,已完成,已完成,2026-02-09 15:22:28,772056347207335,,合肥仓
Spyder,780158,EB2602020038760,退货入库,6941816947735,1,1,1,24324EF325MB01,藏青色卫衣,藏青色1,,2026-02-07 08:57:00,2026-02-10 11:01:18,已完成,已完成,2026-02-10 14:38:43,JT3153057214767,,合肥仓
Spyder,780168,EB2602030034232,退货入库,6932472701632,1,1,1,24424CF460W001,黑色T恤,黑色,,2026-02-07 09:13:00,2026-02-09 13:39:17,已完成,已完成,2026-02-09 15:22:28,772056332290613,,合肥仓
Spyder,780170,EB2602030034232,退货入库,6942105345454,1,1,1,23423CF418W001,黑色T恤,黑色,,2026-02-07 09:12:00,2026-02-09 13:39:10,已完成,已完成,2026-02-09 15:22:28,772056332290613,,合肥仓
Spyder,780177,EB2602020015367,退货入库,6942133511104,1,1,1,25425MF423M001,T恤,黑色,,2026-02-07 15:44:00,2026-02-09 19:39:55,已完成,已完成,2026-02-09 19:54:16,772056379797103,,合肥仓
Spyder,780192,EB2601290025507,退货入库,6941816947827,1,0,0,24324EF509M001,黑色裤子,黑色,,2026-02-07 08:32:00,,待收货,待收货,,1355013909918,,合肥仓
Spyder,780193,EB2601290025506,退货入库,6932472701564,1,0,0,24424CF431MN15,磁石灰T恤,磁石灰,,2026-02-07 08:32:00,,待收货,待收货,,1355013909918,,合肥仓
Spyder,780204,EB2602030031689,退货入库,6941816947933,1,0,0,24324EF543MN02,深灰色裤子,深灰色;灰色,,2026-02-07 10:15:01,,待收货,待收货,,1321534467433,,合肥仓
Spyder,780219,EB2601300046452,退货入库,6932472711792,1,0,0,24424CR117M001,黑色夹克,黑色,,2026-02-07 11:17:00,,待收货,待收货,,JDX049021280376,,合肥仓
Spyder,780224,EB2602040022403,退货入库,6932472701595,1,1,1,24424CF431MW03,鸟羽白T恤,鸟羽白,,2026-02-07 09:59:00,2026-02-09 15:37:50,已完成,已完成,2026-02-09 15:49:16,73595465728316,,合肥仓
Spyder,780226,EB2602040022403,退货入库,6942133549213,1,1,1,26102TO26102KMN96,长袖T恤,宁静灰,,2026-02-07 10:01:00,2026-02-09 15:38:06,已完成,已完成,2026-02-09 15:49:17,73595465728316,,合肥仓
Spyder,780234,EB2602020032389,退货入库,6932472791619,1,1,1,25325EF205MN02,棉服,深灰色;灰色,,2026-02-07 09:37:00,2026-02-09 17:02:36,已完成,已完成,2026-02-09 17:25:22,SF5109414800748,,合肥仓
Spyder,780262,EB2602020008928,换货入库,6942105345461,1,1,1,23423CF418WP09,暮光紫T恤,暮光紫,,2026-02-07 10:22:00,2026-02-09 17:29:22,已完成,已完成,2026-02-09 17:59:20,YT2542096025369,,合肥仓
Spyder,780300,EB2602030044402,退货入库,6942133505301,1,1,1,25325MF107M001,夹克,黑色,,2026-02-07 09:57:01,2026-02-09 13:26:05,已完成,已完成,2026-02-09 15:22:27,SF5126439124749,,合肥仓
Spyder,780306,EB2602020001857,退货入库,6932472750555,1,1,1,25125ES453M001,黑色T恤,黑色,,2026-02-07 08:47:00,2026-02-09 13:52:41,已完成,已完成,2026-02-09 15:22:30,631148360493824,,合肥仓
Spyder,780349,EB2602020020046,退货入库,6942133549770,1,0,0,26102TO26113KW001,短袖T恤,黑色,,2026-02-07 09:27:00,,待收货,待收货,,772056334936687,,合肥仓
Spyder,780366,EB2601290035167,退货入库,6932472791640,1,1,1,25325EF229M001,羽绒服,黑色,,2026-02-07 10:04:00,2026-02-10 11:04:39,已完成,已完成,2026-02-10 14:38:43,JT0021901391661,,合肥仓
Spyder,780371,EB2602050044637,退货入库,6905853618300,1,1,1,21321CF111MN03,尘灰色夹克,尘灰色,,2026-02-06 22:38:00,2026-02-10 17:03:03,已完成,已完成,2026-02-10 17:28:53,78980643160154,,合肥仓
Spyder,780434,EB2602060033921,退货入库,6932472750418,1,1,1,25125ES119MN15,磁石灰夹克,磁石灰,,2026-02-07 00:06:01,2026-02-07 18:58:16,已完成,已完成,2026-02-07 19:23:12,78980889223538,,合肥仓
Spyder,780446,EB2602050025987,退货入库,6932472791732,1,1,1,25325EF247M001,棉服,黑色,,2026-02-07 12:03:01,2026-02-08 15:48:59,已完成,已完成,2026-02-08 17:40:00,73595461528550,,合肥仓
Spyder,780461,EB2601270017816,退货入库,6941816947872,1,1,1,24324EF543M001,黑色裤子,黑色,,2026-02-07 09:15:00,2026-02-10 17:04:40,已完成,已完成,2026-02-10 17:28:53,73595482789076,,合肥仓
Spyder,780485,EB2602030043041,退货入库,6942133525460,1,1,1,25425CF431MN22,T恤,灰铜绿,,2026-02-07 09:07:00,2026-02-09 13:40:50,已完成,已完成,2026-02-09 15:22:29,773405870631770,,合肥仓
Spyder,780492,EB2602010042759,退货入库,6932472706309,1,1,1,24424CF219MG24,黑橄榄羽绒服,G24,,2026-02-08 10:54:00,2026-02-10 09:34:59,已完成,已完成,2026-02-10 10:39:18,SF5126253787416,,合肥仓
Spyder,780521,EB2602030037651,退货入库,6932472792128,1,0,0,25325EF517M001,裤子,黑色,,2026-02-09 13:51:00,,待收货,待收货,,JT3153368078701,,合肥仓
Spyder,780524,EB2602020046796,退货入库,6941816947872,1,1,1,24324EF543M001,黑色裤子,黑色,,2026-02-07 11:03:00,2026-02-09 16:44:54,已完成,已完成,2026-02-09 17:25:19,73595497549263,,合肥仓
Spyder,780528,EB2602020048333,退货入库,6932472712669,1,0,0,888100245916BN1,浅灰蓝/高目灰鞋,浅灰蓝/高目灰,,2026-02-08 11:52:00,,待收货,待收货,,73595516614726,,合肥仓
Spyder,780543,EB2602030048810,退货入库,6932472708129,1,1,1,24424XF251M001,黑色背心,黑色,,2026-02-07 12:17:00,2026-02-09 13:27:08,已完成,已完成,2026-02-09 15:22:27,772056376752152,,合肥仓
Spyder,780553,EB2602040023771,退货入库,6942133517250,1,1,1,25325CF119MO19,夹克,琥珀橙,,2026-02-07 11:33:00,2026-02-09 16:33:21,已完成,已完成,2026-02-09 17:25:18,73595507000417,,合肥仓
Spyder,780603,EB2602020039452,退货入库,6932472751408,1,1,1,25125ES461MB06,灰蓝色POLO衫,灰蓝色,,2026-02-07 13:58:00,2026-02-10 11:03:03,已完成,已完成,2026-02-10 14:38:43,JT3153116213024,,合肥仓
Spyder,780605,EB2602040022402,退货入库,6941816960239,1,1,1,24424MF225MN22,灰铜绿羽绒服,灰铜绿,,2026-02-07 12:06:00,2026-02-09 10:26:22,已完成,已完成,2026-02-09 11:17:58,73595522655997,,合肥仓
Spyder,780611,EB2602040035678,退货入库,6941816947629,1,0,0,24324EF171MMHR,黑色/红色夹克,黑色/红色,,2026-02-07 13:45:00,,待收货,待收货,,JDX049049558840,,合肥仓
Spyder,780616,EB2602050023705,换货入库,6932472791282,1,1,1,25325EF119M001,冲锋衣,黑色,,2026-02-07 18:08:00,2026-02-09 16:19:58,已完成,已完成,2026-02-09 17:25:17,772056368521813,,合肥仓
Spyder,780621,EB2602040021346,退货入库,6941816942808,1,1,1,24324MF405M001,黑色POLO衫,黑色,,2026-02-07 15:57:00,2026-02-10 09:56:54,已完成,已完成,2026-02-10 10:39:19,JDX049049905837,,合肥仓
Spyder,780623,EB2602050034901,退货入库,6905853617990,1,1,1,21421CF906UE01,米色帽子,米白色,,2026-02-07 13:50:00,2026-02-09 13:51:16,已完成,已完成,2026-02-09 15:22:30,772056372483978,,合肥仓
Spyder,780636,EB2602050024462,退货入库,6941816947841,1,1,1,24324EF543M001,黑色裤子,黑色,,2026-02-07 13:43:01,2026-02-09 16:14:26,已完成,已完成,2026-02-09 17:25:16,1355757567718,,合肥仓
Spyder,780646,EB2602040012750,退货入库,6905853838388,1,1,1,22222CS485U100,T恤,白色,,2026-02-07 13:08:00,2026-02-08 16:16:07,已完成,已完成,2026-02-08 17:40:04,76793581860829,,合肥仓
Spyder,780675,EB2602040027952,退货入库,6932472792142,1,1,1,25325EF517M001,裤子,黑色,,2026-02-07 13:43:00,2026-02-10 17:01:26,已完成,已完成,2026-02-10 17:28:52,73595486347591,,合肥仓
Spyder,780680,EB2602040023770,退货入库,6942133543457,1,1,1,26102JO26113WW001,硬壳冲锋衣,黑色,,2026-02-07 20:00:01,2026-02-09 16:48:00,已完成,已完成,2026-02-09 17:25:19,SF5126295959462,,合肥仓
Spyder,780688,EB2602050024644,退货入库,6942133517175,1,0,0,25325CF119M001,夹克,黑色,,2026-02-07 14:14:00,,待收货,待收货,,JDX049055885598,,合肥仓
Spyder,780714,EB2602030044399,退货入库,6941816947759,1,1,1,24324EF325ME08,灰杏色卫衣,灰杏色,,2026-02-07 17:14:00,2026-02-09 16:40:19,已完成,已完成,2026-02-09 17:25:18,73595553093423,,合肥仓
Spyder,780716,EB2602040025013,退货入库,6942133529666,1,0,0,25425CF211MB95,棉服,深空蓝,,2026-02-08 13:41:00,,待收货,待收货,,1322553571333,,合肥仓
Spyder,780721,EB2602040040017,退货入库,6942133511005,1,1,1,25425MF406W001,T恤,黑色,,2026-02-07 14:50:01,2026-02-09 16:34:36,已完成,已完成,2026-02-09 17:25:18,75624552993046,,合肥仓
Spyder,780731,EB2602050004803,退货入库,6942133517991,1,1,1,25325CF131M001,冲锋衣,黑色,,2026-02-07 15:04:00,2026-02-08 17:15:04,已完成,已完成,2026-02-08 17:40:10,JDVA41854524738,,合肥仓
Spyder,780732,EB2602020047575,退货入库,6942133510510,1,1,1,25425MF233MN90,羽绒服,月石灰,,2026-02-07 15:04:01,2026-02-09 10:02:19,已完成,已完成,2026-02-09 11:17:55,JDVA41865934585,,合肥仓
Spyder,780733,EB2601290042142,退货入库,6942133525958,1,1,1,25425CF235M001,羽绒服,黑色,,2026-02-07 15:04:01,2026-02-10 09:54:56,已完成,已完成,2026-02-10 10:39:18,JDVA41852355054,,合肥仓
Spyder,780734,EB2601220044532,退货入库,6942105391147,1,0,0,24124ES481M001,黑色T恤,黑色,,2026-02-07 15:04:00,,待收货,待收货,,JDVA41873429956,,合肥仓
Spyder,780735,EB2602030023153,退货入库,6942105392939,1,1,1,24124MS443MN25,燧石灰T恤,燧石灰;烟灰色,,2026-02-07 15:04:01,2026-02-08 16:55:11,已完成,已完成,2026-02-08 17:40:08,JDVA41850997501,,合肥仓
Spyder,780737,EB2601250024683,退货入库,6942105391420,1,0,0,24124ES485MXG9,海草绿T恤,海草绿,,2026-02-07 15:04:01,,待收货,待收货,,JDVA41873187434,,合肥仓
Spyder,780739,EB2602020047575,退货入库,6942133510503,1,1,1,25425MF233MN90,羽绒服,月石灰,,2026-02-07 15:04:02,2026-02-09 10:02:28,已完成,已完成,2026-02-09 11:17:55,JDVA41865934585,,合肥仓
Spyder,780740,EB2602040021624,退货入库,6942105344198,1,1,1,23423CF215MC06,布朗棕背心,布朗棕,,2026-02-07 15:04:03,2026-02-09 10:20:20,已完成,已完成,2026-02-09 11:17:57,JDVA41850297635,,合肥仓
Spyder,780741,EB2602050004803,退货入库,6932472701892,1,1,1,24424EF161M001,黑色冲锋衣,黑色,,2026-02-07 15:04:02,2026-02-08 17:15:32,已完成,已完成,2026-02-08 17:40:11,JDVA41854524738,,合肥仓
Spyder,780742,EB2602050004803,退货入库,6942105348974,1,1,1,99923EF133M2OK,游牧灰冲锋衣,游牧灰,,2026-02-07 15:04:02,2026-02-08 17:15:25,已完成,已完成,2026-02-08 17:40:10,JDVA41854524738,,合肥仓
Spyder,780749,EB2602010045332,退货入库,6932472706422,1,1,1,24424CF223U001,黑色羽绒服,黑色,,2026-02-07 16:59:01,2026-02-10 09:40:50,已完成,已完成,2026-02-10 10:39:18,JDX049060604884,,合肥仓
Spyder,780753,EB2602010045975,退货入库,6941816959516,1,0,0,24424EF225M001,黑色羽绒服,黑色,,2026-02-07 17:22:00,,待收货,待收货,,73595559465663,,合肥仓
Spyder,780756,EB2602030027688,退货入库,6905853838388,1,0,0,22222CS485U100,T恤,白色,,2026-02-07 17:03:01,,待收货,待收货,,73595560829688,,合肥仓
Spyder,780764,EB2602070025093,退货入库,6942133551537,1,1,1,26102VO26101WM001,梭织背心,黑色,,2026-02-07 15:45:00,2026-02-07 17:55:17,已完成,已完成,2026-02-07 19:23:09,78981087487647,,合肥仓
Spyder,780766,EB2602070022235,退货入库,6941816947827,1,0,0,24324EF509M001,黑色裤子,黑色,,2026-02-07 15:47:00,,待收货,待收货,,78981060162943,,合肥仓
Spyder,780777,EB2601310020130,退货入库,6932472750050,1,1,1,25125ES104W001,黑色夹克,黑色,,2026-02-07 16:04:00,2026-02-09 13:50:08,已完成,已完成,2026-02-09 15:22:30,773405978477934,,合肥仓
Spyder,780778,EB2602030032569,退货入库,6941816947858,1,1,1,24324EF543M001,黑色裤子,黑色,,2026-02-07 17:43:00,2026-02-10 11:08:01,已完成,已完成,2026-02-10 14:38:44,73595568306719,,合肥仓
Spyder,780793,EB2602060034600,退货入库,6942105346673,1,1,1,23423MF223M001,黑色背心,黑色,,2026-02-07 16:52:00,2026-02-08 15:59:54,已完成,已完成,2026-02-08 17:40:01,73595573154430,,合肥仓
Spyder,780794,EB2602060034599,退货入库,6942105346727,1,1,1,23423MF223MB06,灰蓝色背心,灰蓝色,,2026-02-07 16:52:01,2026-02-08 16:00:03,已完成,已完成,2026-02-08 17:40:01,73595573154430,,合肥仓
Spyder,780808,EB2602040025236,换货入库,6932472791633,1,1,1,25325EF229M001,羽绒服,黑色,,2026-02-07 17:42:00,2026-02-10 15:46:50,已完成,已完成,2026-02-10 16:28:25,772056383946488,,合肥仓
Spyder,780814,EB2602040021626,退货入库,6942133549817,1,0,0,26102TO26113KWN26,短袖T恤,烟灰色,,2026-02-08 14:01:00,,待收货,待收货,,YT2582711802126,,合肥仓
Spyder,780841,780841,其他入库,6942105307940,1,0,0,23323CF307MG12,金橄榄卫衣,金橄榄,,2026-02-07 17:35:00,,待收货,待收货,,,,合肥仓
Spyder,780843,EB2602020022791,退货入库,6942133507176,1,1,1,25325MF308WW03,卫衣,鸟羽白,,2026-02-07 17:30:01,2026-02-10 13:25:28,已完成,已完成,2026-02-10 14:38:54,773405999174971,,合肥仓
Spyder,780858,EB2602020022617,退货入库,6941816947995,1,0,0,24324EF545M001,黑色裤子,黑色,,2026-02-09 09:29:00,,待收货,待收货,,SF5109843869791,,合肥仓
Spyder,780859,EB2602040023084,退货入库,6942133517144,1,1,1,25325CF119M001,夹克,黑色,,2026-02-08 11:02:01,2026-02-10 10:20:20,已完成,已完成,2026-02-10 10:39:22,SF5109841211822,,合肥仓
Spyder,780860,EB2602040023088,退货入库,6942133527495,1,1,1,25325CF417M001,T恤,黑色,,2026-02-08 11:02:00,2026-02-10 10:20:01,已完成,已完成,2026-02-10 10:39:22,SF5109841211822,,合肥仓
Spyder,780863,EB2602040029738,退货入库,6942133551537,1,1,1,26102VO26101WM001,梭织背心,黑色,,2026-02-08 10:00:01,2026-02-10 10:58:54,已完成,已完成,2026-02-10 14:38:42,SF5109841988256,,合肥仓
Spyder,780867,EB2601300049121,退货入库,6905853742203,1,0,0,22122CS541MN02,裤子,深灰色;灰色,,2026-02-07 18:04:00,,待收货,待收货,,JDVA41859001365,,合肥仓
Spyder,780870,EB2602030045231,退货入库,6932472792043,1,0,0,25325EF417MN15,T恤,磁石灰,,2026-02-08 11:22:00,,待收货,待收货,,73595588553111,,合肥仓
Spyder,780875,EB2602040048922,退货入库,6941767117959,1,1,1,22422CF213UW84,雪山纹满印滑雪服装,白雪山纹,,2026-02-07 18:07:00,2026-02-09 10:08:12,已完成,已完成,2026-02-09 11:17:56,JDVA41854284320,,合肥仓
Spyder,780884,EB2602050026401,退货入库,6932472752443,1,0,0,25125MR427MN22,灰铜绿T恤,灰铜绿,,2026-02-07 18:18:00,,待收货,待收货,,JDVA41880920415,,合肥仓
Spyder,780905,EB2602010044682,退货入库,6942133528294,1,1,1,25425CF217M001,羽绒服,黑色,,2026-02-07 18:33:00,2026-02-07 19:30:27,已完成,已完成,2026-02-07 20:25:52,73595282408359,,合肥仓
Spyder,780907,EB2602040021491,退货入库,6942133528287,1,1,1,25425CF217M001,羽绒服,黑色,,2026-02-07 18:36:00,2026-02-08 15:07:13,已完成,已完成,2026-02-08 17:39:55,SF5126683466375,,合肥仓
Spyder,780926,EB2602040044849,退货入库,6941816942143,1,1,1,24324MF303M001,黑色卫衣,黑色,,2026-02-07 19:08:00,2026-02-10 17:23:10,已完成,已完成,2026-02-10 17:28:55,JDVA41882135980,,合肥仓
Spyder,780929,EB2602040048915,退货入库,6932472792128,1,1,1,25325EF517M001,裤子,黑色,,2026-02-08 10:03:00,2026-02-10 16:48:13,已完成,已完成,2026-02-10 17:28:50,73595599999120,,合肥仓
Spyder,780930,EB2602050030143,退货入库,6932472791565,1,1,1,25325EF205M001,棉服,黑色,,2026-02-08 12:58:00,2026-02-10 13:19:54,已完成,已完成,2026-02-10 14:38:52,772056417478208,,合肥仓
Spyder,780931,EB2602050030143,退货入库,6932472791558,1,1,1,25325EF205M001,棉服,黑色,,2026-02-08 12:58:00,2026-02-10 13:20:03,已完成,已完成,2026-02-10 14:38:53,772056417478208,,合肥仓
Spyder,780944,EB2602040046903,退货入库,6932472791299,1,0,0,25325EF119M001,冲锋衣,黑色,,2026-02-08 10:47:00,,待收货,待收货,,1322663026033,,合肥仓
Spyder,780950,EB2602050033793,退货入库,6932472750586,1,0,0,25125ES453M41C,湛蓝T恤,湛蓝,,2026-02-08 10:52:00,,待收货,待收货,,JDX049094535791,,合肥仓
Spyder,780953,EB2602030038846,退货入库,6942133525415,1,1,1,25425CF431M001,T恤,黑色,,2026-02-08 09:33:00,2026-02-10 16:51:41,已完成,已完成,2026-02-10 17:28:51,73595602030445,,合肥仓
Spyder,780956,EB2601280045249,退货入库,6942133525408,1,1,1,25425CF431M001,T恤,黑色,,2026-02-08 09:33:00,2026-02-10 16:51:48,已完成,已完成,2026-02-10 17:28:51,73595602030445,,合肥仓
Spyder,780960,EB2602040021035,退货入库,6941816948329,1,0,0,24324MF503M001,黑色裤子,黑色,,2026-02-08 12:02:01,,待收货,待收货,,435039464839695,,合肥仓
Spyder,780964,EB2602040038525,退货入库,6932472751866,1,1,1,25125ES527M001,黑色裤子,黑色,,2026-02-08 09:38:00,2026-02-10 10:25:06,已完成,已完成,2026-02-10 10:39:23,SF5107599308503,,合肥仓
Spyder,780966,EB2602050030368,退货入库,6941816947803,1,0,0,24324EF509M001,黑色裤子,黑色,,2026-02-08 08:20:00,,待收货,待收货,,YT2542158379047,,合肥仓
Spyder,780970,EB2602040028632,退货入库,6941816947858,1,0,0,24324EF543M001,黑色裤子,黑色,,2026-02-08 09:02:00,,待收货,待收货,,YT2542147052096,,合肥仓
Spyder,780974,EB2602040033517,退货入库,6941816942655,1,1,1,24324MF323M0MT,灰绿色卫衣,灰绿,,2026-02-08 09:10:00,2026-02-10 17:14:07,已完成,已完成,2026-02-10 17:28:54,78981307773775,,合肥仓
Spyder,780975,EB2602040033517,退货入库,6941816942501,1,1,1,24324MF311M001,黑色卫衣,黑色,,2026-02-08 09:10:02,2026-02-10 17:15:20,已完成,已完成,2026-02-10 17:28:54,78981307773775,,合肥仓
Spyder,780977,EB2602040033505,退货入库,6941816943652,1,1,1,24324MR304W0MT,灰绿色卫衣,灰绿,,2026-02-08 09:10:01,2026-02-10 17:14:43,已完成,已完成,2026-02-10 17:28:54,78981307773775,,合肥仓
Spyder,780981,EB2602040033244,退货入库,6941767107417,1,1,1,22422CF312WG05,海沫绿卫衣,海沫绿,,2026-02-08 09:10:00,2026-02-10 17:13:51,已完成,已完成,2026-02-10 17:28:54,78981307773775,,合肥仓
Spyder,780982,EB2602040033244,退货入库,6941816999369,1,1,1,24324CF512W001,黑色裤子,黑色,,2026-02-08 09:10:01,2026-02-10 17:14:21,已完成,已完成,2026-02-10 17:28:54,78981307773775,,合肥仓
Spyder,780983,EB2602040033244,退货入库,6941767107448,1,1,1,22422CF312WN02,深灰色卫衣,深灰色;灰色,,2026-02-08 09:10:01,2026-02-10 17:14:31,已完成,已完成,2026-02-10 17:28:54,78981307773775,,合肥仓
Spyder,780985,EB2602030040356,退货入库,6942133551544,1,0,0,26102VO26101WM001,梭织背心,黑色,,2026-02-08 10:02:01,,待收货,待收货,,435039207268142,,合肥仓
Spyder,780993,EB2602040028848,退货入库,6942133549022,1,0,0,26102TE26103KMW03,短袖T恤,鸟羽白,,2026-02-08 11:28:00,,待收货,待收货,,YT2542147052096,,合肥仓
Spyder,780998,EB2602040033504,退货入库,6942133548988,1,0,0,26102TE26103KMN09,短袖T恤,科技灰,,2026-02-07 20:25:00,,待收货,待收货,,JDVA41883568600,,合肥仓
Spyder,781002,EB2602040033504,退货入库,6942133548889,1,0,0,26102TE26103KM001,短袖T恤,黑色,,2026-02-07 20:25:01,,待收货,待收货,,JDVA41883568600,,合肥仓
Spyder,781011,EB2602040025425,退货入库,6942105357822,1,0,0,99924ES105M001,黑色夹克,黑色,,2026-02-08 08:32:00,,待收货,待收货,,1356414272518,,合肥仓
Spyder,781012,EB2602040025425,退货入库,6942133517212,1,0,0,25325CF119MP14,夹克,靛青紫,,2026-02-08 08:32:01,,待收货,待收货,,1356414272518,,合肥仓
Spyder,781021,EB2602010041566,退货入库,6932472791206,1,1,1,25325EF115M001,夹克,黑色,,2026-02-08 09:26:00,2026-02-10 10:23:10,已完成,已完成,2026-02-10 10:39:23,SF5107519281541,,合肥仓
Spyder,781036,EB2602050004461,退货入库,6941816947865,1,1,1,24324EF543M001,黑色裤子,黑色,,2026-02-08 09:52:01,2026-02-10 10:57:00,已完成,已完成,2026-02-10 14:38:41,73595613202176,,合肥仓
Spyder,781037,EB2602050004461,退货入库,6941816947599,1,1,1,24324EF171MMHG,黑色/绿色夹克,黑色/绿色,,2026-02-08 09:52:02,2026-02-10 10:57:21,已完成,已完成,2026-02-10 14:38:41,73595613202176,,合肥仓
Spyder,781038,EB2602030043042,退货入库,6932472792128,1,0,0,25325EF517M001,裤子,黑色,,2026-02-08 09:13:00,,待收货,待收货,,1356433894818,,合肥仓
Spyder,781063,EB2602050001120,退货入库,6942133542719,1,1,1,26102JE26101WM001,梭织夹克,黑色,,2026-02-08 09:01:00,2026-02-10 10:29:20,已完成,已完成,2026-02-10 10:39:24,JDX049085106027,,合肥仓
Spyder,781124,EB2602040043626,退货入库,6941816947704,1,1,1,24324EF325M001,黑色卫衣,黑色,,2026-02-07 22:53:00,2026-02-10 10:33:49,已完成,已完成,2026-02-10 10:39:25,JDVA41885924144,,合肥仓
Spyder,781126,EB2602040000835,退货入库,6932472760578,1,0,0,25125CS407M001,黑色POLO衫,黑色,,2026-02-08 08:47:00,,待收货,待收货,,JT3153184165538,,合肥仓
Spyder,781127,EB2602040000835,退货入库,6942133546120,1,0,0,26102OO26112KMN26,长袖POLO衫,烟灰色,,2026-02-08 08:47:00,,待收货,待收货,,JT3153184165538,,合肥仓
Spyder,781129,EB2602040000835,退货入库,6941816948336,1,0,0,24324MF503M001,黑色裤子,黑色,,2026-02-08 08:47:01,,待收货,待收货,,JT3153184165538,,合肥仓
Spyder,781130,EB2602040000835,退货入库,6941816947827,1,0,0,24324EF509M001,黑色裤子,黑色,,2026-02-08 08:47:01,,待收货,待收货,,JT3153184165538,,合肥仓
Spyder,781134,EB2602020001856,退货入库,6932472791749,1,1,1,25325EF247M001,棉服,黑色,,2026-02-08 09:52:02,2026-02-10 10:57:14,已完成,已完成,2026-02-10 14:38:41,73595613202176,,合肥仓
Spyder,781135,EB2602070016956,退货入库,6942133525460,1,1,1,25425CF431MN22,T恤,灰铜绿,,2026-02-07 22:59:00,2026-02-08 11:16:05,已完成,已完成,2026-02-08 13:29:58,78980984134005,,合肥仓
Spyder,781136,EB2602070016956,退货入库,6942133525415,1,1,1,25425CF431M001,T恤,黑色,,2026-02-07 22:59:00,2026-02-08 11:16:14,已完成,已完成,2026-02-08 13:29:59,78980984134005,,合肥仓
Spyder,781161,EB2602070021503,退货入库,6942105390447,1,0,0,24124CS425MG15,青提绿T恤,青提绿,,2026-02-08 00:22:13,,待收货,待收货,,SF5126664570456,,合肥仓
Spyder,781169,EB2602050009445,退货入库,6941816947728,1,1,1,24324EF325MB01,藏青色卫衣,藏青色1,,2026-02-08 01:55:00,2026-02-10 10:06:19,已完成,已完成,2026-02-10 10:39:21,JDVA41888767836,,合肥仓
Spyder,781170,EB2602050009444,退货入库,6942133506896,1,1,1,25325MF301MN22,卫衣,灰铜绿,,2026-02-08 13:07:00,2026-02-10 15:54:13,已完成,已完成,2026-02-10 16:28:26,631148642045165,,合肥仓
Spyder,781173,781173,其他入库,6941767135748,1,0,0,22422CF403M001,黑色运动打底上衣,黑色,,2026-02-08 06:17:00,,待收货,待收货,,,,合肥仓
Spyder,781173,781173,其他入库,6941816920059,1,0,0,24224CS123M41C,湛蓝夹克,湛蓝,,2026-02-08 06:17:00,,待收货,待收货,,,,合肥仓
Spyder,781173,781173,其他入库,6941816947841,1,0,0,24324EF543M001,黑色裤子,黑色,,2026-02-08 06:17:00,,待收货,待收货,,,,合肥仓
Spyder,781173,781173,其他入库,6941816997730,1,0,0,24324CF212W001,黑色羽绒服,黑色,,2026-02-08 06:17:00,,待收货,待收货,,,,合肥仓
Spyder,781173,781173,其他入库,6942105345652,1,0,0,23423CF515M001,黑色裤子,黑色,,2026-02-08 06:17:00,,待收货,待收货,,,,合肥仓
Spyder,781173,781173,其他入库,6942105346291,1,0,0,23423CF525MN20,岩草灰裤子,岩草灰,,2026-02-08 06:17:00,,待收货,待收货,,,,合肥仓
Spyder,781173,781173,其他入库,6942105377974,1,0,0,24124MR425MG20,云杉绿T恤,云杉绿,,2026-02-08 06:17:00,,待收货,待收货,,,,合肥仓
Spyder,781173,781173,其他入库,6905853618003,1,0,0,21421CF907U001,黑色帽子,黑色,,2026-02-08 06:17:00,,待收货,待收货,,,,合肥仓
Spyder,781173,781173,其他入库,6905853735748,1,0,0,22122CS311MN11,卫衣,麻灰,,2026-02-08 06:17:00,,待收货,待收货,,,,合肥仓
Spyder,781173,781173,其他入库,6905853736356,1,0,0,22222CS422WN02,运动内衣,深灰色;灰色,,2026-02-08 06:17:00,,待收货,待收货,,,,合肥仓
Spyder,781173,781173,其他入库,6905853736639,1,0,0,22222CS434WP06,运动内衣,银铃紫,,2026-02-08 06:17:00,,待收货,待收货,,,,合肥仓
Spyder,781173,781173,其他入库,6932472701441,1,0,0,24424CF422WW03,鸟羽白T恤,鸟羽白,,2026-02-08 06:17:00,,待收货,待收货,,,,合肥仓
Spyder,781173,781173,其他入库,6932472701953,1,0,0,24424EF161M335,深棕绿冲锋衣,深棕叶绿;深棕绿,,2026-02-08 06:17:00,,待收货,待收货,,,,合肥仓
Spyder,781173,781173,其他入库,6932472706668,1,0,0,24424CF234WE07,湖木色羽绒服,E07,,2026-02-08 06:17:00,,待收货,待收货,,,,合肥仓
Spyder,781173,781173,其他入库,6932472706675,1,0,0,24424CF234WE07,湖木色羽绒服,E07,,2026-02-08 06:17:00,,待收货,待收货,,,,合肥仓
Spyder,781173,781173,其他入库,6941767106977,1,0,0,22422CF212W001,黑色棉服,黑色,,2026-02-08 06:17:00,,待收货,待收货,,,,合肥仓
Spyder,781173,781173,其他入库,6941816919145,1,0,0,24124MS129MG20,云杉绿夹克,云杉绿,,2026-02-08 06:17:00,,待收货,待收货,,,,合肥仓
Spyder,781173,781173,其他入库,6941816947605,1,0,0,24324EF171MMHG,黑色/绿色夹克,黑色/绿色,,2026-02-08 06:17:00,,待收货,待收货,,,,合肥仓
Spyder,781173,781173,其他入库,6941816948480,1,0,0,24324MF508W6WW,酒红裤子,酒红,,2026-02-08 06:17:00,,待收货,待收货,,,,合肥仓
Spyder,781173,781173,其他入库,6941816948503,1,0,0,24324MF508W6WW,酒红裤子,酒红,,2026-02-08 06:17:00,,待收货,待收货,,,,合肥仓
Spyder,781173,781173,其他入库,6941816958946,1,0,0,24324MF237M0MT,灰绿色背心,灰绿,,2026-02-08 06:17:00,,待收货,待收货,,,,合肥仓
Spyder,781173,781173,其他入库,6941816959462,1,0,0,24424EF207UN22,灰铜绿羽绒服,灰铜绿,,2026-02-08 06:17:00,,待收货,待收货,,,,合肥仓
Spyder,781173,781173,其他入库,6941816999055,1,0,0,24324CF441ME07,湖木色T恤,E07,,2026-02-08 06:17:00,,待收货,待收货,,,,合肥仓
Spyder,781173,781173,其他入库,6941816999932,1,0,0,24424CF510W001,黑色裤子,黑色,,2026-02-08 06:17:00,,待收货,待收货,,,,合肥仓
Spyder,781173,781173,其他入库,6942105310896,1,0,0,23323MF531MB06,灰蓝色裤子,灰蓝色,,2026-02-08 06:17:00,,待收货,待收货,,,,合肥仓
Spyder,781173,781173,其他入库,6942105345225,1,0,0,23423CF314WC06,布朗棕卫衣,布朗棕,,2026-02-08 06:17:00,,待收货,待收货,,,,合肥仓
Spyder,781173,781173,其他入库,6942105346239,1,0,0,23423CF524WN20,岩草灰裤子,岩草灰,,2026-02-08 06:17:00,,待收货,待收货,,,,合肥仓
Spyder,781173,781173,其他入库,6942105346468,1,0,0,23423EF223MG07,深苔绿背心,深苔绿,,2026-02-08 06:17:00,,待收货,待收货,,,,合肥仓
Spyder,781173,781173,其他入库,6942105346895,1,0,0,23423MF225MB22,云山蓝羽绒服,云山蓝,,2026-02-08 06:17:00,,待收货,待收货,,,,合肥仓
Spyder,781173,781173,其他入库,6941816997778,1,0,0,24324CF212WG25,冰谷青羽绒服,冰谷青,,2026-02-08 06:17:00,,待收货,待收货,,,,合肥仓
Spyder,781173,781173,其他入库,6905853665991,1,0,0,21321CF107MB12,陶瓷蓝夹克,陶瓷蓝,,2026-02-08 06:17:00,,待收货,待收货,,,,合肥仓
Spyder,781173,781173,其他入库,6905853837671,1,0,0,22222CS911UP06,帽子,银铃紫,,2026-02-08 06:17:00,,待收货,待收货,,,,合肥仓
Spyder,781173,781173,其他入库,6932472711808,1,0,0,24424CR117M600,红色夹克,RED；红色,,2026-02-08 06:17:00,,待收货,待收货,,,,合肥仓
Spyder,781173,781173,其他入库,6941767107721,1,0,0,22422CF507MC03,焦糖棕裤子,焦糖色3,,2026-02-08 06:17:00,,待收货,待收货,,,,合肥仓
Spyder,781173,781173,其他入库,6941816922176,1,0,0,24224MR403MN25,燧石灰T恤,燧石灰;烟灰色,,2026-02-08 06:17:00,,待收货,待收货,,,,合肥仓
Spyder,781173,781173,其他入库,6941816942877,1,0,0,24324MF406W0MT,灰绿色T恤,灰绿,,2026-02-08 06:17:00,,待收货,待收货,,,,合肥仓
Spyder,781173,781173,其他入库,6941816942884,1,0,0,24324MF406W0MT,灰绿色T恤,灰绿,,2026-02-08 06:17:00,,待收货,待收货,,,,合肥仓
Spyder,781173,781173,其他入库,6941816960147,1,0,0,24424MF217MN22,灰铜绿羽绒服,灰铜绿,,2026-02-08 06:17:00,,待收货,待收货,,,,合肥仓
Spyder,781173,781173,其他入库,6941816998065,1,0,0,24324CF253MG25,冰谷青羽绒服,冰谷青,,2026-02-08 06:17:00,,待收货,待收货,,,,合肥仓
Spyder,781173,781173,其他入库,6942105345218,1,0,0,23423CF314WC06,布朗棕卫衣,布朗棕,,2026-02-08 06:17:00,,待收货,待收货,,,,合肥仓
Spyder,781173,781173,其他入库,6942105345751,1,0,0,23423CF517MC06,布朗棕裤子,布朗棕,,2026-02-08 06:17:00,,待收货,待收货,,,,合肥仓
Spyder,781173,781173,其他入库,6942105346239,1,0,0,23423CF524WN20,岩草灰裤子,岩草灰,,2026-02-08 06:17:00,,待收货,待收货,,,,合肥仓
Spyder,781173,781173,其他入库,6941767118802,1,0,0,22422CR106U600,红色滑雪服装,RED；红色,,2026-02-08 06:17:00,,待收货,待收货,,,,合肥仓
Spyder,781179,EB2602020046287,退货入库,6941767119045,1,1,1,22422CR509M001,黑色滑雪服装,黑色,,2026-02-08 12:00:01,2026-02-10 13:24:10,已完成,已完成,2026-02-10 14:38:53,772056371670930,,合肥仓
Spyder,781190,EB2602030044796,退货入库,6932472792029,1,1,1,25325EF417MN15,T恤,磁石灰,,2026-02-08 08:43:00,2026-02-10 16:58:27,已完成,已完成,2026-02-10 17:28:52,73595643527541,,合肥仓
Spyder,781209,EB2602020042863,退货入库,6932472712461,1,1,1,888100245914NE1,米灰色/浅卡其色鞋,米灰色/浅卡其色,,2026-02-08 11:00:01,2026-02-10 13:37:22,已完成,已完成,2026-02-10 14:38:56,631148601535660,,合肥仓
Spyder,781230,EB2602040044894,退货入库,6932472791367,1,1,1,25325EF119MG25,冲锋衣,冰谷青,,2026-02-09 10:50:06,2026-02-10 14:50:02,已完成,已完成,2026-02-10 15:30:30,SF5126111032709,,合肥仓
Spyder,781231,EB2602040044343,退货入库,6941816947780,1,1,1,24324EF325ME08,灰杏色卫衣,灰杏色,,2026-02-09 10:50:01,2026-02-10 14:49:53,已完成,已完成,2026-02-10 15:30:30,SF5126111032709,,合肥仓
Spyder,781233,EB2602030040510,退货入库,6932472701885,1,0,0,24424EF161M001,黑色冲锋衣,黑色,,2026-02-10 08:36:00,,待收货,待收货,,JT0021962481669,,合肥仓
Spyder,781234,EB2602030040354,退货入库,6932472701878,1,0,0,24424EF161M001,黑色冲锋衣,黑色,,2026-02-10 08:36:00,,待收货,待收货,,JT0021962481669,,合肥仓
Spyder,781241,EB2601240029703,退货入库,6905853741145,1,1,1,22122CS150WN08,夹克,银灰,,2026-02-08 11:23:00,2026-02-10 16:57:05,已完成,已完成,2026-02-10 17:28:52,73595667484639,,合肥仓
Spyder,781242,EB2602050018368,退货入库,6941767119915,1,1,1,23122CF331M600,红色卫衣,RED；红色,,2026-02-08 10:15:00,2026-02-10 09:36:35,已完成,已完成,2026-02-10 10:39:18,JDVA41896562665,,合肥仓
Spyder,781249,EB2602040026444,退货入库,6942133548759,1,1,1,26102TE26101KMW03,短袖T恤,鸟羽白,,2026-02-08 11:02:01,2026-02-10 16:41:07,已完成,已完成,2026-02-10 17:28:49,312956252959236,,合肥仓
Spyder,781258,EB2602030024688,退货入库,6941816947858,1,0,0,24324EF543M001,黑色裤子,黑色,,2026-02-08 10:37:01,,待收货,待收货,,JDVA41897453395,,合肥仓
Spyder,781262,EB2602030024862,退货入库,6942133544539,1,0,0,26102JO26155WM001,短款羽绒服,黑色,,2026-02-08 10:46:00,,待收货,待收货,,JDVA41897899873,,合肥仓
Spyder,781263,EB2602010048051,退货入库,6942105345669,1,1,1,23423CF515M001,黑色裤子,黑色,,2026-02-08 11:43:00,2026-02-10 16:46:30,已完成,已完成,2026-02-10 17:28:50,435039423727243,,合肥仓
Spyder,781264,EB2602010048052,退货入库,6942105378223,1,1,1,24124MR513M001,黑色裤子,黑色,,2026-02-08 11:43:00,2026-02-10 16:46:22,已完成,已完成,2026-02-10 17:28:50,435039423727243,,合肥仓
Spyder,781265,EB2602010048051,退货入库,6905853196358,1,1,1,19319CF912WP07,喜马拉雅盐粉帽子,喜马拉雅盐粉,,2026-02-08 11:43:01,2026-02-10 16:46:38,已完成,已完成,2026-02-10 17:28:50,435039423727243,,合肥仓
Spyder,781273,EB2602040035104,换货入库,6941816947551,1,0,0,24324EF171MMHB,黑色/蓝色夹克,黑色/蓝色,,2026-02-09 11:12:00,,待收货,待收货,,73595679234937,,合肥仓
Spyder,781274,EB2602040043406,退货入库,6942133528270,1,1,1,25425CF217M001,羽绒服,黑色,,2026-02-08 14:43:00,2026-02-10 19:34:25,已完成,已完成,2026-02-10 19:34:50,SF5107585209352,,合肥仓
Spyder,781286,EB2602050027956,退货入库,6932472791657,1,0,0,25325EF229M001,羽绒服,黑色,,2026-02-08 14:21:01,,待收货,待收货,,YT2582768321852,,合肥仓
Spyder,781304,EB2602040049586,退货入库,6942133527525,1,1,1,25325CF417M001,T恤,黑色,,2026-02-08 11:44:00,2026-02-10 13:21:49,已完成,已完成,2026-02-10 14:38:53,YT2582745189037,,合肥仓
Spyder,781313,EB2602030041294,退货入库,6942133527419,1,0,0,25325CF223M001,三合一,黑色,,2026-02-08 11:53:00,,待收货,待收货,,JDVA41900158734,,合肥仓
Spyder,781316,EB2602040020708,退货入库,6941816932083,1,0,0,99923EF133M335,深棕绿冲锋衣,深棕叶绿;深棕绿,,2026-02-08 13:21:00,,待收货,待收货,,1356955670118,,合肥仓
Spyder,781322,EB2602070023474,退货入库,6932472792043,1,1,1,25325EF417MN15,T恤,磁石灰,,2026-02-08 12:02:01,2026-02-10 11:09:15,已完成,已完成,2026-02-10 14:38:44,76795003148506,,合肥仓
Spyder,781331,EB2602050024247,退货入库,6932472791640,1,0,0,25325EF229M001,羽绒服,黑色,,2026-02-08 14:21:00,,待收货,待收货,,YT2542177149449,,合肥仓
Spyder,781378,EB2602070024243,退货入库,6941816947599,1,1,1,24324EF171MMHG,黑色/绿色夹克,黑色/绿色,,2026-02-08 13:15:00,2026-02-10 11:06:11,已完成,已完成,2026-02-10 14:38:43,76795016841330,,合肥仓
Spyder,781391,EB2602060033916,退货入库,6942105393479,1,1,1,24124MS503MN25,燧石灰裤子,燧石灰;烟灰色,,2026-02-08 15:07:00,2026-02-10 11:14:27,已完成,已完成,2026-02-10 14:38:44,73595705211211,,合肥仓
Spyder,781393,EB2602060033917,退货入库,6942105392014,1,1,1,24124MS315MN25,燧石灰卫衣,燧石灰;烟灰色,,2026-02-08 15:07:00,2026-02-10 11:14:14,已完成,已完成,2026-02-10 14:38:44,73595705211211,,合肥仓
Spyder,781417,EB2602060033935,退货入库,6932472752108,1,1,1,25125ES531MN22,灰铜绿裤子,灰铜绿,,2026-02-08 14:05:00,2026-02-10 10:27:46,已完成,已完成,2026-02-10 10:39:24,JDVA41904226194,,合肥仓
Spyder,781418,EB2602060033935,退货入库,6932472752054,1,1,1,25125ES531MN02,深灰裤子,深灰色;灰色,,2026-02-08 14:05:01,2026-02-10 10:27:55,已完成,已完成,2026-02-10 10:39:24,JDVA41904226194,,合肥仓
Spyder,781440,EB2602040034825,退货入库,6941767100555,1,0,0,22322CF114W001,黑色夹克,黑色,,2026-02-08 16:46:00,,待收货,待收货,,631148696093942,,合肥仓
Spyder,781444,EB2602040039890,退货入库,6932472707122,1,0,0,24424CF245M001,黑色羽绒服,黑色,,2026-02-08 16:53:00,,待收货,待收货,,631148700029032,,合肥仓
Spyder,781449,EB2602050045209,退货入库,6941816947575,1,0,0,24324EF171MMHG,黑色/绿色夹克,黑色/绿色,,2026-02-08 15:14:00,,待收货,待收货,,SF5107606345816,,合肥仓
Spyder,781473,EB2601310021919,退货入库,6941816947841,1,0,0,24324EF543M001,黑色裤子,黑色,,2026-02-08 16:23:00,,待收货,待收货,,1357237328318,,合肥仓
Spyder,781486,EB2602010033270,退货入库,6941816960284,1,0,0,24424MF227M001,黑色羽绒服,黑色,,2026-02-09 09:43:01,,待收货,待收货,,JDX049121460186,,合肥仓
Spyder,781493,EB2601290022199,退货入库,6942105346543,1,1,1,23423EF227M001,黑色羽绒服,黑色,,2026-02-08 17:15:00,2026-02-10 13:41:59,已完成,已完成,2026-02-10 14:38:56,773406177581118,,合肥仓
Spyder,781498,EB2602030030486,退货入库,6941816947810,1,1,1,24324EF509M001,黑色裤子,黑色,,2026-02-08 17:16:00,2026-02-10 13:33:39,已完成,已完成,2026-02-10 14:38:55,773406177893495,,合肥仓
Spyder,781499,EB2602020022953,退货入库,6932472791640,1,1,1,25325EF229M001,羽绒服,黑色,,2026-02-08 17:17:01,2026-02-10 13:35:20,已完成,已完成,2026-02-10 14:38:55,773406177671250,,合肥仓
Spyder,781503,EB2602030020538,退货入库,6942105357310,1,1,1,24124XS501MN02,深灰,深灰色;灰色,,2026-02-08 17:17:01,2026-02-10 13:29:01,已完成,已完成,2026-02-10 14:38:54,773406178917158,,合肥仓
Spyder,781503,EB2602030020538,退货入库,6942105357358,1,1,1,24124XS501MXG9,海草绿,海草绿,,2026-02-08 17:17:01,2026-02-10 13:29:01,已完成,已完成,2026-02-10 14:38:54,773406178917158,,合肥仓
Spyder,781542,EB2602040032509,退货入库,6942133510701,1,1,1,25425MF245MN22,羽绒服,灰铜绿,,2026-02-08 16:53:01,2026-02-10 17:19:51,已完成,已完成,2026-02-10 17:28:55,JDVA41850454676,,合肥仓
Spyder,781576,EB2602050046654,退货入库,6942133530167,1,0,0,25425CF304WW90,卫衣,霜白色,,2026-02-09 11:02:00,,待收货,待收货,,631148786126740,,合肥仓
Spyder,781577,EB2602070032406,退货入库,6942133518004,1,1,1,25325CF131M001,冲锋衣,黑色,,2026-02-08 17:37:01,2026-02-10 17:21:49,已完成,已完成,2026-02-10 17:28:55,JDVA41911281978,,合肥仓
Spyder,781590,EB2602030040664,退货入库,6941816921414,1,0,0,24224ES471MB13,浅灰蓝T恤,浅灰蓝,,2026-02-09 12:08:00,,待收货,待收货,,YT2582832347582,,合肥仓
Spyder,781610,EB2601300021543,退货入库,6941816947841,1,0,0,24324EF543M001,黑色裤子,黑色,,2026-02-09 17:42:02,,待收货,待收货,,773406362826820,,合肥仓
Spyder,781618,EB2602050001121,退货入库,6932472791183,1,0,0,25325EF115M001,夹克,黑色,,2026-02-09 15:12:00,,待收货,待收货,,YT2542203207293,,合肥仓
Spyder,781682,EB2602060034602,退货入库,6942133510718,1,0,0,25425MF245MN22,羽绒服,灰铜绿,,2026-02-09 10:15:00,,待收货,待收货,,SF5126119112843,,合肥仓
Spyder,781711,EB2601310028073,退货入库,6942105357808,1,1,1,99924ES105M001,黑色夹克,黑色,,2026-02-08 20:14:00,2026-02-09 09:38:10,已完成,已完成,2026-02-09 11:17:54,YT2582577385621,,合肥仓
Spyder,781714,EB2602060030427,退货入库,6932472706163,1,0,0,24424CF215M001,黑色羽绒服,黑色,,2026-02-09 10:23:01,,待收货,待收货,,JDX049140656510,,合肥仓
Spyder,781716,EB2602010017981,退货入库,6932472751859,1,0,0,25125ES527M001,黑色裤子,黑色,,2026-02-08 20:18:00,,待收货,待收货,,JDVA41914654484,,合肥仓
Spyder,781727,EB2602040048233,退货入库,6942133542719,1,0,0,26102JE26101WM001,梭织夹克,黑色,,2026-02-09 10:23:01,,待收货,待收货,,YT2582813529361,,合肥仓
Spyder,781732,EB2602040033259,退货入库,6942105349117,1,0,0,99923ER139M001,黑色夹克,黑色,,2026-02-09 08:42:00,,待收货,待收货,,73595776183051,,合肥仓
Spyder,781759,EB2602050031052,退货入库,6942133530075,1,0,0,25425CF228WG38,羽绒服,石绿色,,2026-02-09 10:29:00,,待收货,待收货,,JT3153337179604,,合肥仓
Spyder,781767,781767,其他入库,6905853740759,1,0,0,22122CS107MN08,夹克,银灰,,2026-02-08 21:17:00,,待收货,待收货,,,,合肥仓
Spyder,781767,781767,其他入库,6905853880684,2,0,0,22222ES441U100,T恤,白色,,2026-02-08 21:17:00,,待收货,待收货,,,,合肥仓
Spyder,781767,781767,其他入库,6941816947759,1,0,0,24324EF325ME08,灰杏色卫衣,灰杏色,,2026-02-08 21:17:00,,待收货,待收货,,,,合肥仓
Spyder,781767,781767,其他入库,6941816947711,1,0,0,24324EF325MB01,藏青色卫衣,藏青色1,,2026-02-08 21:17:00,,待收货,待收货,,,,合肥仓
Spyder,781767,781767,其他入库,6941816947766,1,0,0,24324EF325ME08,灰杏色卫衣,灰杏色,,2026-02-08 21:17:00,,待收货,待收货,,,,合肥仓
Spyder,781767,781767,其他入库,6941816947810,1,0,0,24324EF509M001,黑色裤子,黑色,,2026-02-08 21:17:00,,待收货,待收货,,,,合肥仓
Spyder,781767,781767,其他入库,6941816960086,1,0,0,24424MF217M001,黑色羽绒服,黑色,,2026-02-08 21:17:00,,待收货,待收货,,,,合肥仓
Spyder,781767,781767,其他入库,6932472706491,1,0,0,24424CF229MC12,枯木棕羽绒服,枯木棕,,2026-02-08 21:17:00,,待收货,待收货,,,,合肥仓
Spyder,781767,781767,其他入库,6932472706682,1,0,0,24424CF236W001,黑色羽绒服,黑色,,2026-02-08 21:17:00,,待收货,待收货,,,,合肥仓
Spyder,781767,781767,其他入库,6941816942631,1,0,0,24324MF323M0MT,灰绿色卫衣,灰绿,,2026-02-08 21:17:00,,待收货,待收货,,,,合肥仓
Spyder,781767,781767,其他入库,6941816943713,1,0,0,24324MR320WR02,粉水晶卫衣,粉水晶,,2026-02-08 21:17:00,,待收货,待收货,,,,合肥仓
Spyder,781767,781767,其他入库,6941816959592,1,0,0,24424EF225MN22,灰铜绿羽绒服,灰铜绿,,2026-02-08 21:17:00,,待收货,待收货,,,,合肥仓
Spyder,781767,781767,其他入库,6932472706644,1,0,0,24424CF234W001,黑色羽绒服,黑色,,2026-02-08 21:17:00,,待收货,待收货,,,,合肥仓
Spyder,781767,781767,其他入库,6941816947599,1,0,0,24324EF171MMHG,黑色/绿色夹克,黑色/绿色,,2026-02-08 21:17:00,,待收货,待收货,,,,合肥仓
Spyder,781767,781767,其他入库,6941816947810,1,0,0,24324EF509M001,黑色裤子,黑色,,2026-02-08 21:17:00,,待收货,待收货,,,,合肥仓
Spyder,781767,781767,其他入库,6941816947933,1,0,0,24324EF543MN02,深灰色裤子,深灰色;灰色,,2026-02-08 21:17:00,,待收货,待收货,,,,合肥仓
Spyder,781767,781767,其他入库,6941816959424,1,0,0,24424EF207U001,黑色羽绒服,黑色,,2026-02-08 21:17:00,,待收货,待收货,,,,合肥仓
Spyder,781767,781767,其他入库,6941767100906,1,0,0,22322CF313MB17,石磨蓝卫衣,石磨蓝,,2026-02-08 21:17:00,,待收货,待收货,,,,合肥仓
Spyder,781767,781767,其他入库,6941767100913,1,0,0,22322CF313MB17,石磨蓝卫衣,石磨蓝,,2026-02-08 21:17:00,,待收货,待收货,,,,合肥仓
Spyder,781767,781767,其他入库,6941767107417,1,0,0,22422CF312WG05,海沫绿卫衣,海沫绿,,2026-02-08 21:17:00,,待收货,待收货,,,,合肥仓
Spyder,781767,781767,其他入库,6941767107448,1,0,0,22422CF312WN02,深灰色卫衣,深灰色;灰色,,2026-02-08 21:17:00,,待收货,待收货,,,,合肥仓
Spyder,781767,781767,其他入库,6941816947711,1,0,0,24324EF325MB01,藏青色卫衣,藏青色1,,2026-02-08 21:17:00,,待收货,待收货,,,,合肥仓
Spyder,781767,781767,其他入库,6941816947810,1,0,0,24324EF509M001,黑色裤子,黑色,,2026-02-08 21:17:00,,待收货,待收货,,,,合肥仓
Spyder,781767,781767,其他入库,6942105390638,1,0,0,24124CS437MG15,青提绿T恤,青提绿,,2026-02-08 21:17:00,,待收货,待收货,,,,合肥仓
Spyder,781767,781767,其他入库,6941816998331,1,0,0,24324CF317MN10,板岩灰卫衣,N10,,2026-02-08 21:17:00,,待收货,待收货,,,,合肥仓
Spyder,781767,781767,其他入库,6942105377950,1,0,0,24124MR425MG20,云杉绿T恤,云杉绿,,2026-02-08 21:17:00,,待收货,待收货,,,,合肥仓
Spyder,781767,781767,其他入库,6942105392038,1,0,0,24124MS315MN25,燧石灰卫衣,燧石灰;烟灰色,,2026-02-08 21:17:00,,待收货,待收货,,,,合肥仓
Spyder,781767,781767,其他入库,6942105377820,1,0,0,24124MR323M001,黑色卫衣,黑色,,2026-02-08 21:17:00,,待收货,待收货,,,,合肥仓
Spyder,781767,781767,其他入库,6942105389410,1,0,0,24124CS304WN19,玉石灰卫衣,玉石灰,,2026-02-08 21:17:00,,待收货,待收货,,,,合肥仓
Spyder,781767,781767,其他入库,6942105390621,1,0,0,24124CS437MG15,青提绿T恤,青提绿,,2026-02-08 21:17:00,,待收货,待收货,,,,合肥仓
Spyder,781767,781767,其他入库,6941816918131,1,0,0,24124CS131MN26,烟灰色夹克,烟灰色,,2026-02-08 21:17:00,,待收货,待收货,,,,合肥仓
Spyder,781767,781767,其他入库,6941767146751,1,0,0,23123CS106WP01,午夜紫夹克,午夜紫,,2026-02-08 21:17:00,,待收货,待收货,,,,合肥仓
Spyder,781767,781767,其他入库,6941767147772,1,0,0,23123CS306WG09,灰岩绿卫衣,灰岩绿,,2026-02-08 21:17:00,,待收货,待收货,,,,合肥仓
Spyder,781767,781767,其他入库,6941816923371,1,0,0,24224MS473M001,黑色T恤,黑色,,2026-02-08 21:17:00,,待收货,待收货,,,,合肥仓
Spyder,781767,781767,其他入库,6941816923388,1,0,0,24224MS473M001,黑色T恤,黑色,,2026-02-08 21:17:00,,待收货,待收货,,,,合肥仓
Spyder,781767,781767,其他入库,6941816923432,1,0,0,24224MS473M100,白色T恤,白色,,2026-02-08 21:17:00,,待收货,待收货,,,,合肥仓
Spyder,781767,781767,其他入库,6942105309487,1,0,0,23323CF513MC06,布朗棕裤子,布朗棕,,2026-02-08 21:17:00,,待收货,待收货,,,,合肥仓
Spyder,781767,781767,其他入库,6942105391147,1,0,0,24124ES481M001,黑色T恤,黑色,,2026-02-08 21:17:00,,待收货,待收货,,,,合肥仓
Spyder,781767,781767,其他入库,6942105391536,1,0,0,24124ES527M001,黑色裤子,黑色,,2026-02-08 21:17:00,,待收货,待收货,,,,合肥仓
Spyder,781767,781767,其他入库,6942105308879,1,0,0,23323CF503MG13,松墨绿裤子,松墨绿,,2026-02-08 21:17:00,,待收货,待收货,,,,合肥仓
Spyder,781767,781767,其他入库,6941816958861,1,0,0,24324MF235M0MT,灰绿色羽绒服,灰绿,,2026-02-08 21:17:00,,待收货,待收货,,,,合肥仓
Spyder,781767,781767,其他入库,6942105390997,1,0,0,24124ES425M001,黑色T恤,黑色,,2026-02-08 21:17:00,,待收货,待收货,,,,合肥仓
Spyder,781767,781767,其他入库,6942105391000,1,0,0,24124ES425M001,黑色T恤,黑色,,2026-02-08 21:17:00,,待收货,待收货,,,,合肥仓
Spyder,781767,781767,其他入库,6932472706484,1,0,0,24424CF229MC12,枯木棕羽绒服,枯木棕,,2026-02-08 21:17:00,,待收货,待收货,,,,合肥仓
Spyder,781767,781767,其他入库,6941767107257,1,0,0,22422CF309M001,黑色卫衣,黑色,,2026-02-08 21:17:00,,待收货,待收货,,,,合肥仓
Spyder,781767,781767,其他入库,6941767147840,1,0,0,23123CS307MC01,香薰色卫衣,香薰色,,2026-02-08 21:17:00,,待收货,待收货,,,,合肥仓
Spyder,781767,781767,其他入库,6941816942631,1,0,0,24324MF323M0MT,灰绿色卫衣,灰绿,,2026-02-08 21:17:00,,待收货,待收货,,,,合肥仓
Spyder,781767,781767,其他入库,6941816947803,1,0,0,24324EF509M001,黑色裤子,黑色,,2026-02-08 21:17:00,,待收货,待收货,,,,合肥仓
Spyder,781767,781767,其他入库,6941816947841,1,0,0,24324EF543M001,黑色裤子,黑色,,2026-02-08 21:17:00,,待收货,待收货,,,,合肥仓
Spyder,781767,781767,其他入库,6941816960239,1,0,0,24424MF225MN22,灰铜绿羽绒服,灰铜绿,,2026-02-08 21:17:00,,待收货,待收货,,,,合肥仓
Spyder,781767,781767,其他入库,6941816927812,1,0,0,24224MS505M001,黑色裤子,黑色,,2026-02-08 21:17:00,,待收货,待收货,,,,合肥仓
Spyder,781767,781767,其他入库,6941816944536,1,0,0,24424MF415MN22,灰铜绿T恤,灰铜绿,,2026-02-08 21:17:00,,待收货,待收货,,,,合肥仓
Spyder,781767,781767,其他入库,6941816947810,1,0,0,24324EF509M001,黑色裤子,黑色,,2026-02-08 21:17:00,,待收货,待收货,,,,合肥仓
Spyder,781767,781767,其他入库,6941816960178,1,0,0,24424MF225M001,黑色羽绒服,黑色,,2026-02-08 21:17:00,,待收货,待收货,,,,合肥仓
Spyder,781767,781767,其他入库,6941816960185,1,0,0,24424MF225M001,黑色羽绒服,黑色,,2026-02-08 21:17:00,,待收货,待收货,,,,合肥仓
Spyder,781767,781767,其他入库,6941816960222,1,0,0,24424MF225MN22,灰铜绿羽绒服,灰铜绿,,2026-02-08 21:17:00,,待收货,待收货,,,,合肥仓
Spyder,781767,781767,其他入库,6942105308589,1,0,0,23323CF415M4DN,藏青T恤,藏青,,2026-02-08 21:17:00,,待收货,待收货,,,,合肥仓
Spyder,781767,781767,其他入库,6942105347199,1,0,0,23423MF247M2OK,游牧灰棉服,游牧灰,,2026-02-08 21:17:00,,待收货,待收货,,,,合肥仓
Spyder,781767,781767,其他入库,6942105377820,1,0,0,24124MR323M001,黑色卫衣,黑色,,2026-02-08 21:17:00,,待收货,待收货,,,,合肥仓
Spyder,781767,781767,其他入库,6905853736646,1,0,0,22222CS434WP06,运动内衣,银铃紫,,2026-02-08 21:17:00,,待收货,待收货,,,,合肥仓
Spyder,781767,781767,其他入库,6905853666967,1,0,0,21321CF535M001,黑色裤子,黑色,,2026-02-08 21:17:00,,待收货,待收货,,,,合肥仓
Spyder,781767,781767,其他入库,6942105346901,1,0,0,23423MF225MB22,云山蓝羽绒服,云山蓝,,2026-02-08 21:17:00,,待收货,待收货,,,,合肥仓
Spyder,781767,781767,其他入库,6942105345454,1,0,0,23423CF418W001,黑色T恤,黑色,,2026-02-08 21:17:00,,待收货,待收货,,,,合肥仓
Spyder,781767,781767,其他入库,6905853616399,1,0,0,21320CF510WN02,深灰色裤子,深灰色;灰色,,2026-02-08 21:17:00,,待收货,待收货,,,,合肥仓
Spyder,781767,781767,其他入库,6905853291749,2,0,0,19419CF935U100,白色袜子,白色,,2026-02-08 21:17:00,,待收货,待收货,,,,合肥仓
Spyder,781773,EB2602050022868,退货入库,6942133510992,1,0,0,25425MF406W001,T恤,黑色,,2026-02-09 08:54:01,,待收货,待收货,,1357701334418,,合肥仓
Spyder,781774,EB2602050022868,退货入库,6942133527501,1,0,0,25325CF417M001,T恤,黑色,,2026-02-09 08:54:00,,待收货,待收货,,1357701334418,,合肥仓
Spyder,781782,EB2602080034839,退货入库,6941816947537,1,0,0,24324EF171MMHB,黑色/蓝色夹克,黑色/蓝色,,2026-02-08 21:18:00,,待收货,待收货,,76795558324061,,合肥仓
Spyder,781783,EB2602020002759,退货入库,6941816960109,1,0,0,24424MF217M001,黑色羽绒服,黑色,,2026-02-09 09:43:00,,待收货,待收货,,JDX049144337698,,合肥仓
Spyder,781812,EB2602040041861,退货入库,6941816943263,1,0,0,24324MF505M001,黑色裤子,黑色,,2026-02-09 10:00:01,,待收货,待收货,,631148758039473,,合肥仓
Spyder,781813,,退货入库,6942133548780,1,1,1,26102TE26102KM001,短袖T恤,黑色,,2026-02-08 21:51:00,2026-02-09 17:53:03,已完成,已完成,2026-02-09 17:59:25,JDX048888423290,,合肥仓
Spyder,781822,EB2602040042927,退货入库,6932472792005,1,0,0,25325EF417M001,T恤,黑色,,2026-02-09 11:15:00,,待收货,待收货,,JDX049146571579,,合肥仓
Spyder,781827,EB2602020046286,退货入库,6942133547332,1,0,0,26102PO26106KWN09,针织长裤,科技灰,,2026-02-09 15:37:00,,待收货,待收货,,73595814799257,,合肥仓
Spyder,781839,EB2602060049629,退货入库,6942133517953,1,1,1,25325CF414W001,T恤,黑色,,2026-02-09 11:05:01,2026-02-10 15:40:27,已完成,已完成,2026-02-10 16:28:24,631148786537946,,合肥仓
Spyder,781840,EB2602060049629,退货入库,6942133517915,1,1,1,25325CF414WY15,T恤,佛手柑1,,2026-02-09 11:05:00,2026-02-10 15:40:02,已完成,已完成,2026-02-10 16:28:23,631148786537946,,合肥仓
Spyder,781841,EB2602060049629,退货入库,6942133530211,1,1,1,25425CF304WR20,卫衣,黎明粉,,2026-02-09 11:05:01,2026-02-10 15:40:20,已完成,已完成,2026-02-10 16:28:24,631148786537946,,合肥仓
Spyder,781850,EB2602050040888,退货入库,6932472791640,1,0,0,25325EF229M001,羽绒服,黑色,,2026-02-09 12:14:00,,待收货,待收货,,73595855903281,,合肥仓
Spyder,781864,EB2602040039508,退货入库,6942105346383,1,0,0,23423EF219M001,黑色羽绒服,黑色,,2026-02-09 11:01:00,,待收货,待收货,,JDX049152585658,,合肥仓
Spyder,781865,EB2602060025669,退货入库,6941816947841,1,0,0,24324EF543M001,黑色裤子,黑色,,2026-02-09 13:24:01,,待收货,待收货,,312956583125725,,合肥仓
Spyder,781873,EB2602050029379,退货入库,6942133532208,1,0,0,25325CF907U001,帽子,黑色,,2026-02-09 13:24:00,,待收货,待收货,,JDX049156774571,,合肥仓
Spyder,781876,EB2602050021656,退货入库,6942105349124,1,0,0,99923ER139M001,黑色夹克,黑色,,2026-02-09 11:40:01,,待收货,待收货,,73595804398948,,合肥仓
Spyder,781885,EB2602050001796,退货入库,6942133551544,1,1,1,26102VO26101WM001,梭织背心,黑色,,2026-02-08 23:31:00,2026-02-10 17:28:12,已完成,已完成,2026-02-10 17:28:56,JDVA41917435870,,合肥仓
Spyder,781886,EB2602050001796,退货入库,6942133551643,1,1,1,26102VO26106WM001,梭织背心,黑色,,2026-02-08 23:31:00,2026-02-10 17:28:21,已完成,已完成,2026-02-10 17:28:56,JDVA41917435870,,合肥仓
Spyder,781887,EB2602050001796,退货入库,6932472752115,1,1,1,25125ES531MN22,灰铜绿裤子,灰铜绿,,2026-02-08 23:31:01,2026-02-10 17:28:28,已完成,已完成,2026-02-10 17:28:56,JDVA41917435870,,合肥仓
Spyder,781911,EB2602050000422,退货入库,6942133517182,1,1,1,25325CF119MP14,夹克,靛青紫,,2026-02-09 08:42:00,2026-02-10 17:25:01,已完成,已完成,2026-02-10 17:28:55,JDX049150978500,,合肥仓
Spyder,781932,EB2602040047549,退货入库,6932472767430,1,0,0,25125MS179M001,黑色夹克,黑色,,2026-02-09 03:09:00,,待收货,待收货,,JDVA41920157795,,合肥仓
Spyder,781943,EB2602070017583,退货入库,6942133529994,1,0,0,25425CF228WP16,羽绒服,凝夜紫,,2026-02-09 12:39:00,,待收货,待收货,,772056469968575,,合肥仓
Spyder,781954,EB2602030023151,退货入库,6932472791749,1,0,0,25325EF247M001,棉服,黑色,,2026-02-09 11:22:00,,待收货,待收货,,73595805578620,,合肥仓
Spyder,781963,EB2602030045888,退货入库,6932472792005,1,0,0,25325EF417M001,T恤,黑色,,2026-02-09 12:13:00,,待收货,待收货,,1357943656118,,合肥仓
Spyder,782015,EB2602060033913,退货入库,6942133512576,1,1,1,253CP25FW213M246,羽绒服,苔藓黄,,2026-02-09 11:05:00,2026-02-10 15:40:11,已完成,已完成,2026-02-10 16:28:24,631148786537946,,合肥仓
Spyder,782016,EB2601150035043,退货入库,6942133525682,1,0,0,25325CF237M001,羽绒服,黑色,,2026-02-09 10:37:00,,待收货,待收货,,772056481765128,,合肥仓
Spyder,782018,EB2602020046286,换货入库,6942133510657,1,0,0,25425MF245M001,羽绒服,黑色,,2026-02-09 15:38:00,,待收货,待收货,,73595814799257,,合肥仓
Spyder,782044,EB2602050027737,换货入库,6941816947773,1,0,0,24324EF325ME08,灰杏色卫衣,灰杏色,,2026-02-09 12:03:00,,待收货,待收货,,73595839951167,,合肥仓
Spyder,782056,EB2602020039310,退货入库,6942133512569,1,0,0,253CP25FW213M246,羽绒服,苔藓黄,,2026-02-09 15:47:00,,待收货,待收货,,SF5126354189108,,合肥仓
Spyder,782068,EB2602010020975,退货入库,6942133517175,1,0,0,25325CF119M001,夹克,黑色,,2026-02-10 10:19:00,,待收货,待收货,,JDX049163605142,,合肥仓
Spyder,782079,EB2602070037560,退货入库,6941816947414,1,1,1,24324EF103M001,黑色夹克,黑色,,2026-02-09 12:44:00,2026-02-10 16:39:15,已完成,已完成,2026-02-10 17:28:48,73595852781228,,合肥仓
Spyder,782080,EB2602070037560,退货入库,6942105357822,1,1,1,99924ES105M001,黑色夹克,黑色,,2026-02-09 12:44:01,2026-02-10 16:39:43,已完成,已完成,2026-02-10 17:28:48,73595852781228,,合肥仓
Spyder,782081,EB2602070037560,退货入库,6932472791312,1,1,1,25325EF119M001,冲锋衣,黑色,,2026-02-09 12:44:00,2026-02-10 16:39:35,已完成,已完成,2026-02-10 17:28:48,73595852781228,,合肥仓
Spyder,782093,EB2602040034019,退货入库,6941816944093,1,0,0,24324MS129MG20,云杉绿夹克,云杉绿,,2026-02-09 12:17:00,,待收货,待收货,,SF5126328036742,,合肥仓
Spyder,782123,EB2602040025028,退货入库,6941816937811,1,0,0,24124ES485M001,黑色T恤,黑色,,2026-02-09 16:17:00,,待收货,待收货,,772056470662822,,合肥仓
Spyder,782125,EB2602040024286,退货入库,6932472791640,1,0,0,25325EF229M001,羽绒服,黑色,,2026-02-10 10:13:00,,待收货,待收货,,YT2582856187472,,合肥仓
Spyder,782129,EB2602030047496,换货入库,6905853291725,1,0,0,19419CF935U001,黑色袜子,黑色,,2026-02-10 10:12:03,,待收货,待收货,,772056522492563,,合肥仓
Spyder,782148,EB2602060033928,退货入库,6941816943157,1,1,1,24324MF419MG08,墨青绿POLO衫,墨青绿,,2026-02-09 15:33:00,2026-02-10 15:44:34,已完成,已完成,2026-02-10 16:28:24,772056495383505,,合肥仓
Spyder,782149,EB2602060033929,退货入库,6942133546113,1,1,1,26102OO26112KMN26,长袖POLO衫,烟灰色,,2026-02-09 15:33:00,2026-02-10 15:44:44,已完成,已完成,2026-02-10 16:28:24,772056495383505,,合肥仓
Spyder,782152,EB2602060027770,退货入库,6932472701892,1,0,0,24424EF161M001,黑色冲锋衣,黑色,,2026-02-09 16:42:01,,待收货,待收货,,73595874517622,,合肥仓
Spyder,782153,EB2602060043758,退货入库,6942105355156,1,0,0,23323EF251MXG9,海草绿羽绒服,海草绿,,2026-02-09 14:42:02,,待收货,待收货,,JDX049173267388,,合肥仓
Spyder,782154,EB2602050031749,退货入库,6942133526146,1,0,0,25325CF203MN96,羽绒服,宁静灰,,2026-02-10 19:54:00,,待收货,待收货,,SF5122971311251,,合肥仓
Spyder,782170,EB2602060048817,退货入库,6941816947643,1,0,0,24324EF171MMHR,黑色/红色夹克,黑色/红色,,2026-02-09 14:50:01,,待收货,待收货,,772056497439583,,合肥仓
Spyder,782171,EB2602050046427,退货入库,6941816947865,1,0,0,24324EF543M001,黑色裤子,黑色,,2026-02-09 17:22:01,,待收货,待收货,,SF5107380651863,,合肥仓
Spyder,782184,EB2602030020530,退货入库,6932472792005,1,0,0,25325EF417M001,T恤,黑色,,2026-02-09 17:41:00,,待收货,待收货,,773406362593693,,合肥仓
Spyder,782186,EB2602010050085,退货入库,6941816932113,1,0,0,99923EF133M335,深棕绿冲锋衣,深棕叶绿;深棕绿,,2026-02-09 15:43:00,,待收货,待收货,,73595886717046,,合肥仓
Spyder,782189,EB2602020022788,退货入库,6941816998034,1,0,0,24324CF253M001,黑色羽绒服,黑色,,2026-02-09 17:27:00,,待收货,待收货,,773406359747307,,合肥仓
Spyder,782191,EB2602020022780,退货入库,6941816947803,1,0,0,24324EF509M001,黑色裤子,黑色,,2026-02-09 17:26:00,,待收货,待收货,,773406360900677,,合肥仓
Spyder,782195,EB2602070027171,退货入库,6942133530754,1,0,0,25425CF527M001,裤子,黑色,,2026-02-09 15:32:00,,待收货,待收货,,73595888646782,,合肥仓
Spyder,782202,EB2602060033927,退货入库,6942133544515,1,0,0,26102JO26155WM001,短款羽绒服,黑色,,2026-02-09 18:21:00,,待收货,待收货,,772056436031377,,合肥仓
Spyder,782203,EB2602060033927,退货入库,6942133544522,1,0,0,26102JO26155WM001,短款羽绒服,黑色,,2026-02-09 18:21:00,,待收货,待收货,,772056436031377,,合肥仓
Spyder,782206,EB2602050016889,退货入库,6932472791992,1,0,0,25325EF417M001,T恤,黑色,,2026-02-09 17:40:01,,待收货,待收货,,631148886716750,,合肥仓
Spyder,782212,EB2602060038997,退货入库,6942105389342,1,0,0,24124CS303U001,黑色卫衣,黑色,,2026-02-09 18:02:04,,待收货,待收货,,JDX049179882296,,合肥仓
Spyder,782213,EB2602050043405,退货入库,6942133525422,1,0,0,25425CF431M001,T恤,黑色,,2026-02-09 17:30:06,,待收货,待收货,,772056495996389,,合肥仓
Spyder,782218,EB2602070001236,退货入库,6941816943454,1,0,0,24324MF513M001,黑色裤子,黑色,,2026-02-09 17:13:00,,待收货,待收货,,1324212855533,,合肥仓
Spyder,782220,EB2602090024728,退货入库,6932472791794,1,1,1,25325EF247MC12,棉服,枯木棕,,2026-02-09 16:02:00,2026-02-09 20:45:26,已完成,已完成,2026-02-09 20:45:35,SF5126319658121,,合肥仓
Spyder,782223,EB2602070031820,退货入库,6932472791800,1,0,0,25325EF247MC12,棉服,枯木棕,,2026-02-10 17:35:00,,待收货,待收货,,JDX049229144850,,合肥仓
Spyder,782226,EB2602050046427,退货入库,6932472791398,1,0,0,25325EF201M001,羽绒服,黑色,,2026-02-09 18:04:01,,待收货,待收货,,SF5126503127636,,合肥仓
Spyder,782231,EB2602060039001,退货入库,6941816947520,1,0,0,24324EF171MMHB,黑色/蓝色夹克,黑色/蓝色,,2026-02-09 16:27:00,,待收货,待收货,,73595901711607,,合肥仓
Spyder,782238,EB2602050028448,退货入库,6942133547141,1,0,0,26102PO26102KMN26,针织长裤,烟灰色,,2026-02-09 17:22:00,,待收货,待收货,,73595904577237,,合肥仓
Spyder,782239,EB2602070036043,退货入库,6932472707924,1,0,0,24424XF149MG27,葡叶绿夹克,葡叶绿,,2026-02-09 16:53:00,,待收货,待收货,,SF5126548402243,,合肥仓
Spyder,782242,EB2602050020338,退货入库,6932472791992,1,0,0,25325EF417M001,T恤,黑色,,2026-02-09 17:13:00,,待收货,待收货,,772056508853416,,合肥仓
Spyder,782257,EB2602070019123,退货入库,6941816947865,1,0,0,24324EF543M001,黑色裤子,黑色,,2026-02-10 11:36:00,,待收货,待收货,,JDX049213161016,,合肥仓
Spyder,782273,EB2602080020280,退货入库,6941816942303,1,0,0,24324MF305M001,黑色卫衣,黑色,,2026-02-10 13:50:01,,待收货,待收货,,JDX049212824666,,合肥仓
Spyder,782278,EB2602070028187,退货入库,6905853523574,1,0,0,21321CF431MB87,蓝白T恤,蓝白,,2026-02-09 17:44:00,,待收货,待收货,,JDVA41944261704,,合肥仓
Spyder,782281,EB2602070028186,退货入库,6932472769519,1,0,0,25225MS035M001,黑色T恤,黑色,,2026-02-09 17:45:01,,待收货,待收货,,JDVA41944285158,,合肥仓
Spyder,782282,EB2602070028185,退货入库,6905853523529,1,0,0,21321CF431MR87,黑红T恤,黑红,,2026-02-09 17:45:01,,待收货,待收货,,JDVA41944286165,,合肥仓
Spyder,782283,EB2602070028185,退货入库,6905853522973,1,0,0,21221CS443UB07,宝蓝色T恤,宝蓝色,,2026-02-09 17:45:00,,待收货,待收货,,JDVA41944286165,,合肥仓
Spyder,782284,EB2602070028185,退货入库,6905853522935,1,0,0,21221CS443U001,黑色T恤,黑色,,2026-02-09 17:45:01,,待收货,待收货,,JDVA41944286165,,合肥仓
Spyder,782285,EB2602040028620,退货入库,6941816947698,1,0,0,24324EF325M001,黑色卫衣,黑色,,2026-02-10 09:31:01,,待收货,待收货,,JT3153442479245,,合肥仓
Spyder,782286,EB2602040028619,退货入库,6941767147864,1,0,0,23123CS307MC01,香薰色卫衣,香薰色,,2026-02-10 09:31:00,,待收货,待收货,,JT3153442479245,,合肥仓
Spyder,782314,782314,其他入库,6942105390690,1,0,0,24124CS506WE03,贝壳色裤子,贝壳色,,2026-02-09 18:17:01,,待收货,待收货,,,,合肥仓
Spyder,782314,782314,其他入库,192636164727,1,0,0,21320UF108W327,绿黄色滑雪服装,墨绿；绿黄色,,2026-02-09 18:17:01,,待收货,待收货,,,,合肥仓
Spyder,782314,782314,其他入库,6905853736363,1,0,0,22222CS422WN02,运动内衣,深灰色;灰色,,2026-02-09 18:17:01,,待收货,待收货,,,,合肥仓
Spyder,782314,782314,其他入库,6905853736646,1,0,0,22222CS434WP06,运动内衣,银铃紫,,2026-02-09 18:17:01,,待收货,待收货,,,,合肥仓
Spyder,782314,782314,其他入库,6941816998027,1,0,0,24324CF253M001,黑色羽绒服,黑色,,2026-02-09 18:17:01,,待收货,待收货,,,,合肥仓
Spyder,782314,782314,其他入库,6941816999444,1,0,0,24324CF515M001,黑色裤子,黑色,,2026-02-09 18:17:01,,待收货,待收货,,,,合肥仓
Spyder,782314,782314,其他入库,6942105347199,1,0,0,23423MF247M2OK,游牧灰棉服,游牧灰,,2026-02-09 18:17:01,,待收货,待收货,,,,合肥仓
Spyder,782314,782314,其他入库,6905853737575,1,0,0,22222CS532WN02,紧身裤,深灰色;灰色,,2026-02-09 18:17:01,,待收货,待收货,,,,合肥仓
Spyder,782314,782314,其他入库,6941767135816,1,0,0,22422CF536W001,黑色运动打底裤,黑色,,2026-02-09 18:17:01,,待收货,待收货,,,,合肥仓
Spyder,782314,782314,其他入库,6905853741145,1,0,0,22122CS150WN08,夹克,银灰,,2026-02-09 18:17:01,,待收货,待收货,,,,合肥仓
Spyder,782314,782314,其他入库,886895495462,1,0,0,21421UF993U050,滑雪镜,PINK ION；粉,,2026-02-09 18:17:01,,待收货,待收货,,,,合肥仓
Spyder,782314,782314,其他入库,6932472707238,1,0,0,24424CF260WW03,鸟羽白滑雪服装,鸟羽白,,2026-02-09 18:17:01,,待收货,待收货,,,,合肥仓
Spyder,782314,782314,其他入库,6932472706699,1,0,0,24424CF236W001,黑色羽绒服,黑色,,2026-02-09 18:17:01,,待收货,待收货,,,,合肥仓
Spyder,782314,782314,其他入库,6932472707368,1,0,0,24424CF265M001,黑色羽绒服,黑色,,2026-02-09 18:17:01,,待收货,待收货,,,,合肥仓
Spyder,782314,782314,其他入库,6941816999932,1,0,0,24424CF510W001,黑色裤子,黑色,,2026-02-09 18:17:01,,待收货,待收货,,,,合肥仓
Spyder,782314,782314,其他入库,6932472701335,1,0,0,24424CF321M001,黑色卫衣,黑色,,2026-02-09 18:17:01,,待收货,待收货,,,,合肥仓
Spyder,782314,782314,其他入库,6941816997839,1,0,0,24324CF218WG25,冰谷青背心,冰谷青,,2026-02-09 18:17:01,,待收货,待收货,,,,合肥仓
Spyder,782314,782314,其他入库,6941816999901,1,0,0,24424CF420WW03,鸟羽白T恤,鸟羽白,,2026-02-09 18:17:01,,待收货,待收货,,,,合肥仓
Spyder,782314,782314,其他入库,6932472701366,1,0,0,24424CF321MN10,板岩灰卫衣,N10,,2026-02-09 18:17:01,,待收货,待收货,,,,合肥仓
Spyder,782314,782314,其他入库,6942105312579,1,0,0,99923EF243M001,黑色羽绒服,黑色,,2026-02-09 18:17:01,,待收货,待收货,,,,合肥仓
Spyder,782314,782314,其他入库,6942105391987,1,0,0,24124MS315MB25,夜空蓝卫衣,夜空蓝,,2026-02-09 18:17:01,,待收货,待收货,,,,合肥仓
Spyder,782314,782314,其他入库,6942105391574,1,0,0,24124ES527MG20,云杉绿裤子,云杉绿,,2026-02-09 18:17:01,,待收货,待收货,,,,合肥仓
Spyder,782314,782314,其他入库,6905853616672,1,0,0,21321MF521MN02,深灰色裤子,深灰色;灰色,,2026-02-09 18:17:01,,待收货,待收货,,,,合肥仓
Spyder,782314,782314,其他入库,6905853664376,1,0,0,21421CF134W001,黑色夹克,黑色,,2026-02-09 18:17:01,,待收货,待收货,,,,合肥仓
Spyder,782314,782314,其他入库,6941816947735,1,0,0,24324EF325MB01,藏青色卫衣,藏青色1,,2026-02-09 18:17:01,,待收货,待收货,,,,合肥仓
Spyder,782314,782314,其他入库,6941816947728,1,0,0,24324EF325MB01,藏青色卫衣,藏青色1,,2026-02-09 18:17:01,,待收货,待收货,,,,合肥仓
Spyder,782314,782314,其他入库,6941816944741,1,0,0,24424MF526W001,黑色裤子,黑色,,2026-02-09 18:17:01,,待收货,待收货,,,,合肥仓
Spyder,782314,782314,其他入库,6941816959585,1,0,0,24424EF225MN22,灰铜绿羽绒服,灰铜绿,,2026-02-09 18:17:01,,待收货,待收货,,,,合肥仓
Spyder,782314,782314,其他入库,6942105346871,1,0,0,23423MF225MB22,云山蓝羽绒服,云山蓝,,2026-02-09 18:17:01,,待收货,待收货,,,,合肥仓
Spyder,782314,782314,其他入库,6942105346451,1,0,0,23423EF223MG07,深苔绿背心,深苔绿,,2026-02-09 18:17:01,,待收货,待收货,,,,合肥仓
Spyder,782314,782314,其他入库,6942105309296,1,0,0,23323CF510W001,黑色裤子,黑色,,2026-02-09 18:17:01,,待收货,待收货,,,,合肥仓
Spyder,782314,782314,其他入库,6942105308442,1,0,0,23323CF411ME01,米色T恤,米白色,,2026-02-09 18:17:01,,待收货,待收货,,,,合肥仓
Spyder,782314,782314,其他入库,6941767101958,1,0,0,22322CF535M001,黑色裤子,黑色,,2026-02-09 18:17:01,,待收货,待收货,,,,合肥仓
Spyder,782335,EB2602080022053,退货入库,6942133531850,1,0,0,25425CF249M100,三合一,白色,,2026-02-10 15:17:00,,待收货,待收货,,JDX049228273084,,合肥仓
Spyder,782341,EB2602070014413,退货入库,6942105348981,1,0,0,99923EF133M2OK,游牧灰冲锋衣,游牧灰,,2026-02-10 10:52:02,,待收货,待收货,,73595923135615,,合肥仓
Spyder,782355,EB2602060044105,退货入库,6932472791640,1,0,0,25325EF229M001,羽绒服,黑色,,2026-02-10 09:03:00,,待收货,待收货,,73595924856994,,合肥仓
Spyder,782366,EB2602050009443,退货入库,6942105312500,1,0,0,99923EF241M001,黑色背心,黑色,,2026-02-10 16:22:00,,待收货,待收货,,73596054952039,,合肥仓
Spyder,782374,EB2602050037498,退货入库,6941816947865,1,0,0,24324EF543M001,黑色裤子,黑色,,2026-02-10 12:24:00,,待收货,待收货,,YT2542264591551,,合肥仓
Spyder,782379,EB2602070024464,退货入库,6941816947605,1,0,0,24324EF171MMHG,黑色/绿色夹克,黑色/绿色,,2026-02-10 09:03:01,,待收货,待收货,,73595928607050,,合肥仓
Spyder,782382,EB2602060040640,退货入库,6942133530082,1,0,0,25425CF228WG38,羽绒服,石绿色,,2026-02-10 11:16:00,,待收货,待收货,,73595976068136,,合肥仓
Spyder,782384,EB2602070028177,退货入库,6942133510145,1,0,0,25425MF206W001,羽绒服,黑色,,2026-02-09 19:15:01,,待收货,待收货,,JDVA41946509272,,合肥仓
Spyder,782396,EB2602060034603,换货入库,6942133549428,1,0,0,26102TO26109KM001,长袖T恤,黑色,,2026-02-10 10:27:00,,待收货,待收货,,772056525802742,,合肥仓
Spyder,782401,EB2602070023489,退货入库,6941816947605,1,0,0,24324EF171MMHG,黑色/绿色夹克,黑色/绿色,,2026-02-10 10:32:01,,待收货,待收货,,73595931560066,,合肥仓
Spyder,782406,EB2602070001491,退货入库,6932472792005,1,0,0,25325EF417M001,T恤,黑色,,2026-02-10 11:38:00,,待收货,待收货,,JDX049212757256,,合肥仓
Spyder,782419,EB2602070033889,退货入库,6942105346758,1,0,0,23423MF223MB06,灰蓝色背心,灰蓝色,,2026-02-10 10:22:00,,待收货,待收货,,JDX049196478405,,合肥仓
Spyder,782421,EB2602060040363,退货入库,6941816947872,2,0,0,24324EF543M001,黑色裤子,黑色,,2026-02-10 10:38:00,,待收货,待收货,,631148946815149,,合肥仓
Spyder,782422,EB2602070021459,退货入库,6941816998812,1,0,0,24324CF435MW03,鸟羽白T恤,鸟羽白,,2026-02-10 10:21:00,,待收货,待收货,,YT2537438229079,,合肥仓
Spyder,782431,EB2602060040363,退货入库,6932472792012,2,0,0,25325EF417M001,T恤,黑色,,2026-02-10 10:37:01,,待收货,待收货,,631148946815149,,合肥仓
Spyder,782457,EB2602070024453,退货入库,6942133546977,1,0,0,26102PE26102WM001,梭织长裤,黑色,,2026-02-10 10:38:01,,待收货,待收货,,631148946815149,,合肥仓
Spyder,782461,EB2602050024266,退货入库,6942133544416,1,0,0,26102JO26153WW001,短款羽绒服,黑色,,2026-02-10 09:03:00,,待收货,待收货,,73595969031121,,合肥仓
Spyder,782467,EB2602070024057,退货入库,6942105392311,1,0,0,24124MS405MN25,燧石灰POLO衫,燧石灰;烟灰色,,2026-02-10 10:38:01,,待收货,待收货,,631148946815149,,合肥仓
Spyder,782468,EB2602050044623,退货入库,6941816947698,1,0,0,24324EF325M001,黑色卫衣,黑色,,2026-02-10 09:47:00,,待收货,待收货,,772056525975210,,合肥仓
Spyder,782475,EB2602070024049,退货入库,6932472791398,1,0,0,25325EF201M001,羽绒服,黑色,,2026-02-10 19:38:00,,待收货,待收货,,SF5107030440451,,合肥仓
Spyder,782481,EB2602060041487,退货入库,6932472791756,1,0,0,25325EF247M001,棉服,黑色,,2026-02-10 08:52:00,,待收货,待收货,,SF5126511123974,,合肥仓
Spyder,782519,EB2602030044606,退货入库,6942133510732,1,0,0,25425MF306W001,卫衣,黑色,,2026-02-09 20:41:00,,待收货,待收货,,78980032989757,,合肥仓
Spyder,782520,EB2602070040215,退货入库,6941816947544,1,0,0,24324EF171MMHB,黑色/蓝色夹克,黑色/蓝色,,2026-02-10 11:04:00,,待收货,待收货,,JDX049200832688,,合肥仓
Spyder,782527,EB2601300046446,退货入库,6941816959639,1,1,1,24424EF249M001,黑色三合一夹克,黑色,,2026-02-09 20:45:00,2026-02-10 09:18:58,已完成,已完成,2026-02-10 09:30:07,SF5109487128610,,合肥仓
Spyder,782575,EB2602020045790,退货入库,6942133529710,1,0,0,25425CF421M001,T恤,黑色,,2026-02-10 08:41:00,,待收货,待收货,,1324454073333,,合肥仓
Spyder,782579,EB2602050046874,退货入库,6941816947698,1,0,0,24324EF325M001,黑色卫衣,黑色,,2026-02-10 11:25:00,,待收货,待收货,,435042856893072,,合肥仓
Spyder,782602,EB2602060047606,退货入库,6942133517205,1,0,0,25325CF119MP14,夹克,靛青紫,,2026-02-10 11:43:00,,待收货,待收货,,JDX049204533694,,合肥仓
Spyder,782620,EB2602050039545,退货入库,6905853291749,1,0,0,19419CF935U100,白色袜子,白色,,2026-02-10 10:06:01,,待收货,待收货,,631148931242878,,合肥仓
Spyder,782621,EB2602050039545,退货入库,6905853736363,1,0,0,22222CS422WN02,运动内衣,深灰色;灰色,,2026-02-10 10:06:00,,待收货,待收货,,631148931242878,,合肥仓
Spyder,782622,EB2602050039545,退货入库,6905853737568,1,0,0,22222CS532WN02,紧身裤,深灰色;灰色,,2026-02-10 10:06:01,,待收货,待收货,,631148931242878,,合肥仓
Spyder,782623,EB2602020043401,退货入库,6905853736325,1,0,0,22222CS422W001,运动内衣,黑色,,2026-02-10 10:06:00,,待收货,待收货,,631148931242878,,合肥仓
Spyder,782636,EB2602060033939,退货入库,6932472792036,1,0,0,25325EF417MN15,T恤,磁石灰,,2026-02-10 10:52:01,,待收货,待收货,,JDX049205956781,,合肥仓
Spyder,782665,EB2602050048597,退货入库,6932472791640,1,0,0,25325EF229M001,羽绒服,黑色,,2026-02-10 09:32:00,,待收货,待收货,,JDX049207205239,,合肥仓
Spyder,782666,EB2602070023111,退货入库,6941816947582,1,0,0,24324EF171MMHG,黑色/绿色夹克,黑色/绿色,,2026-02-10 12:04:02,,待收货,待收货,,312956922137644,,合肥仓
Spyder,782702,EB2602080007980,退货入库,6932472706866,1,0,0,24424CF239MG24,黑橄榄三合一夹克,G24,,2026-02-10 11:41:01,,待收货,待收货,,SF5107144192886,,合肥仓
Spyder,782723,EB2602050025590,退货入库,6942105308534,1,0,0,23323CF413ME01,米色T恤,米白色,,2026-02-10 10:32:02,,待收货,待收货,,1324681117833,,合肥仓
Spyder,782729,EB2602080002772,退货入库,6932472792005,1,0,0,25325EF417M001,T恤,黑色,,2026-02-10 07:45:00,,待收货,待收货,,SF5122770697409,,合肥仓
Spyder,782750,EB2602070028210,退货入库,6932472792098,1,0,0,25325EF417MW03,T恤,鸟羽白,,2026-02-10 13:36:00,,待收货,待收货,,JDX049212302299,,合肥仓
Spyder,782759,EB2602070033290,退货入库,6941816942631,1,0,0,24324MF323M0MT,灰绿色卫衣,灰绿,,2026-02-10 17:45:00,,待收货,待收货,,YT2582932012771,,合肥仓
Spyder,782760,EB2602070033290,退货入库,6942133510862,1,0,0,25425MF310W600,卫衣,RED；红色,,2026-02-10 17:45:00,,待收货,待收货,,YT2582932012771,,合肥仓
Spyder,782761,EB2602070033290,退货入库,6942133510961,1,0,0,25425MF313M600,卫衣,RED；红色,,2026-02-10 17:44:00,,待收货,待收货,,YT2582932012771,,合肥仓
Spyder,782776,EB2602070040495,退货入库,6941816947865,1,0,0,24324EF543M001,黑色裤子,黑色,,2026-02-10 08:51:00,,待收货,待收货,,76795197175837,,合肥仓
Spyder,782780,EB2601240045844,退货入库,6941816944666,1,0,0,24424MF417MB01,藏青色T恤,藏青色1,,2026-02-10 11:42:01,,待收货,待收货,,772056529266180,,合肥仓
Spyder,782787,EB2602080002459,退货入库,6941816959639,1,0,0,24424EF249M001,黑色三合一夹克,黑色,,2026-02-10 13:54:00,,待收货,待收货,,JDX049216074673,,合肥仓
Spyder,782789,EB2602040044850,退货入库,6932472792050,1,0,0,25325EF417MN15,T恤,磁石灰,,2026-02-10 09:10:01,,待收货,待收货,,SF1462774164913,,合肥仓
Spyder,782791,EB2602070038792,退货入库,6941816960116,1,0,0,24424MF217MN22,灰铜绿羽绒服,灰铜绿,,2026-02-10 09:15:00,,待收货,待收货,,JDVA41958388740,,合肥仓
Spyder,782792,EB2602070041971,退货入库,6942133544539,1,0,0,26102JO26155WM001,短款羽绒服,黑色,,2026-02-10 11:33:02,,待收货,待收货,,1324782673533,,合肥仓
Spyder,782795,EB2602060045186,退货入库,6941816947551,1,0,0,24324EF171MMHB,黑色/蓝色夹克,黑色/蓝色,,2026-02-10 11:22:02,,待收货,待收货,,1359547544018,,合肥仓
Spyder,782799,EB2602040027718,退货入库,6932472752443,1,0,0,25125MR427MN22,灰铜绿T恤,灰铜绿,,2026-02-10 10:39:00,,待收货,待收货,,YT2537442717432,,合肥仓
Spyder,782803,EB2602060032886,退货入库,6942105389281,1,0,0,24124CS302W8CA,奶杏色卫衣,奶杏色,,2026-02-10 10:21:00,,待收货,待收货,,78981880211078,,合肥仓
Spyder,782803,EB2602060032886,退货入库,6941816999918,1,0,0,24424CF420WW03,鸟羽白T恤,鸟羽白,,2026-02-10 10:21:00,,待收货,待收货,,78981880211078,,合肥仓
Spyder,782809,EB2602050048596,退货入库,6932472792074,1,0,0,25325EF417MW03,T恤,鸟羽白,,2026-02-10 09:48:00,,待收货,待收货,,YT2537443224047,,合肥仓
Spyder,782810,EB2602050048596,退货入库,6932472792029,1,0,0,25325EF417MN15,T恤,磁石灰,,2026-02-10 09:49:00,,待收货,待收货,,YT2537443224047,,合肥仓
Spyder,782822,EB2602090023311,退货入库,6932472701908,1,0,0,24424EF161M001,黑色冲锋衣,黑色,,2026-02-10 10:07:02,,待收货,待收货,,76795795001806,,合肥仓
Spyder,782825,EB2602040048563,退货入库,6942133528331,1,0,0,25425CF217MC17,羽绒服,榆木棕,,2026-02-10 10:10:01,,待收货,待收货,,JDVA41960772554,,合肥仓
Spyder,782827,EB2602070036020,退货入库,6941816947636,1,0,0,24324EF171MMHR,黑色/红色夹克,黑色/红色,,2026-02-10 19:11:00,,待收货,待收货,,JDX049219073600,,合肥仓
Spyder,782832,EB2602020001546,退货入库,6941816943478,1,0,0,24324MF513M001,黑色裤子,黑色,,2026-02-10 14:41:01,,待收货,待收货,,73596023804695,,合肥仓
Spyder,782833,EB2602020001547,退货入库,6942133508890,1,0,0,25325MF519M001,裤子,黑色,,2026-02-10 14:41:01,,待收货,待收货,,73596023804695,,合肥仓
Spyder,782849,EB2602100010342,退货入库,6941816947469,1,0,0,24324EF103MB06,灰蓝色夹克,灰蓝色,,2026-02-10 10:50:01,,待收货,待收货,,78981807424907,,合肥仓
Spyder,782850,EB2602060033915,退货入库,6942105308329,1,0,0,23323CF409M001,黑色T恤,黑色,,2026-02-10 12:03:01,,待收货,待收货,,1324840194433,,合肥仓
Spyder,782866,EB2602060042636,退货入库,6942105346697,1,0,0,23423MF223M001,黑色背心,黑色,,2026-02-10 15:53:00,,待收货,待收货,,1359758689918,,合肥仓
Spyder,782867,EB2601310037191,退货入库,6941816947810,1,0,0,24324EF509M001,黑色裤子,黑色,,2026-02-10 11:56:00,,待收货,待收货,,JDX049222441716,,合肥仓
Spyder,782880,EB2602060035958,退货入库,6942133528966,1,0,0,25425CF226WW90,羽绒服,霜白色,,2026-02-10 13:51:00,,待收货,待收货,,SF5107011317498,,合肥仓
Spyder,782882,EB2602030042680,退货入库,6941767117928,1,0,0,22422CF213UR06,烟熏粉滑雪服装,烟熏粉,,2026-02-10 15:04:00,,待收货,待收货,,YT2582930534918,,合肥仓
Spyder,782884,EB2602070031234,退货入库,6932472701564,1,0,0,24424CF431MN15,磁石灰T恤,磁石灰,,2026-02-10 11:52:00,,待收货,待收货,,JDX049223510322,,合肥仓
Spyder,782885,EB2602070031233,退货入库,6942133525422,1,0,0,25425CF431M001,T恤,黑色,,2026-02-10 11:52:02,,待收货,待收货,,JDX049223510322,,合肥仓
Spyder,782886,EB2602070031235,退货入库,6932472751620,1,0,0,25125ES463M001,黑色POLO衫,黑色,,2026-02-10 11:52:00,,待收货,待收货,,JDX049223510322,,合肥仓
Spyder,782907,EB2602050002452,退货入库,6942105393479,1,0,0,24124MS503MN25,燧石灰裤子,燧石灰;烟灰色,,2026-02-10 12:00:03,,待收货,待收货,,JDVA41964743759,,合肥仓
Spyder,782908,EB2602050002452,退货入库,6942105393486,1,0,0,24124MS503MN25,燧石灰裤子,燧石灰;烟灰色,,2026-02-10 12:00:01,,待收货,待收货,,JDVA41964743759,,合肥仓
Spyder,782909,EB2602050002452,退货入库,6942105392007,1,0,0,24124MS315MN25,燧石灰卫衣,燧石灰;烟灰色,,2026-02-10 12:00:00,,待收货,待收货,,JDVA41964743759,,合肥仓
Spyder,782910,EB2602050002452,退货入库,6942105393431,1,0,0,24124MS503MB25,夜空蓝裤子,夜空蓝,,2026-02-10 12:00:00,,待收货,待收货,,JDVA41964743759,,合肥仓
Spyder,782913,EB2602050002452,退货入库,6942105393424,1,0,0,24124MS503MB25,夜空蓝裤子,夜空蓝,,2026-02-10 12:01:03,,待收货,待收货,,JDVA41964743759,,合肥仓
Spyder,782914,EB2602050002452,退货入库,6942105392014,1,0,0,24124MS315MN25,燧石灰卫衣,燧石灰;烟灰色,,2026-02-10 12:01:01,,待收货,待收货,,JDVA41964743759,,合肥仓
Spyder,782928,EB2602040044854,退货入库,6932472791398,1,0,0,25325EF201M001,羽绒服,黑色,,2026-02-10 15:39:00,,待收货,待收货,,JDX049225619803,,合肥仓
Spyder,782930,EB2602070028182,退货入库,6932472708402,1,0,0,24424CR401M001,黑色T恤,黑色,,2026-02-10 12:18:00,,待收货,待收货,,JDVA41965232218,,合肥仓
Spyder,782958,EB2602060047408,退货入库,6942105348943,1,0,0,99923EF133M001,黑色冲锋衣,黑色,,2026-02-10 15:43:01,,待收货,待收货,,JDX049227882573,,合肥仓
Spyder,782979,EB2602080028147,退货入库,6941767147581,1,0,0,23223CS133MC01,香薰色夹克,香薰色,,2026-02-10 14:46:00,,待收货,待收货,,JT3153489220472,,合肥仓
Spyder,782983,EB2602070038940,退货入库,6941816947889,1,0,0,24324EF543M335,深棕绿裤子,深棕叶绿;深棕绿,,2026-02-10 13:29:00,,待收货,待收货,,JDVA41967195511,,合肥仓
Spyder,782989,EB2602060033920,退货入库,6932472791732,1,0,0,25325EF247M001,棉服,黑色,,2026-02-10 16:02:00,,待收货,待收货,,78981980757611,,合肥仓
Spyder,783009,EB2602070046533,退货入库,6941816917370,1,0,0,24124CS103M001,黑色夹克,黑色,,2026-02-10 14:13:00,,待收货,待收货,,JDVA41968829163,,合肥仓
Spyder,783022,EB2602060000568,退货入库,6941816947605,1,0,0,24324EF171MMHG,黑色/绿色夹克,黑色/绿色,,2026-02-10 15:13:00,,待收货,待收货,,312957061696740,,合肥仓
Spyder,783040,EB2602070046298,退货入库,6942133548209,1,0,0,26102PO26119KM001,针织长裤,黑色,,2026-02-10 17:22:00,,待收货,待收货,,YT2542305707727,,合肥仓
Spyder,783051,EB2602070041621,退货入库,6941816919190,1,0,0,24124MS133M001,黑色冲夹克,黑色,,2026-02-10 17:45:01,,待收货,待收货,,SF5107049859594,,合肥仓
Spyder,783054,EB2602070047648,退货入库,6941816959639,1,0,0,24424EF249M001,黑色三合一夹克,黑色,,2026-02-10 16:21:01,,待收货,待收货,,SF5107047616338,,合肥仓
Spyder,783071,EB2602070028181,退货入库,6942105391376,1,0,0,24124ES485M906,炭灰色T恤,炭灰色,,2026-02-10 15:48:00,,待收货,待收货,,JDVA41972177300,,合肥仓
Spyder,783073,EB2602070028181,退货入库,6932472791992,1,0,0,25325EF417M001,T恤,黑色,,2026-02-10 15:49:00,,待收货,待收货,,JDVA41972177300,,合肥仓
Spyder,783089,EB2602080021498,退货入库,6932472791633,1,0,0,25325EF229M001,羽绒服,黑色,,2026-02-10 16:59:00,,待收货,待收货,,772056556233259,,合肥仓
Spyder,783105,EB2602100030708,退货入库,6932472791312,1,0,0,25325EF119M001,冲锋衣,黑色,,2026-02-10 16:41:14,,待收货,待收货,,76900006580806,,合肥仓
Spyder,783107,EB2602080033284,退货入库,6941816947605,1,0,0,24324EF171MMHG,黑色/绿色夹克,黑色/绿色,,2026-02-10 20:01:04,,待收货,待收货,,JDX049241386884,,合肥仓
Spyder,783137,EB2602070028178,退货入库,6942105348912,1,0,0,99923EF133M001,黑色冲锋衣,黑色,,2026-02-10 17:20:02,,待收货,待收货,,JDVA41975310273,,合肥仓
Spyder,783138,EB2602070028179,退货入库,6941816948053,1,0,0,24324MF101M001,黑色夹克,黑色,,2026-02-10 17:21:00,,待收货,待收货,,JDVA41975285459,,合肥仓
Spyder,783146,EB2602080028407,退货入库,6941816947810,1,0,0,24324EF509M001,黑色裤子,黑色,,2026-02-10 17:36:01,,待收货,待收货,,JDVA41975786693,,合肥仓
Spyder,783147,EB2601220040764,退货入库,6932472700703,1,1,1,24324CF110WP10,石楠花三合一夹克,石楠花,,2026-02-10 17:36:00,2026-02-10 17:47:08,已完成,已完成,2026-02-10 17:49:34,JDVA41748322623,,合肥仓
Spyder,783218,EB2602070049660,退货入库,6941816959639,1,0,0,24424EF249M001,黑色三合一夹克,黑色,,2026-02-10 18:55:00,,待收货,待收货,,JDVA41977719903,,合肥仓
Spyder,783220,EB2602070049683,退货入库,6941816947865,1,0,0,24324EF543M001,黑色裤子,黑色,,2026-02-10 18:55:00,,待收货,待收货,,JDVA41977832099,,合肥仓
Spyder,783342,EB2602090019374,退货入库,6942105307957,1,0,0,23323CF307MG12,金橄榄卫衣,金橄榄,,2026-02-10 20:47:00,,待收货,待收货,,JDVA41979855970,,合肥仓
Spyder,783343,EB2602090019374,退货入库,6941816947735,1,0,0,24324EF325MB01,藏青色卫衣,藏青色1,,2026-02-10 20:47:00,,待收货,待收货,,JDVA41979855970,,合肥仓
Spyder,783345,EB2602090019374,退货入库,6942105310896,1,0,0,23323MF531MB06,灰蓝色裤子,灰蓝色,,2026-02-10 20:49:00,,待收货,待收货,,JDVA41979855970,,合肥仓
Spyder,ASR2512250000058,ASR2512250000058,其他入库,6941816998904,1,0,0,24324CF439M001,黑色T恤,黑色,,2026-02-06 18:05:00,,待收货,待收货,,,,合肥仓
Spyder,ASR2512270000023,ASR2512270000023,其他入库,6932472707405,1,1,1,24424CF265M600,红色羽绒服,RED；红色,,2026-02-02 16:23:00,2026-02-04 16:57:49,已完成,已完成,2026-02-07 14:02:15,,,合肥仓
Spyder,ASR2512270000023,ASR2512270000023,其他入库,6942105307957,1,1,1,23323CF307MG12,金橄榄卫衣,金橄榄,,2026-02-02 16:23:00,2026-02-04 16:57:49,已完成,已完成,2026-02-07 14:02:15,,,合肥仓
Spyder,ASR2512270000023,ASR2512270000023,其他入库,6941816944550,2,2,2,24424MF415MN22,灰铜绿T恤,灰铜绿,,2026-02-02 16:23:00,2026-02-04 16:57:49,已完成,已完成,2026-02-07 14:02:15,,,合肥仓
Spyder,ASR2512270000023,ASR2512270000023,其他入库,6942133505646,1,1,1,25325MF111M001,夹克,黑色,,2026-02-02 16:23:00,2026-02-04 16:57:49,已完成,已完成,2026-02-07 14:02:15,,,合肥仓
Spyder,ASR2512270000023,ASR2512270000023,其他入库,6942133525705,1,1,1,25325CF237M001,羽绒服,黑色,,2026-02-02 16:23:00,2026-02-04 16:57:49,已完成,已完成,2026-02-07 14:02:15,,,合肥仓
Spyder,ASR2601230000012,ASR2601230000012,其他入库,6932472770232,1,1,1,25225CS003MB90,T恤,羽绒蓝,,2026-02-02 18:08:00,2026-02-06 13:33:59,已完成,已完成,2026-02-07 14:01:43,,,合肥仓
Spyder,ASR2601230000014,ASR2601230000014,其他入库,6932472764163,1,1,1,25225CS412W100,白色POLO衫,白色,,2026-02-02 18:08:00,2026-02-06 13:32:09,已完成,已完成,2026-02-07 15:53:03,,,合肥仓
Spyder,ASR2601230000014,ASR2601230000014,其他入库,6932472771062,1,1,1,25225CS521M001,短裤,黑色,,2026-02-02 18:08:00,2026-02-06 13:32:08,已完成,已完成,2026-02-07 15:53:03,,,合肥仓
Spyder,ASR2601230000014,ASR2601230000014,其他入库,6932472770669,1,1,1,25225CS479MB91,T恤,写意蓝,,2026-02-02 18:08:00,2026-02-06 13:32:09,已完成,已完成,2026-02-07 15:53:03,,,合肥仓
Spyder,ASR2601230000014,ASR2601230000014,其他入库,6932472764378,2,2,2,25225CS431MN91,石灰白POLO衫,石灰白,,2026-02-02 18:08:00,2026-02-06 13:32:09,已完成,已完成,2026-02-07 15:53:03,,,合肥仓
Spyder,ASR2601230000014,ASR2601230000014,其他入库,6932472771468,1,1,1,25225CS571MY12,短裤,黑麦黄,,2026-02-02 18:08:00,2026-02-06 13:32:09,已完成,已完成,2026-02-07 15:53:03,,,合肥仓
Spyder,ASR2601230000014,ASR2601230000014,其他入库,6932472763876,1,1,1,25225CS404WB91,写意蓝POLO衫,写意蓝,,2026-02-02 18:08:00,2026-02-06 13:32:09,已完成,已完成,2026-02-07 15:53:03,,,合肥仓
Spyder,ASR2601230000014,ASR2601230000014,其他入库,6932472764170,1,1,1,25225CS412W100,白色POLO衫,白色,,2026-02-02 18:08:00,2026-02-06 13:32:09,已完成,已完成,2026-02-07 15:53:03,,,合肥仓
Spyder,ASR2601230000014,ASR2601230000014,其他入库,6932472771192,1,1,1,25225CS523MG31,裤子,岩石绿,,2026-02-02 18:08:00,2026-02-06 13:32:08,已完成,已完成,2026-02-07 15:53:03,,,合肥仓
Spyder,ASR2601230000014,ASR2601230000014,其他入库,6932472762947,1,1,1,25125CS558W001,黑色裤子,黑色,,2026-02-02 18:08:00,2026-02-06 13:32:08,已完成,已完成,2026-02-07 15:53:03,,,合肥仓
Spyder,ASR2601290000010,ASR2601290000010,其他入库,6942133530211,1,0,0,25425CF304WR20,卫衣,黎明粉,,2026-02-06 17:55:00,,待收货,待收货,,,差异处理,合肥仓
Spyder,ASR2601310000010,ASR2601310000010,其他入库,6932472706637,1,1,1,24424CF234W001,黑色羽绒服,黑色,,2026-02-03 18:35:00,2026-02-04 16:48:28,已完成,已完成,2026-02-07 14:02:29,,,合肥仓
Spyder,ASR2601310000010,ASR2601310000010,其他入库,6932472761117,1,1,1,25125CS440WN91,石灰白T恤,石灰白,,2026-02-03 18:35:00,2026-02-04 16:48:28,已完成,已完成,2026-02-07 14:02:29,,,合肥仓
Spyder,ASR2601310000010,ASR2601310000010,其他入库,6932472761124,1,1,1,25125CS440WN91,石灰白T恤,石灰白,,2026-02-03 18:35:00,2026-02-04 16:48:28,已完成,已完成,2026-02-07 14:02:29,,,合肥仓
Spyder,ASR2601310000010,ASR2601310000010,其他入库,6942105344402,1,1,1,23423CF218WP09,暮光紫羽绒服,暮光紫,,2026-02-03 18:35:00,2026-02-04 16:48:28,已完成,已完成,2026-02-07 14:02:29,,,合肥仓
Spyder,ASR2601310000017,ASR2601310000017,其他入库,6942105307742,1,1,1,23323CF305M0MT,灰绿卫衣,灰绿,,2026-02-03 18:35:01,2026-02-07 13:43:07,已完成,已完成,2026-02-10 13:35:15,,,合肥仓
Spyder,ASR2601310000017,ASR2601310000017,其他入库,6942105346796,1,1,1,23423MF223MB22,云山蓝背心,云山蓝,,2026-02-03 18:35:01,2026-02-07 13:43:14,已完成,已完成,2026-02-10 13:35:15,,,合肥仓
Spyder,ASR2602010000035,ASR2602010000035,其他入库,6942133549381,1,1,1,26102TO26106KMW08,长袖T恤,白桦色,,2026-02-03 18:35:00,2026-02-07 13:47:09,已完成,已完成,2026-02-10 13:35:41,,,合肥仓
Spyder,ASR2602010000035,ASR2602010000035,其他入库,6942133549329,1,1,1,26102TO26106KMG41,长袖T恤,牛油果绿,,2026-02-03 18:35:00,2026-02-07 13:47:09,已完成,已完成,2026-02-10 13:35:41,,,合肥仓
Spyder,ASR2602010000035,ASR2602010000035,其他入库,6932472761124,1,1,1,25125CS440WN91,石灰白T恤,石灰白,,2026-02-03 18:35:00,2026-02-07 13:47:09,已完成,已完成,2026-02-10 13:35:41,,,合肥仓
Spyder,ASR2602010000035,ASR2602010000035,其他入库,6942133546120,1,1,1,26102OO26112KMN26,长袖POLO衫,烟灰色,,2026-02-03 18:35:00,2026-02-07 13:47:09,已完成,已完成,2026-02-10 13:35:41,,,合肥仓
Spyder,ASR2602010000035,ASR2602010000035,其他入库,6942133544447,1,1,1,26102JO26153WWN96,短款羽绒服,宁静灰,,2026-02-03 18:35:00,2026-02-07 13:47:09,已完成,已完成,2026-02-10 13:35:41,,,合肥仓
Spyder,ASR2602010000035,ASR2602010000035,其他入库,6932472761643,1,1,1,25125CS487M001,黑色T恤,黑色,,2026-02-03 18:35:00,2026-02-07 13:47:09,已完成,已完成,2026-02-10 13:35:41,,,合肥仓
Spyder,ASR2602020000024,ASR2602020000024,其他入库,6941816960871,1,0,0,24424MR249M906,炭灰色三合一夹克,炭灰色,,2026-02-03 18:35:01,,待收货,待收货,,,,合肥仓
Spyder,ASR2602030000010,ASR2602030000010,其他入库,6942133591885,1,1,1,26102PM26163WM001,梭织长裤,黑色,,2026-02-03 18:36:01,2026-02-07 13:57:25,已完成,已完成,2026-02-10 13:35:10,,,合肥仓
Spyder,ASR2602030000010,ASR2602030000010,其他入库,6941767150413,1,1,1,23223CS431MN09,科技灰T恤,科技灰,,2026-02-03 18:36:01,2026-02-07 13:57:25,已完成,已完成,2026-02-10 13:35:10,,,合肥仓
Spyder,ASR2602030000010,ASR2602030000010,其他入库,6942133589776,1,1,1,26102JM26132WMY18,冲锋衣,芥末黄,,2026-02-03 18:36:01,2026-02-07 13:57:26,已完成,已完成,2026-02-10 13:35:10,,,合肥仓
Spyder,ASR2602030000010,ASR2602030000010,其他入库,6942133589806,1,1,1,26102JM26132WMY18,冲锋衣,芥末黄,,2026-02-03 18:36:01,2026-02-07 13:57:26,已完成,已完成,2026-02-10 13:35:10,,,合肥仓
Spyder,ASR2602030000010,ASR2602030000010,其他入库,6942133576264,1,1,1,26102OM26101KWN96,长袖POLO衫,宁静灰,,2026-02-03 18:36:01,2026-02-07 13:57:25,已完成,已完成,2026-02-10 13:35:10,,,合肥仓
Spyder,ASR2602030000010,ASR2602030000010,其他入库,6942133525705,1,1,1,25325CF237M001,羽绒服,黑色,,2026-02-03 18:36:01,2026-02-07 13:57:26,已完成,已完成,2026-02-10 13:35:10,,,合肥仓
Spyder,ASR2602030000010,ASR2602030000010,其他入库,6942133576660,1,1,1,26102OM26113KM001,短袖POLO衫,黑色,,2026-02-03 18:36:01,2026-02-07 13:57:25,已完成,已完成,2026-02-10 13:35:10,,,合肥仓
Spyder,ASR2602030000010,ASR2602030000010,其他入库,6941767150017,1,1,1,23123CS426WE01,米色T恤,米白色,,2026-02-03 18:36:01,2026-02-07 13:57:25,已完成,已完成,2026-02-10 13:35:10,,,合肥仓
Spyder,ASR2602030000010,ASR2602030000010,其他入库,6942133531287,1,1,1,25425CF307MC16,夹克,城野棕,,2026-02-03 18:36:01,2026-02-07 13:57:25,已完成,已完成,2026-02-10 13:35:10,,,合肥仓
Spyder,ASR2602030000010,ASR2602030000010,其他入库,6942133576493,1,1,1,26102OM26104KMN90,长袖POLO衫,月石灰,,2026-02-03 18:36:01,2026-02-07 13:57:25,已完成,已完成,2026-02-10 13:35:10,,,合肥仓
Spyder,ASR2602030000010,ASR2602030000010,其他入库,6942133528966,3,3,3,25425CF226WW90,羽绒服,霜白色,,2026-02-03 18:36:01,2026-02-07 13:57:26,已完成,已完成,2026-02-10 13:35:10,,,合肥仓
Spyder,ASR2602030000021,ASR2602030000021,其他入库,6942133578022,1,1,1,26102TM26120KMW90,短袖T恤,霜白色,,2026-02-03 18:36:01,2026-02-07 13:38:53,已完成,已完成,2026-02-10 13:35:27,,,合肥仓
Spyder,ASR2602030000021,ASR2602030000021,其他入库,6942133578039,1,1,1,26102TM26120KMW90,短袖T恤,霜白色,,2026-02-03 18:36:01,2026-02-07 13:38:53,已完成,已完成,2026-02-10 13:35:27,,,合肥仓
Spyder,ASR2602030000021,ASR2602030000021,其他入库,6942133578053,1,1,1,26102TM26120KMW90,短袖T恤,霜白色,,2026-02-03 18:36:01,2026-02-07 13:38:53,已完成,已完成,2026-02-10 13:35:27,,,合肥仓
Spyder,ASR2602030000021,ASR2602030000021,其他入库,6932472762992,1,1,1,25125CS560WG31,岩石绿裤子,岩石绿,,2026-02-03 18:36:01,2026-02-07 13:38:53,已完成,已完成,2026-02-10 13:35:27,,,合肥仓
Spyder,ASR2602030000026,ASR2602030000026,其他入库,6942133576769,1,1,1,26102OM26123KWW90,短袖POLO衫,霜白色,,2026-02-05 17:43:01,2026-02-09 11:03:34,已完成,已完成,2026-02-10 13:35:21,,,合肥仓
Spyder,ASR2602030000026,ASR2602030000026,其他入库,6942133589448,1,1,1,26102JM26130WW001,梭织夹克,黑色,,2026-02-05 17:43:01,2026-02-09 11:03:34,已完成,已完成,2026-02-10 13:35:21,,,合肥仓
Spyder,ASR2602030000026,ASR2602030000026,其他入库,6942133577742,1,1,1,26102TM26102KWBA2,短袖T恤,淡蓝色,,2026-02-05 17:43:01,2026-02-09 11:03:34,已完成,已完成,2026-02-10 13:35:21,,,合肥仓
Spyder,ASR2602030000026,ASR2602030000026,其他入库,6942133576486,1,1,1,26102OM26104KMN90,长袖POLO衫,月石灰,,2026-02-05 17:43:01,2026-02-09 11:03:34,已完成,已完成,2026-02-10 13:35:21,,,合肥仓
Spyder,ASR2602030000026,ASR2602030000026,其他入库,6942133577797,1,1,1,26102TM26102KWW90,短袖T恤,霜白色,,2026-02-05 17:43:01,2026-02-09 11:03:34,已完成,已完成,2026-02-10 13:35:21,,,合肥仓
Spyder,ASR2602030000026,ASR2602030000026,其他入库,6942133576776,1,1,1,26102OM26123KWW90,短袖POLO衫,霜白色,,2026-02-05 17:43:01,2026-02-09 11:03:34,已完成,已完成,2026-02-10 13:35:21,,,合肥仓
Spyder,ASR2602030000026,ASR2602030000026,其他入库,6942133577469,1,1,1,26102PM26101KW001,紧身长裤,黑色,,2026-02-05 17:43:01,2026-02-09 11:03:34,已完成,已完成,2026-02-10 13:35:21,,,合肥仓
Spyder,ASR2602030000026,ASR2602030000026,其他入库,6942133577476,1,1,1,26102PM26101KW001,紧身长裤,黑色,,2026-02-05 17:43:01,2026-02-09 11:03:34,已完成,已完成,2026-02-10 13:35:21,,,合肥仓
Spyder,ASR2602030000026,ASR2602030000026,其他入库,6942133578022,1,1,1,26102TM26120KMW90,短袖T恤,霜白色,,2026-02-05 17:43:01,2026-02-09 11:03:33,已完成,已完成,2026-02-10 13:35:21,,,合肥仓
Spyder,ASR2602030000026,ASR2602030000026,其他入库,6942133578046,2,2,2,26102TM26120KMW90,短袖T恤,霜白色,,2026-02-05 17:43:01,2026-02-09 11:03:33,已完成,已完成,2026-02-10 13:35:21,,,合肥仓
Spyder,ASR2602030000026,ASR2602030000026,其他入库,6942133576783,1,1,1,26102OM26123KWW90,短袖POLO衫,霜白色,,2026-02-05 17:43:01,2026-02-09 11:03:34,已完成,已完成,2026-02-10 13:35:21,,,合肥仓
Spyder,ASR2602030000026,ASR2602030000026,其他入库,6942133578039,2,2,2,26102TM26120KMW90,短袖T恤,霜白色,,2026-02-05 17:43:01,2026-02-09 11:03:33,已完成,已完成,2026-02-10 13:35:21,,,合肥仓
Spyder,ASR2602030000026,ASR2602030000026,其他入库,6942133576240,2,2,2,26102OM26101KWN96,长袖POLO衫,宁静灰,,2026-02-05 17:43:01,2026-02-09 11:03:34,已完成,已完成,2026-02-10 13:35:21,,,合肥仓
Spyder,ASR2602040000100,ASR2602040000100,其他入库,6932472708372,1,1,1,24424CR103M001,黑色夹克,黑色,,2026-02-05 17:43:00,2026-02-07 14:54:09,已完成,已完成,2026-02-10 13:36:16,,,合肥仓
Spyder,ASR2602040000100,ASR2602040000100,其他入库,6941816958458,1,1,1,24324MF137M001,黑色夹克,黑色,,2026-02-05 17:43:00,2026-02-07 14:54:08,已完成,已完成,2026-02-10 13:36:16,,,合肥仓
Spyder,ASR2602040000100,ASR2602040000100,其他入库,6932472708365,1,1,1,24424CR103M001,黑色夹克,黑色,,2026-02-05 17:43:00,2026-02-07 14:54:09,已完成,已完成,2026-02-10 13:36:16,,,合肥仓
Spyder,ASR2602040000100,ASR2602040000100,其他入库,6942133547332,1,1,1,26102PO26106KWN09,针织长裤,科技灰,,2026-02-05 17:43:00,2026-02-07 14:54:10,已完成,已完成,2026-02-10 13:36:16,,,合肥仓
Spyder,ASR2602040000100,ASR2602040000100,其他入库,6932472753709,1,1,1,25125MS507MN15,磁石灰裤子,磁石灰,,2026-02-05 17:43:00,2026-02-07 14:54:10,已完成,已完成,2026-02-10 13:36:16,,,合肥仓
Spyder,ASR2602040000100,ASR2602040000100,其他入库,6942133549381,1,1,1,26102TO26106KMW08,长袖T恤,白桦色,,2026-02-05 17:43:00,2026-02-07 14:54:09,已完成,已完成,2026-02-10 13:36:16,,,合肥仓
Spyder,ASR2602040000100,ASR2602040000100,其他入库,6942133546137,1,1,1,26102OO26112KMN26,长袖POLO衫,烟灰色,,2026-02-05 17:43:00,2026-02-07 14:54:09,已完成,已完成,2026-02-10 13:36:16,,,合肥仓
Spyder,ASR2602040000100,ASR2602040000100,其他入库,6941816948275,1,1,1,24324MF105MG08,墨青绿夹克,墨青绿,,2026-02-05 17:43:00,2026-02-07 14:54:09,已完成,已完成,2026-02-10 13:36:16,,,合肥仓
Spyder,ASR2602040000100,ASR2602040000100,其他入库,6942105308633,1,1,1,23323CF415M670,羽毛灰T恤,羽毛灰,,2026-02-05 17:43:00,2026-02-07 14:54:09,已完成,已完成,2026-02-10 13:36:16,,,合肥仓
Spyder,ASR2602040000100,ASR2602040000100,其他入库,6932472761124,1,1,1,25125CS440WN91,石灰白T恤,石灰白,,2026-02-05 17:43:00,2026-02-07 14:54:10,已完成,已完成,2026-02-10 13:36:16,,,合肥仓
Spyder,ASR2602040000100,ASR2602040000100,其他入库,6942133551537,1,1,1,26102VO26101WM001,梭织背心,黑色,,2026-02-05 17:43:00,2026-02-07 14:54:10,已完成,已完成,2026-02-10 13:36:16,,,合肥仓
Spyder,ASR2602040000100,ASR2602040000100,其他入库,6932472753976,1,1,1,25125MS570W201,岩石灰裤子,岩石灰,,2026-02-05 17:43:00,2026-02-07 14:54:10,已完成,已完成,2026-02-10 13:36:16,,,合肥仓
Spyder,ASR2602040000100,ASR2602040000100,其他入库,6942133549305,1,1,1,26102TO26106KMG41,长袖T恤,牛油果绿,,2026-02-05 17:43:00,2026-02-07 14:54:09,已完成,已完成,2026-02-10 13:36:16,,,合肥仓
Spyder,ASR2602040000100,ASR2602040000100,其他入库,6942133547233,1,1,1,26102PO26104KMN26,针织长裤,烟灰色,,2026-02-05 17:43:00,2026-02-07 14:54:09,已完成,已完成,2026-02-10 13:36:16,,,合肥仓
Spyder,ASR2602040000100,ASR2602040000100,其他入库,6932472759787,1,1,1,25125CS123M001,黑色夹克,黑色,,2026-02-05 17:43:00,2026-02-07 14:54:09,已完成,已完成,2026-02-10 13:36:16,,,合肥仓
Spyder,ASR2602040000100,ASR2602040000100,其他入库,6942133550547,1,1,1,26102TO26124KMW07,长袖T恤,雪白色,,2026-02-05 17:43:00,2026-02-07 14:54:09,已完成,已完成,2026-02-10 13:36:16,,,合肥仓
Spyder,ASR2602040000100,ASR2602040000100,其他入库,6932472759800,1,1,1,25125CS123M001,黑色夹克,黑色,,2026-02-05 17:43:00,2026-02-07 14:54:09,已完成,已完成,2026-02-10 13:36:16,,,合肥仓
Spyder,ASR2602040000100,ASR2602040000100,其他入库,6932472728868,1,1,1,25125CS543M001,黑色裤子,黑色,,2026-02-05 17:43:00,2026-02-07 14:54:09,已完成,已完成,2026-02-10 13:36:16,,,合肥仓
Spyder,ASR2602040000120,ASR2602040000120,其他入库,6932472760974,1,1,0,25125CS424W100,白色T恤,白色,,2026-02-05 17:43:01,2026-02-09 15:24:52,待上架,待上架,,,,合肥仓
Spyder,ASR2602040000120,ASR2602040000120,其他入库,6932472760981,1,1,0,25125CS424W100,白色T恤,白色,,2026-02-05 17:43:01,2026-02-09 15:24:52,待上架,待上架,,,,合肥仓
Spyder,ASR2602050000021,ASR2602050000021,其他入库,6942133577759,1,0,0,26102TM26102KWP19,短袖T恤,薰衣草,,2026-02-05 17:43:00,,待收货,待收货,,,,合肥仓
Spyder,ASR2602050000021,ASR2602050000021,其他入库,6942133576486,1,0,0,26102OM26104KMN90,长袖POLO衫,月石灰,,2026-02-05 17:43:00,,待收货,待收货,,,,合肥仓
Spyder,ASR2602050000021,ASR2602050000021,其他入库,6942133576233,1,0,0,26102OM26101KWN96,长袖POLO衫,宁静灰,,2026-02-05 17:43:00,,待收货,待收货,,,,合肥仓
Spyder,ASR2602050000022,ASR2602050000022,其他入库,6942133576240,1,0,0,26102OM26101KWN96,长袖POLO衫,宁静灰,,2026-02-05 17:44:00,,待收货,待收货,,,,合肥仓
Spyder,ASR2602050000022,ASR2602050000022,其他入库,6942133589462,1,0,0,26102JM26130WW001,梭织夹克,黑色,,2026-02-05 17:44:00,,待收货,待收货,,,,合肥仓
Spyder,ASR2602050000025,ASR2602050000025,其他入库,6932472763005,1,1,0,25125CS560WG31,岩石绿裤子,岩石绿,,2026-02-05 17:44:00,2026-02-09 15:22:32,待上架,待上架,,,,合肥仓
Spyder,ASR2602050000025,ASR2602050000025,其他入库,6942133576783,1,1,0,26102OM26123KWW90,短袖POLO衫,霜白色,,2026-02-05 17:44:00,2026-02-09 15:22:32,待上架,待上架,,,,合肥仓
Spyder,ASR2602050000025,ASR2602050000025,其他入库,6942133576448,1,1,0,26102OM26104KM001,长袖POLO衫,黑色,,2026-02-05 17:44:00,2026-02-09 15:22:33,待上架,待上架,,,,合肥仓
Spyder,ASR2602050000025,ASR2602050000025,其他入库,6942133578053,1,1,0,26102TM26120KMW90,短袖T恤,霜白色,,2026-02-05 17:44:00,2026-02-09 15:22:32,待上架,待上架,,,,合肥仓
Spyder,ASR2602050000025,ASR2602050000025,其他入库,6942133577797,1,1,0,26102TM26102KWW90,短袖T恤,霜白色,,2026-02-05 17:44:00,2026-02-09 15:22:32,待上架,待上架,,,,合肥仓
Spyder,ASR2602050000025,ASR2602050000025,其他入库,6932472762985,1,1,0,25125CS560WG31,岩石绿裤子,岩石绿,,2026-02-05 17:44:00,2026-02-09 15:22:32,待上架,待上架,,,,合肥仓
Spyder,ASR2602050000025,ASR2602050000025,其他入库,6942133576486,1,1,0,26102OM26104KMN90,长袖POLO衫,月石灰,,2026-02-05 17:44:00,2026-02-09 15:22:33,待上架,待上架,,,,合肥仓
Spyder,ASR2602050000025,ASR2602050000025,其他入库,6942133578046,1,1,0,26102TM26120KMW90,短袖T恤,霜白色,,2026-02-05 17:44:00,2026-02-09 15:22:32,待上架,待上架,,,,合肥仓
Spyder,ASR2602050000025,ASR2602050000025,其他入库,6942133576776,1,1,0,26102OM26123KWW90,短袖POLO衫,霜白色,,2026-02-05 17:44:00,2026-02-09 15:22:33,待上架,待上架,,,,合肥仓
Spyder,ASR2602050000025,ASR2602050000025,其他入库,6942133577827,1,1,0,26102TM26102KWW90,短袖T恤,霜白色,,2026-02-05 17:44:00,2026-02-09 15:22:33,待上架,待上架,,,,合肥仓
Spyder,ASR2602050000025,ASR2602050000025,其他入库,6942133576752,1,1,0,26102OM26123KWBA2,短袖POLO衫,淡蓝色,,2026-02-05 17:44:00,2026-02-09 15:22:33,待上架,待上架,,,,合肥仓
Spyder,ASR2602050000025,ASR2602050000025,其他入库,6942133576745,1,1,0,26102OM26123KWBA2,短袖POLO衫,淡蓝色,,2026-02-05 17:44:00,2026-02-09 15:22:32,待上架,待上架,,,,合肥仓
Spyder,ASR2602050000025,ASR2602050000025,其他入库,6942133578039,2,2,0,26102TM26120KMW90,短袖T恤,霜白色,,2026-02-05 17:44:00,2026-02-09 15:22:32,待上架,待上架,,,,合肥仓
Spyder,ASR2602050000025,ASR2602050000025,其他入库,6932472762992,1,1,0,25125CS560WG31,岩石绿裤子,岩石绿,,2026-02-05 17:44:00,2026-02-09 15:22:32,待上架,待上架,,,,合肥仓
Spyder,ASR2602050000025,ASR2602050000025,其他入库,6932472762626,1,1,0,25125CS539MG31,岩石绿裤子,岩石绿,,2026-02-05 17:44:00,2026-02-09 15:22:32,待上架,待上架,,,,合肥仓
Spyder,ASR2602050000025,ASR2602050000025,其他入库,6932472762602,1,1,0,25125CS539MG31,岩石绿裤子,岩石绿,,2026-02-05 17:44:00,2026-02-09 15:22:32,待上架,待上架,,,,合肥仓
Spyder,ASR2602050000025,ASR2602050000025,其他入库,6942133576493,1,1,0,26102OM26104KMN90,长袖POLO衫,月石灰,,2026-02-05 17:44:00,2026-02-09 15:22:33,待上架,待上架,,,,合肥仓
Spyder,OPU2602020000014,OPU2602020000014,采购入库,6942133543013,1,1,1,26102JO26105WMN09,衬衫夹克,科技灰,,2026-02-02 11:22:00,2026-02-04 10:50:11,已完成,已完成,2026-02-04 10:50:30,,,合肥仓
Spyder,OPU2602020000028,OPU2602020000028,采购入库,6942133591458,20,20,20,26102PM26154WM001,梭织长裤,黑色,,2026-02-02 17:00:05,2026-02-04 09:37:25,已完成,已完成,2026-02-04 19:32:09,,,合肥仓
Spyder,OPU2602020000028,OPU2602020000028,采购入库,6942133591465,32,32,32,26102PM26154WM001,梭织长裤,黑色,,2026-02-02 17:00:05,2026-02-04 09:37:25,已完成,已完成,2026-02-04 19:32:09,,,合肥仓
Spyder,OPU2602020000028,OPU2602020000028,采购入库,6942133591472,52,52,52,26102PM26154WM001,梭织长裤,黑色,,2026-02-02 17:00:05,2026-02-03 22:12:00,已完成,已完成,2026-02-04 19:32:09,,,合肥仓
Spyder,OPU2602020000028,OPU2602020000028,采购入库,6942133591489,50,50,50,26102PM26154WM001,梭织长裤,黑色,,2026-02-02 17:00:05,2026-02-04 09:39:57,已完成,已完成,2026-02-04 19:32:09,,,合肥仓
Spyder,OPU2602020000028,OPU2602020000028,采购入库,6942133591496,42,42,42,26102PM26154WM001,梭织长裤,黑色,,2026-02-02 17:00:05,2026-02-04 09:32:41,已完成,已完成,2026-02-04 19:32:09,,,合肥仓
Spyder,OPU2602020000028,OPU2602020000028,采购入库,6942133591489,10,10,10,26102PM26154WM001,梭织长裤,黑色,,2026-02-02 17:00:05,2026-02-04 09:34:47,已完成,已完成,2026-02-04 19:32:09,,,合肥仓
Spyder,OPU2602020000028,OPU2602020000028,采购入库,6942133591502,24,24,24,26102PM26154WM001,梭织长裤,黑色,,2026-02-02 17:00:05,2026-02-04 09:34:47,已完成,已完成,2026-02-04 19:32:09,,,合肥仓
Spyder,OPU2602030000008,OPU2602030000008,采购入库,6942133546359,75,75,75,26202OO26207KWW07,短袖POLO衫,雪白色,,2026-02-03 13:44:00,2026-02-06 14:33:34,已完成,已完成,2026-02-10 20:18:28,,,合肥仓
Spyder,OPU2602030000008,OPU2602030000008,采购入库,6942133546366,75,75,75,26202OO26207KWW07,短袖POLO衫,雪白色,,2026-02-03 13:44:00,2026-02-06 14:29:58,已完成,已完成,2026-02-10 20:18:28,,,合肥仓
Spyder,OPU2602030000008,OPU2602030000008,采购入库,6942133546373,66,66,66,26202OO26207KWW07,短袖POLO衫,雪白色,,2026-02-03 13:44:00,2026-02-06 14:23:04,已完成,已完成,2026-02-10 20:18:28,,,合肥仓
Spyder,OPU2602030000008,OPU2602030000008,采购入库,6942133546342,25,25,25,26202OO26207KWW07,短袖POLO衫,雪白色,,2026-02-03 13:44:00,2026-02-06 14:46:13,已完成,已完成,2026-02-10 20:18:28,,,合肥仓
Spyder,OPU2602030000008,OPU2602030000008,采购入库,6942133546359,15,15,15,26202OO26207KWW07,短袖POLO衫,雪白色,,2026-02-03 13:44:00,2026-02-06 14:46:13,已完成,已完成,2026-02-10 20:18:28,,,合肥仓
Spyder,OPU2602030000008,OPU2602030000008,采购入库,6942133546366,26,26,26,26202OO26207KWW07,短袖POLO衫,雪白色,,2026-02-03 13:44:00,2026-02-06 14:46:13,已完成,已完成,2026-02-10 20:18:28,,,合肥仓
Spyder,OPU2602030000008,OPU2602030000008,采购入库,6942133546311,75,75,75,26202OO26207KWP18,短袖POLO衫,冰川紫,,2026-02-03 13:44:00,2026-02-06 14:26:42,已完成,已完成,2026-02-10 20:18:28,,,合肥仓
Spyder,OPU2602030000008,OPU2602030000008,采购入库,6942133546328,75,75,75,26202OO26207KWP18,短袖POLO衫,冰川紫,,2026-02-03 13:44:00,2026-02-06 14:39:51,已完成,已完成,2026-02-10 20:18:28,,,合肥仓
Spyder,OPU2602030000008,OPU2602030000008,采购入库,6942133546335,66,66,66,26202OO26207KWP18,短袖POLO衫,冰川紫,,2026-02-03 13:44:00,2026-02-06 14:20:10,已完成,已完成,2026-02-10 20:18:28,,,合肥仓
Spyder,OPU2602030000008,OPU2602030000008,采购入库,6942133546304,31,31,31,26202OO26207KWP18,短袖POLO衫,冰川紫,,2026-02-03 13:44:00,2026-02-06 14:49:45,已完成,已完成,2026-02-10 20:18:28,,,合肥仓
Spyder,OPU2602030000008,OPU2602030000008,采购入库,6942133546311,18,18,18,26202OO26207KWP18,短袖POLO衫,冰川紫,,2026-02-03 13:44:00,2026-02-06 14:49:45,已完成,已完成,2026-02-10 20:18:28,,,合肥仓
Spyder,OPU2602030000008,OPU2602030000008,采购入库,6942133546328,27,27,27,26202OO26207KWP18,短袖POLO衫,冰川紫,,2026-02-03 13:44:00,2026-02-06 14:49:44,已完成,已完成,2026-02-10 20:18:28,,,合肥仓
Spyder,OPU2602030000008,OPU2602030000008,采购入库,6942133546274,75,75,75,26202OO26207KW001,短袖POLO衫,黑色,,2026-02-03 13:44:00,2026-02-06 14:58:32,已完成,已完成,2026-02-10 20:18:28,,,合肥仓
Spyder,OPU2602030000008,OPU2602030000008,采购入库,6942133546281,75,75,75,26202OO26207KW001,短袖POLO衫,黑色,,2026-02-03 13:44:00,2026-02-06 14:43:04,已完成,已完成,2026-02-10 20:18:28,,,合肥仓
Spyder,OPU2602030000008,OPU2602030000008,采购入库,6942133546298,68,68,68,26202OO26207KW001,短袖POLO衫,黑色,,2026-02-03 13:44:00,2026-02-06 14:36:32,已完成,已完成,2026-02-10 20:18:28,,,合肥仓
Spyder,OPU2602030000008,OPU2602030000008,采购入库,6942133546267,29,29,29,26202OO26207KW001,短袖POLO衫,黑色,,2026-02-03 13:44:00,2026-02-06 14:17:19,已完成,已完成,2026-02-10 20:18:28,,,合肥仓
Spyder,OPU2602030000008,OPU2602030000008,采购入库,6942133546274,19,19,19,26202OO26207KW001,短袖POLO衫,黑色,,2026-02-03 13:44:00,2026-02-06 14:17:18,已完成,已完成,2026-02-10 20:18:28,,,合肥仓
Spyder,OPU2602030000008,OPU2602030000008,采购入库,6942133546281,25,25,25,26202OO26207KW001,短袖POLO衫,黑色,,2026-02-03 13:44:00,2026-02-06 14:17:19,已完成,已完成,2026-02-10 20:18:28,,,合肥仓
Spyder,OPU2602030000010,OPU2602030000010,采购入库,6942133578077,86,86,86,26102TM26123KM001,短袖T恤,黑色,,2026-02-03 13:44:01,2026-02-06 10:39:03,已完成,已完成,2026-02-09 21:31:18,,,合肥仓
Spyder,OPU2602030000010,OPU2602030000010,采购入库,6942133578084,89,89,89,26102TM26123KM001,短袖T恤,黑色,,2026-02-03 13:44:01,2026-02-06 10:18:24,已完成,已完成,2026-02-09 21:31:18,,,合肥仓
Spyder,OPU2602030000010,OPU2602030000010,采购入库,6942133578091,61,61,61,26102TM26123KM001,短袖T恤,黑色,,2026-02-03 13:44:01,2026-02-06 09:47:21,已完成,已完成,2026-02-09 21:31:18,,,合肥仓
Spyder,OPU2602030000010,OPU2602030000010,采购入库,6942133578060,28,28,28,26102TM26123KM001,短袖T恤,黑色,,2026-02-03 13:44:01,2026-02-06 10:15:05,已完成,已完成,2026-02-09 21:31:18,,,合肥仓
Spyder,OPU2602030000010,OPU2602030000010,采购入库,6942133578107,38,38,38,26102TM26123KM001,短袖T恤,黑色,,2026-02-03 13:44:01,2026-02-06 10:15:05,已完成,已完成,2026-02-09 21:31:18,,,合肥仓
Spyder,OPU2602030000010,OPU2602030000010,采购入库,6942133578138,78,78,78,26102TM26123KMN96,短袖T恤,宁静灰,,2026-02-03 13:44:01,2026-02-06 10:21:56,已完成,已完成,2026-02-09 21:31:18,,,合肥仓
Spyder,OPU2602030000010,OPU2602030000010,采购入库,6942133578114,23,23,23,26102TM26123KMN96,短袖T恤,宁静灰,,2026-02-03 13:44:01,2026-02-06 10:35:08,已完成,已完成,2026-02-09 21:31:18,,,合肥仓
Spyder,OPU2602030000010,OPU2602030000010,采购入库,6942133578121,72,71,71,26102TM26123KMN96,短袖T恤,宁静灰,,2026-02-03 13:44:01,2026-02-06 10:35:08,已完成,已完成,2026-02-09 21:31:18,,,合肥仓
Spyder,OPU2602030000010,OPU2602030000010,采购入库,6942133578145,55,55,55,26102TM26123KMN96,短袖T恤,宁静灰,,2026-02-03 13:44:01,2026-02-06 10:25:35,已完成,已完成,2026-02-09 21:31:18,,,合肥仓
Spyder,OPU2602030000010,OPU2602030000010,采购入库,6942133578152,32,32,32,26102TM26123KMN96,短袖T恤,宁静灰,,2026-02-03 13:44:01,2026-02-06 10:25:35,已完成,已完成,2026-02-09 21:31:18,,,合肥仓
Spyder,OPU2602030000012,OPU2602030000012,采购入库,6942133576523,17,17,17,26102OM26106KM001,短袖POLO衫,黑色,,2026-02-03 13:45:00,2026-02-06 14:11:32,已完成,已完成,2026-02-06 14:14:02,,,合肥仓
Spyder,OPU2602030000012,OPU2602030000012,采购入库,6942133576561,25,25,25,26102OM26106KM001,短袖POLO衫,黑色,,2026-02-03 13:45:00,2026-02-06 14:11:32,已完成,已完成,2026-02-06 14:14:02,,,合肥仓
Spyder,OPU2602030000012,OPU2602030000012,采购入库,6942133576530,56,56,56,26102OM26106KM001,短袖POLO衫,黑色,,2026-02-03 13:45:00,2026-02-06 13:55:59,已完成,已完成,2026-02-06 14:14:02,,,合肥仓
Spyder,OPU2602030000012,OPU2602030000012,采购入库,6942133576547,60,60,60,26102OM26106KM001,短袖POLO衫,黑色,,2026-02-03 13:45:00,2026-02-06 13:59:26,已完成,已完成,2026-02-06 14:14:02,,,合肥仓
Spyder,OPU2602030000012,OPU2602030000012,采购入库,6942133576554,45,45,45,26102OM26106KM001,短袖POLO衫,黑色,,2026-02-03 13:45:00,2026-02-06 14:01:51,已完成,已完成,2026-02-06 14:14:02,,,合肥仓
Spyder,OPU2602030000012,OPU2602030000012,采购入库,6942133576578,12,12,12,26102OM26106KMN96,短袖POLO衫,宁静灰,,2026-02-03 13:45:00,2026-02-06 14:08:52,已完成,已完成,2026-02-06 14:14:02,,,合肥仓
Spyder,OPU2602030000012,OPU2602030000012,采购入库,6942133576592,39,39,39,26102OM26106KMN96,短袖POLO衫,宁静灰,,2026-02-03 13:45:00,2026-02-06 14:08:52,已完成,已完成,2026-02-06 14:14:02,,,合肥仓
Spyder,OPU2602030000012,OPU2602030000012,采购入库,6942133576615,16,16,16,26102OM26106KMN96,短袖POLO衫,宁静灰,,2026-02-03 13:45:00,2026-02-06 14:08:52,已完成,已完成,2026-02-06 14:14:02,,,合肥仓
Spyder,OPU2602030000012,OPU2602030000012,采购入库,6942133576585,34,34,34,26102OM26106KMN96,短袖POLO衫,宁静灰,,2026-02-03 13:45:00,2026-02-06 14:05:02,已完成,已完成,2026-02-06 14:14:02,,,合肥仓
Spyder,OPU2602030000012,OPU2602030000012,采购入库,6942133576608,28,28,28,26102OM26106KMN96,短袖POLO衫,宁静灰,,2026-02-03 13:45:00,2026-02-06 14:05:02,已完成,已完成,2026-02-06 14:14:02,,,合肥仓
Spyder,OPU2602030000016,OPU2602030000016,采购入库,6942133592158,19,19,19,26102PM26166WW001,梭织长裤,黑色,,2026-02-03 15:01:00,2026-02-03 21:27:12,已完成,已完成,2026-02-04 19:32:15,,,合肥仓
Spyder,OPU2602030000016,OPU2602030000016,采购入库,6942133592172,42,42,42,26102PM26166WW001,梭织长裤,黑色,,2026-02-03 15:01:00,2026-02-03 21:27:11,已完成,已完成,2026-02-04 19:32:15,,,合肥仓
Spyder,OPU2602030000016,OPU2602030000016,采购入库,6942133592165,50,50,50,26102PM26166WW001,梭织长裤,黑色,,2026-02-03 15:01:00,2026-02-03 21:22:25,已完成,已完成,2026-02-04 19:32:15,,,合肥仓
Spyder,OPU2602030000016,OPU2602030000016,采购入库,6942133592189,16,16,16,26102PM26166WW001,梭织长裤,黑色,,2026-02-03 15:01:00,2026-02-03 21:22:25,已完成,已完成,2026-02-04 19:32:15,,,合肥仓
Spyder,OPU2602030000016,OPU2602030000016,采购入库,6942133592196,10,10,10,26102PM26166WWP19,梭织长裤,薰衣草,,2026-02-03 15:01:00,2026-02-03 21:17:28,已完成,已完成,2026-02-04 19:32:15,,,合肥仓
Spyder,OPU2602030000016,OPU2602030000016,采购入库,6942133592202,17,17,17,26102PM26166WWP19,梭织长裤,薰衣草,,2026-02-03 15:01:00,2026-02-03 21:17:27,已完成,已完成,2026-02-04 19:32:15,,,合肥仓
Spyder,OPU2602030000016,OPU2602030000016,采购入库,6942133592219,19,19,19,26102PM26166WWP19,梭织长裤,薰衣草,,2026-02-03 15:01:00,2026-02-03 21:17:27,已完成,已完成,2026-02-04 19:32:15,,,合肥仓
Spyder,OPU2602030000016,OPU2602030000016,采购入库,6942133592226,9,9,9,26102PM26166WWP19,梭织长裤,薰衣草,,2026-02-03 15:01:00,2026-02-03 21:17:28,已完成,已完成,2026-02-04 19:32:15,,,合肥仓
Spyder,OPU2602030000018,OPU2602030000018,采购入库,6942133590321,20,20,20,26102JM26157WM001,软壳夹克,黑色,,2026-02-03 15:56:00,2026-02-06 09:16:25,已完成,已完成,2026-02-09 21:30:13,,,合肥仓
Spyder,OPU2602030000018,OPU2602030000018,采购入库,6942133590338,20,20,20,26102JM26157WM001,软壳夹克,黑色,,2026-02-03 15:56:00,2026-02-06 09:35:50,已完成,已完成,2026-02-09 21:30:13,,,合肥仓
Spyder,OPU2602030000018,OPU2602030000018,采购入库,6942133590338,20,19,19,26102JM26157WM001,软壳夹克,黑色,,2026-02-03 15:56:00,2026-02-06 09:13:26,已完成,已完成,2026-02-09 21:30:13,,,合肥仓
Spyder,OPU2602030000018,OPU2602030000018,采购入库,6942133590338,20,20,20,26102JM26157WM001,软壳夹克,黑色,,2026-02-03 15:56:00,2026-02-06 09:28:15,已完成,已完成,2026-02-09 21:30:13,,,合肥仓
Spyder,OPU2602030000018,OPU2602030000018,采购入库,6942133590345,20,20,20,26102JM26157WM001,软壳夹克,黑色,,2026-02-03 15:56:00,2026-02-06 09:20:51,已完成,已完成,2026-02-09 21:30:13,,,合肥仓
Spyder,OPU2602030000018,OPU2602030000018,采购入库,6942133590345,20,20,20,26102JM26157WM001,软壳夹克,黑色,,2026-02-03 15:56:00,2026-02-06 09:18:25,已完成,已完成,2026-02-09 21:30:13,,,合肥仓
Spyder,OPU2602030000018,OPU2602030000018,采购入库,6942133590345,20,20,20,26102JM26157WM001,软壳夹克,黑色,,2026-02-03 15:56:00,2026-02-06 09:29:51,已完成,已完成,2026-02-09 21:30:13,,,合肥仓
Spyder,OPU2602030000018,OPU2602030000018,采购入库,6942133590352,20,20,20,26102JM26157WM001,软壳夹克,黑色,,2026-02-03 15:56:00,2026-02-06 09:22:31,已完成,已完成,2026-02-09 21:30:13,,,合肥仓
Spyder,OPU2602030000018,OPU2602030000018,采购入库,6942133590369,19,19,19,26102JM26157WM001,软壳夹克,黑色,,2026-02-03 15:56:00,2026-02-06 09:34:04,已完成,已完成,2026-02-09 21:30:13,,,合肥仓
Spyder,OPU2602030000018,OPU2602030000018,采购入库,6942133590321,2,2,2,26102JM26157WM001,软壳夹克,黑色,,2026-02-03 15:56:00,2026-02-06 09:23:51,已完成,已完成,2026-02-09 21:30:13,,,合肥仓
Spyder,OPU2602030000018,OPU2602030000018,采购入库,6942133590345,12,12,12,26102JM26157WM001,软壳夹克,黑色,,2026-02-03 15:56:00,2026-02-06 09:23:51,已完成,已完成,2026-02-09 21:30:13,,,合肥仓
Spyder,OPU2602030000018,OPU2602030000018,采购入库,6942133590352,14,14,14,26102JM26157WM001,软壳夹克,黑色,,2026-02-03 15:56:00,2026-02-06 09:39:54,已完成,已完成,2026-02-09 21:30:13,,,合肥仓
Spyder,OPU2602030000018,OPU2602030000018,采购入库,6942133590383,20,20,20,26102JM26157WMN90,软壳夹克,月石灰,,2026-02-03 15:56:00,2026-02-06 09:32:41,已完成,已完成,2026-02-09 21:30:13,,,合肥仓
Spyder,OPU2602030000018,OPU2602030000018,采购入库,6942133590390,20,20,20,26102JM26157WMN90,软壳夹克,月石灰,,2026-02-03 15:56:00,2026-02-06 09:38:34,已完成,已完成,2026-02-09 21:30:13,,,合肥仓
Spyder,OPU2602030000018,OPU2602030000018,采购入库,6942133590406,20,20,20,26102JM26157WMN90,软壳夹克,月石灰,,2026-02-03 15:56:00,2026-02-06 09:37:08,已完成,已完成,2026-02-09 21:30:13,,,合肥仓
Spyder,OPU2602030000018,OPU2602030000018,采购入库,6942133590376,10,10,10,26102JM26157WMN90,软壳夹克,月石灰,,2026-02-03 15:56:00,2026-02-06 09:26:38,已完成,已完成,2026-02-09 21:30:13,,,合肥仓
Spyder,OPU2602030000018,OPU2602030000018,采购入库,6942133590383,6,6,6,26102JM26157WMN90,软壳夹克,月石灰,,2026-02-03 15:56:00,2026-02-06 09:26:38,已完成,已完成,2026-02-09 21:30:13,,,合肥仓
Spyder,OPU2602030000018,OPU2602030000018,采购入库,6942133590390,5,5,5,26102JM26157WMN90,软壳夹克,月石灰,,2026-02-03 15:56:00,2026-02-06 09:25:18,已完成,已完成,2026-02-09 21:30:13,,,合肥仓
Spyder,OPU2602030000018,OPU2602030000018,采购入库,6942133590406,3,3,3,26102JM26157WMN90,软壳夹克,月石灰,,2026-02-03 15:56:00,2026-02-06 09:25:17,已完成,已完成,2026-02-09 21:30:13,,,合肥仓
Spyder,OPU2602030000018,OPU2602030000018,采购入库,6942133590413,9,9,9,26102JM26157WMN90,软壳夹克,月石灰,,2026-02-03 15:56:00,2026-02-06 09:25:17,已完成,已完成,2026-02-09 21:30:13,,,合肥仓
Spyder,OPU2602030000019,OPU2602030000019,采购入库,6942133592974,22,22,22,26102TM26125WM001,短袖T恤,黑色,,2026-02-03 16:22:00,2026-02-03 21:49:24,已完成,已完成,2026-02-04 19:32:28,,,合肥仓
Spyder,OPU2602030000019,OPU2602030000019,采购入库,6942133592981,72,72,72,26102TM26125WM001,短袖T恤,黑色,,2026-02-03 16:22:00,2026-02-03 21:49:23,已完成,已完成,2026-02-04 19:32:28,,,合肥仓
Spyder,OPU2602030000019,OPU2602030000019,采购入库,6942133592998,76,76,76,26102TM26125WM001,短袖T恤,黑色,,2026-02-03 16:22:00,2026-02-03 21:53:48,已完成,已完成,2026-02-04 19:32:28,,,合肥仓
Spyder,OPU2602030000019,OPU2602030000019,采购入库,6942133593001,54,54,54,26102TM26125WM001,短袖T恤,黑色,,2026-02-03 16:22:00,2026-02-03 21:39:35,已完成,已完成,2026-02-04 19:32:28,,,合肥仓
Spyder,OPU2602030000019,OPU2602030000019,采购入库,6942133593018,32,32,32,26102TM26125WM001,短袖T恤,黑色,,2026-02-03 16:22:00,2026-02-03 21:39:35,已完成,已完成,2026-02-04 19:32:28,,,合肥仓
Spyder,OPU2602030000019,OPU2602030000019,采购入库,6942133593025,15,15,15,26102TM26125WMO20,短袖T恤,落日橙,,2026-02-03 16:22:00,2026-02-03 21:44:36,已完成,已完成,2026-02-04 19:32:28,,,合肥仓
Spyder,OPU2602030000019,OPU2602030000019,采购入库,6942133593032,41,41,41,26102TM26125WMO20,短袖T恤,落日橙,,2026-02-03 16:22:00,2026-02-03 21:44:36,已完成,已完成,2026-02-04 19:32:28,,,合肥仓
Spyder,OPU2602030000019,OPU2602030000019,采购入库,6942133593063,19,19,19,26102TM26125WMO20,短袖T恤,落日橙,,2026-02-03 16:22:00,2026-02-03 21:44:36,已完成,已完成,2026-02-04 19:32:28,,,合肥仓
Spyder,OPU2602030000019,OPU2602030000019,采购入库,6942133593049,46,46,46,26102TM26125WMO20,短袖T恤,落日橙,,2026-02-03 16:22:00,2026-02-03 21:33:52,已完成,已完成,2026-02-04 19:32:28,,,合肥仓
Spyder,OPU2602030000019,OPU2602030000019,采购入库,6942133593056,31,31,31,26102TM26125WMO20,短袖T恤,落日橙,,2026-02-03 16:22:00,2026-02-03 21:33:52,已完成,已完成,2026-02-04 19:32:28,,,合肥仓
Spyder,OPU2602040000006,OPU2602040000006,采购入库,6942133545284,1,1,1,26102OE26102KMN09,短袖POLO衫,科技灰,,2026-02-04 10:21:00,2026-02-04 18:40:49,已完成,已完成,2026-02-04 18:41:03,,,合肥仓
Spyder,OPU2602040000006,OPU2602040000006,采购入库,6942133545291,5,5,5,26102OE26102KMN09,短袖POLO衫,科技灰,,2026-02-04 10:21:00,2026-02-04 18:40:49,已完成,已完成,2026-02-04 18:41:03,,,合肥仓
Spyder,OPU2602040000006,OPU2602040000006,采购入库,6942133545307,5,5,5,26102OE26102KMN09,短袖POLO衫,科技灰,,2026-02-04 10:21:00,2026-02-04 18:40:49,已完成,已完成,2026-02-04 18:41:03,,,合肥仓
Spyder,OPU2602040000006,OPU2602040000006,采购入库,6942133545314,1,1,1,26102OE26102KMN09,短袖POLO衫,科技灰,,2026-02-04 10:21:00,2026-02-04 18:40:49,已完成,已完成,2026-02-04 18:41:03,,,合肥仓
Spyder,OPU2602040000008,OPU2602040000008,采购入库,6942133576271,1,1,1,26102OM26103KM001,短袖POLO衫,黑色,,2026-02-04 14:05:00,2026-02-04 18:48:02,已完成,已完成,2026-02-04 18:48:12,,,合肥仓
Spyder,OPU2602040000011,OPU2602040000011,采购入库,6942133592240,50,50,50,26102PM26167WM001,梭织长裤,黑色,,2026-02-04 13:54:00,2026-02-06 19:52:24,已完成,已完成,2026-02-10 20:17:18,,,合肥仓
Spyder,OPU2602040000011,OPU2602040000011,采购入库,6942133592233,25,25,25,26102PM26167WM001,梭织长裤,黑色,,2026-02-04 13:54:00,2026-02-06 19:49:21,已完成,已完成,2026-02-10 20:17:18,,,合肥仓
Spyder,OPU2602040000011,OPU2602040000011,采购入库,6942133592240,26,26,26,26102PM26167WM001,梭织长裤,黑色,,2026-02-04 13:54:00,2026-02-06 19:49:20,已完成,已完成,2026-02-10 20:17:18,,,合肥仓
Spyder,OPU2602040000011,OPU2602040000011,采购入库,6942133592257,50,50,50,26102PM26167WM001,梭织长裤,黑色,,2026-02-04 13:54:00,2026-02-06 19:43:28,已完成,已完成,2026-02-10 20:17:18,,,合肥仓
Spyder,OPU2602040000011,OPU2602040000011,采购入库,6942133592257,29,29,29,26102PM26167WM001,梭织长裤,黑色,,2026-02-04 13:54:00,2026-02-06 19:59:52,已完成,已完成,2026-02-10 20:17:18,,,合肥仓
Spyder,OPU2602040000011,OPU2602040000011,采购入库,6942133592271,24,24,24,26102PM26167WM001,梭织长裤,黑色,,2026-02-04 13:54:00,2026-02-06 19:59:52,已完成,已完成,2026-02-10 20:17:18,,,合肥仓
Spyder,OPU2602040000011,OPU2602040000011,采购入库,6942133592264,50,50,50,26102PM26167WM001,梭织长裤,黑色,,2026-02-04 13:54:00,2026-02-06 19:56:19,已完成,已完成,2026-02-10 20:17:18,,,合肥仓
Spyder,OPU2602040000011,OPU2602040000011,采购入库,6942133592288,15,15,15,26102PM26167WMN96,梭织长裤,宁静灰,,2026-02-04 13:54:00,2026-02-06 19:46:19,已完成,已完成,2026-02-10 20:17:18,,,合肥仓
Spyder,OPU2602040000011,OPU2602040000011,采购入库,6942133592318,29,29,29,26102PM26167WMN96,梭织长裤,宁静灰,,2026-02-04 13:54:00,2026-02-06 19:46:19,已完成,已完成,2026-02-10 20:17:18,,,合肥仓
Spyder,OPU2602040000011,OPU2602040000011,采购入库,6942133592325,8,8,8,26102PM26167WMN96,梭织长裤,宁静灰,,2026-02-04 13:54:00,2026-02-06 19:46:19,已完成,已完成,2026-02-10 20:17:18,,,合肥仓
Spyder,OPU2602040000011,OPU2602040000011,采购入库,6942133592295,46,46,46,26102PM26167WMN96,梭织长裤,宁静灰,,2026-02-04 13:54:00,2026-02-06 19:36:47,已完成,已完成,2026-02-10 20:17:18,,,合肥仓
Spyder,OPU2602040000011,OPU2602040000011,采购入库,6942133592325,4,4,4,26102PM26167WMN96,梭织长裤,宁静灰,,2026-02-04 13:54:00,2026-02-06 19:36:47,已完成,已完成,2026-02-10 20:17:18,,,合肥仓
Spyder,OPU2602040000011,OPU2602040000011,采购入库,6942133592301,48,48,48,26102PM26167WMN96,梭织长裤,宁静灰,,2026-02-04 13:54:00,2026-02-06 19:40:20,已完成,已完成,2026-02-10 20:17:18,,,合肥仓
Spyder,OPU2602040000011,OPU2602040000011,采购入库,6942133592325,3,3,3,26102PM26167WMN96,梭织长裤,宁静灰,,2026-02-04 13:54:00,2026-02-06 19:40:20,已完成,已完成,2026-02-10 20:17:18,,,合肥仓
Spyder,OPU2602040000012,OPU2602040000012,采购入库,6942133590130,40,40,40,26102JM26149WM001,梭织夹克,黑色,,2026-02-04 15:09:01,2026-02-06 21:09:44,已完成,已完成,2026-02-10 20:18:16,,,合肥仓
Spyder,OPU2602040000012,OPU2602040000012,采购入库,6942133590130,32,32,32,26102JM26149WM001,梭织夹克,黑色,,2026-02-04 15:09:01,2026-02-06 21:02:27,已完成,已完成,2026-02-10 20:18:16,,,合肥仓
Spyder,OPU2602040000012,OPU2602040000012,采购入库,6942133590147,40,40,40,26102JM26149WM001,梭织夹克,黑色,,2026-02-04 15:09:01,2026-02-06 21:28:28,已完成,已完成,2026-02-10 20:18:16,,,合肥仓
Spyder,OPU2602040000012,OPU2602040000012,采购入库,6942133590147,40,40,40,26102JM26149WM001,梭织夹克,黑色,,2026-02-04 15:09:01,2026-02-06 21:21:58,已完成,已完成,2026-02-10 20:18:16,,,合肥仓
Spyder,OPU2602040000012,OPU2602040000012,采购入库,6942133590154,40,40,40,26102JM26149WM001,梭织夹克,黑色,,2026-02-04 15:09:01,2026-02-06 21:16:27,已完成,已完成,2026-02-10 20:18:16,,,合肥仓
Spyder,OPU2602040000012,OPU2602040000012,采购入库,6942133590147,1,1,1,26102JM26149WM001,梭织夹克,黑色,,2026-02-04 15:09:01,2026-02-06 21:18:41,已完成,已完成,2026-02-10 20:18:16,,,合肥仓
Spyder,OPU2602040000012,OPU2602040000012,采购入库,6942133590161,26,26,26,26102JM26149WM001,梭织夹克,黑色,,2026-02-04 15:09:01,2026-02-06 21:18:41,已完成,已完成,2026-02-10 20:18:16,,,合肥仓
Spyder,OPU2602040000012,OPU2602040000012,采购入库,6942133590123,20,20,20,26102JM26149WM001,梭织夹克,黑色,,2026-02-04 15:09:01,2026-02-06 21:24:59,已完成,已完成,2026-02-10 20:18:16,,,合肥仓
Spyder,OPU2602040000012,OPU2602040000012,采购入库,6942133590154,16,16,16,26102JM26149WM001,梭织夹克,黑色,,2026-02-04 15:09:01,2026-02-06 21:24:59,已完成,已完成,2026-02-10 20:18:16,,,合肥仓
Spyder,OPU2602040000012,OPU2602040000012,采购入库,6942133590185,40,40,40,26102JM26149WMO20,梭织夹克,落日橙,,2026-02-04 15:09:01,2026-02-06 21:06:28,已完成,已完成,2026-02-10 20:18:16,,,合肥仓
Spyder,OPU2602040000012,OPU2602040000012,采购入库,6942133590192,40,40,40,26102JM26149WMO20,梭织夹克,落日橙,,2026-02-04 15:09:01,2026-02-06 20:59:50,已完成,已完成,2026-02-10 20:18:16,,,合肥仓
Spyder,OPU2602040000012,OPU2602040000012,采购入库,6942133590208,34,34,34,26102JM26149WMO20,梭织夹克,落日橙,,2026-02-04 15:09:01,2026-02-06 21:12:40,已完成,已完成,2026-02-10 20:18:16,,,合肥仓
Spyder,OPU2602040000012,OPU2602040000012,采购入库,6942133590178,12,12,12,26102JM26149WMO20,梭织夹克,落日橙,,2026-02-04 15:09:01,2026-02-06 20:56:05,已完成,已完成,2026-02-10 20:18:16,,,合肥仓
Spyder,OPU2602040000012,OPU2602040000012,采购入库,6942133590185,3,3,3,26102JM26149WMO20,梭织夹克,落日橙,,2026-02-04 15:09:01,2026-02-06 20:56:05,已完成,已完成,2026-02-10 20:18:16,,,合肥仓
Spyder,OPU2602040000012,OPU2602040000012,采购入库,6942133590192,9,9,9,26102JM26149WMO20,梭织夹克,落日橙,,2026-02-04 15:09:01,2026-02-06 20:56:05,已完成,已完成,2026-02-10 20:18:16,,,合肥仓
Spyder,OPU2602040000012,OPU2602040000012,采购入库,6942133590215,15,15,15,26102JM26149WMO20,梭织夹克,落日橙,,2026-02-04 15:09:01,2026-02-06 20:56:05,已完成,已完成,2026-02-10 20:18:16,,,合肥仓
Spyder,OPU2602040000013,OPU2602040000013,采购入库,6942133589523,31,31,31,26102JM26131WM001,冲锋衣,黑色,,2026-02-04 16:43:00,2026-02-06 20:56:34,已完成,已完成,2026-02-09 21:28:17,,,合肥仓
Spyder,OPU2602040000013,OPU2602040000013,采购入库,6942133589530,35,35,35,26102JM26131WM001,冲锋衣,黑色,,2026-02-04 16:43:00,2026-02-06 20:59:46,已完成,已完成,2026-02-09 21:28:17,,,合肥仓
Spyder,OPU2602040000013,OPU2602040000013,采购入库,6942133589530,30,30,30,26102JM26131WM001,冲锋衣,黑色,,2026-02-04 16:43:00,2026-02-06 21:07:03,已完成,已完成,2026-02-09 21:28:17,,,合肥仓
Spyder,OPU2602040000013,OPU2602040000013,采购入库,6942133589561,2,2,2,26102JM26131WM001,冲锋衣,黑色,,2026-02-04 16:43:00,2026-02-06 21:07:03,已完成,已完成,2026-02-09 21:28:17,,,合肥仓
Spyder,OPU2602040000013,OPU2602040000013,采购入库,6942133589547,35,35,35,26102JM26131WM001,冲锋衣,黑色,,2026-02-04 16:43:00,2026-02-06 21:12:40,已完成,已完成,2026-02-09 21:28:17,,,合肥仓
Spyder,OPU2602040000013,OPU2602040000013,采购入库,6942133589547,35,35,35,26102JM26131WM001,冲锋衣,黑色,,2026-02-04 16:43:00,2026-02-06 21:15:43,已完成,已完成,2026-02-09 21:28:17,,,合肥仓
Spyder,OPU2602040000013,OPU2602040000013,采购入库,6942133589554,35,35,35,26102JM26131WM001,冲锋衣,黑色,,2026-02-04 16:43:00,2026-02-06 21:02:59,已完成,已完成,2026-02-09 21:28:17,,,合肥仓
Spyder,OPU2602040000013,OPU2602040000013,采购入库,6942133589547,10,10,10,26102JM26131WM001,冲锋衣,黑色,,2026-02-04 16:43:00,2026-02-09 21:27:34,已完成,已完成,2026-02-09 21:28:17,,,合肥仓
Spyder,OPU2602040000013,OPU2602040000013,采购入库,6942133589554,22,22,22,26102JM26131WM001,冲锋衣,黑色,,2026-02-04 16:43:00,2026-02-06 21:18:18,已完成,已完成,2026-02-09 21:28:17,,,合肥仓
Spyder,OPU2602040000013,OPU2602040000013,采购入库,6942133589561,35,35,35,26102JM26131WM001,冲锋衣,黑色,,2026-02-04 16:43:00,2026-02-06 21:22:15,已完成,已完成,2026-02-09 21:28:17,,,合肥仓
Spyder,OPU2602040000013,OPU2602040000013,采购入库,6942133589622,12,12,12,26102JM26131WMN90,冲锋衣,月石灰,,2026-02-04 16:43:00,2026-02-09 21:27:47,已完成,已完成,2026-02-09 21:28:17,,,合肥仓
Spyder,OPU2602040000013,OPU2602040000013,采购入库,6942133589639,23,23,23,26102JM26131WMN90,冲锋衣,月石灰,,2026-02-04 16:43:00,2026-02-06 21:34:53,已完成,已完成,2026-02-09 21:28:17,,,合肥仓
Spyder,OPU2602040000013,OPU2602040000013,采购入库,6942133589646,35,35,35,26102JM26131WMN90,冲锋衣,月石灰,,2026-02-04 16:43:00,2026-02-06 21:31:05,已完成,已完成,2026-02-09 21:28:17,,,合肥仓
Spyder,OPU2602040000013,OPU2602040000013,采购入库,6942133589653,21,21,21,26102JM26131WMN90,冲锋衣,月石灰,,2026-02-04 16:43:00,2026-02-06 21:38:24,已完成,已完成,2026-02-09 21:28:17,,,合肥仓
Spyder,OPU2602040000013,OPU2602040000013,采购入库,6942133589660,12,12,12,26102JM26131WMN90,冲锋衣,月石灰,,2026-02-04 16:43:00,2026-02-06 21:38:24,已完成,已完成,2026-02-09 21:28:17,,,合肥仓
Spyder,OPU2602040000013,OPU2602040000013,采购入库,6942133589578,11,11,11,26102JM26131WMBA1,冲锋衣,哥本哈根蓝,,2026-02-04 16:43:00,2026-02-06 21:25:05,已完成,已完成,2026-02-09 21:28:17,,,合肥仓
Spyder,OPU2602040000013,OPU2602040000013,采购入库,6942133589585,25,25,25,26102JM26131WMBA1,冲锋衣,哥本哈根蓝,,2026-02-04 16:43:00,2026-02-06 21:25:05,已完成,已完成,2026-02-09 21:28:17,,,合肥仓
Spyder,OPU2602040000013,OPU2602040000013,采购入库,6942133589592,27,27,27,26102JM26131WMBA1,冲锋衣,哥本哈根蓝,,2026-02-04 16:43:00,2026-02-06 21:28:13,已完成,已完成,2026-02-09 21:28:17,,,合肥仓
Spyder,OPU2602040000013,OPU2602040000013,采购入库,6942133589608,19,19,19,26102JM26131WMBA1,冲锋衣,哥本哈根蓝,,2026-02-04 16:43:00,2026-02-06 21:09:55,已完成,已完成,2026-02-09 21:28:17,,,合肥仓
Spyder,OPU2602040000013,OPU2602040000013,采购入库,6942133589615,13,13,13,26102JM26131WMBA1,冲锋衣,哥本哈根蓝,,2026-02-04 16:43:00,2026-02-06 21:09:55,已完成,已完成,2026-02-09 21:28:17,,,合肥仓
Spyder,OPU2602040000014,OPU2602040000014,采购入库,6942133542887,2,2,2,26102JE26102WM41C,梭织夹克,湛蓝,,2026-02-05 10:48:00,2026-02-05 15:03:03,已完成,已完成,2026-02-05 15:03:29,,,合肥仓
Spyder,OPU2602050000011,OPU2602050000011,采购入库,6942133544836,46,41,41,26202JO26204WM001,衬衫夹克,黑色,,2026-02-05 15:15:00,2026-02-06 13:04:28,已完成,已完成,2026-02-09 21:29:17,,,合肥仓
Spyder,OPU2602050000011,OPU2602050000011,采购入库,6942133544843,46,46,46,26202JO26204WM001,衬衫夹克,黑色,,2026-02-05 15:15:00,2026-02-06 11:41:52,已完成,已完成,2026-02-09 21:29:17,,,合肥仓
Spyder,OPU2602050000011,OPU2602050000011,采购入库,6942133544843,46,46,46,26202JO26204WM001,衬衫夹克,黑色,,2026-02-05 15:15:00,2026-02-06 13:20:21,已完成,已完成,2026-02-09 21:29:17,,,合肥仓
Spyder,OPU2602050000011,OPU2602050000011,采购入库,6942133544850,46,46,46,26202JO26204WM001,衬衫夹克,黑色,,2026-02-05 15:15:00,2026-02-06 13:11:44,已完成,已完成,2026-02-09 21:29:17,,,合肥仓
Spyder,OPU2602050000011,OPU2602050000011,采购入库,6942133544850,46,46,46,26202JO26204WM001,衬衫夹克,黑色,,2026-02-05 15:15:00,2026-02-06 11:32:10,已完成,已完成,2026-02-09 21:29:17,,,合肥仓
Spyder,OPU2602050000011,OPU2602050000011,采购入库,6942133544867,47,47,47,26202JO26204WM001,衬衫夹克,黑色,,2026-02-05 15:15:00,2026-02-06 11:49:40,已完成,已完成,2026-02-09 21:29:17,,,合肥仓
Spyder,OPU2602050000011,OPU2602050000011,采购入库,6942133544867,47,47,47,26202JO26204WM001,衬衫夹克,黑色,,2026-02-05 15:15:00,2026-02-06 11:38:44,已完成,已完成,2026-02-09 21:29:17,,,合肥仓
Spyder,OPU2602050000011,OPU2602050000011,采购入库,6942133544874,46,46,46,26202JO26204WM001,衬衫夹克,黑色,,2026-02-05 15:15:00,2026-02-06 13:08:14,已完成,已完成,2026-02-09 21:29:17,,,合肥仓
Spyder,OPU2602050000011,OPU2602050000011,采购入库,6942133544843,12,12,12,26202JO26204WM001,衬衫夹克,黑色,,2026-02-05 15:15:00,2026-02-06 13:17:05,已完成,已完成,2026-02-09 21:29:17,,,合肥仓
Spyder,OPU2602050000011,OPU2602050000011,采购入库,6942133544850,28,28,28,26202JO26204WM001,衬衫夹克,黑色,,2026-02-05 15:15:00,2026-02-06 13:17:05,已完成,已完成,2026-02-09 21:29:17,,,合肥仓
Spyder,OPU2602050000011,OPU2602050000011,采购入库,6942133544874,3,3,3,26202JO26204WM001,衬衫夹克,黑色,,2026-02-05 15:15:00,2026-02-06 13:17:04,已完成,已完成,2026-02-09 21:29:17,,,合肥仓
Spyder,OPU2602050000011,OPU2602050000011,采购入库,6942133544881,30,30,30,26202JO26204WMN09,衬衫夹克,科技灰,,2026-02-05 15:15:00,2026-02-06 11:43:57,已完成,已完成,2026-02-09 21:29:17,,,合肥仓
Spyder,OPU2602050000011,OPU2602050000011,采购入库,6942133544898,46,46,46,26202JO26204WMN09,衬衫夹克,科技灰,,2026-02-05 15:15:00,2026-02-06 11:46:40,已完成,已完成,2026-02-09 21:29:17,,,合肥仓
Spyder,OPU2602050000011,OPU2602050000011,采购入库,6942133544898,30,30,30,26202JO26204WMN09,衬衫夹克,科技灰,,2026-02-05 15:15:00,2026-02-06 11:34:49,已完成,已完成,2026-02-09 21:29:17,,,合肥仓
Spyder,OPU2602050000011,OPU2602050000011,采购入库,6942133544904,46,46,46,26202JO26204WMN09,衬衫夹克,科技灰,,2026-02-05 15:15:00,2026-02-06 11:29:29,已完成,已完成,2026-02-09 21:29:17,,,合肥仓
Spyder,OPU2602050000011,OPU2602050000011,采购入库,6942133544904,45,45,45,26202JO26204WMN09,衬衫夹克,科技灰,,2026-02-05 15:15:00,2026-02-06 11:52:16,已完成,已完成,2026-02-09 21:29:17,,,合肥仓
Spyder,OPU2602050000011,OPU2602050000011,采购入库,6942133544911,46,46,46,26202JO26204WMN09,衬衫夹克,科技灰,,2026-02-05 15:15:00,2026-02-06 13:23:19,已完成,已完成,2026-02-09 21:29:17,,,合肥仓
Spyder,OPU2602050000011,OPU2602050000011,采购入库,6942133544911,23,23,23,26202JO26204WMN09,衬衫夹克,科技灰,,2026-02-05 15:15:00,2026-02-06 11:54:01,已完成,已完成,2026-02-09 21:29:17,,,合肥仓
Spyder,OPU2602050000011,OPU2602050000011,采购入库,6942133544928,36,36,36,26202JO26204WMN09,衬衫夹克,科技灰,,2026-02-05 15:15:00,2026-02-06 13:13:56,已完成,已完成,2026-02-09 21:29:17,,,合肥仓
Spyder,OPU2602050000014,OPU2602050000014,采购入库,6942133590123,1,1,1,26102JM26149WM001,梭织夹克,黑色,,2026-02-05 15:19:00,2026-02-10 14:17:54,已完成,已完成,2026-02-10 14:18:13,,,合肥仓
Spyder,OPU2602050000014,OPU2602050000014,采购入库,6942133590154,1,1,1,26102JM26149WM001,梭织夹克,黑色,,2026-02-05 15:19:00,2026-02-10 14:17:54,已完成,已完成,2026-02-10 14:18:13,,,合肥仓
Spyder,OPU2602050000016,OPU2602050000016,采购入库,6942133551056,31,31,31,26202TO26207KM001,短袖T恤,黑色,,2026-02-05 15:33:00,2026-02-06 20:49:08,已完成,已完成,2026-02-10 20:18:02,,,合肥仓
Spyder,OPU2602050000016,OPU2602050000016,采购入库,6942133551063,21,21,21,26202TO26207KM001,短袖T恤,黑色,,2026-02-05 15:33:00,2026-02-06 20:49:08,已完成,已完成,2026-02-10 20:18:02,,,合肥仓
Spyder,OPU2602050000016,OPU2602050000016,采购入库,6942133551063,70,70,70,26202TO26207KM001,短袖T恤,黑色,,2026-02-05 15:33:00,2026-02-06 20:46:17,已完成,已完成,2026-02-10 20:18:02,,,合肥仓
Spyder,OPU2602050000016,OPU2602050000016,采购入库,6942133551070,70,70,70,26202TO26207KM001,短袖T恤,黑色,,2026-02-05 15:33:00,2026-02-06 20:31:53,已完成,已完成,2026-02-10 20:18:02,,,合肥仓
Spyder,OPU2602050000016,OPU2602050000016,采购入库,6942133551087,68,68,68,26202TO26207KM001,短袖T恤,黑色,,2026-02-05 15:33:00,2026-02-06 20:41:43,已完成,已完成,2026-02-10 20:18:02,,,合肥仓
Spyder,OPU2602050000016,OPU2602050000016,采购入库,6942133551070,28,28,28,26202TO26207KM001,短袖T恤,黑色,,2026-02-05 15:33:00,2026-02-06 20:27:46,已完成,已完成,2026-02-10 20:18:02,,,合肥仓
Spyder,OPU2602050000016,OPU2602050000016,采购入库,6942133551094,40,40,40,26202TO26207KM001,短袖T恤,黑色,,2026-02-05 15:33:00,2026-02-06 20:27:46,已完成,已完成,2026-02-10 20:18:02,,,合肥仓
Spyder,OPU2602050000016,OPU2602050000016,采购入库,6942133551100,30,30,30,26202TO26207KMN09,短袖T恤,科技灰,,2026-02-05 15:33:00,2026-02-06 20:05:02,已完成,已完成,2026-02-10 20:18:02,,,合肥仓
Spyder,OPU2602050000016,OPU2602050000016,采购入库,6942133551117,21,21,21,26202TO26207KMN09,短袖T恤,科技灰,,2026-02-05 15:33:00,2026-02-06 20:05:02,已完成,已完成,2026-02-10 20:18:02,,,合肥仓
Spyder,OPU2602050000016,OPU2602050000016,采购入库,6942133551117,70,70,70,26202TO26207KMN09,短袖T恤,科技灰,,2026-02-05 15:33:00,2026-02-06 20:23:39,已完成,已完成,2026-02-10 20:18:02,,,合肥仓
Spyder,OPU2602050000016,OPU2602050000016,采购入库,6942133551124,70,70,70,26202TO26207KMN09,短袖T恤,科技灰,,2026-02-05 15:33:00,2026-02-06 20:36:12,已完成,已完成,2026-02-10 20:18:02,,,合肥仓
Spyder,OPU2602050000016,OPU2602050000016,采购入库,6942133551131,68,68,68,26202TO26207KMN09,短袖T恤,科技灰,,2026-02-05 15:33:00,2026-02-06 20:19:30,已完成,已完成,2026-02-10 20:18:02,,,合肥仓
Spyder,OPU2602050000016,OPU2602050000016,采购入库,6942133551124,27,27,27,26202TO26207KMN09,短袖T恤,科技灰,,2026-02-05 15:33:00,2026-02-06 20:12:20,已完成,已完成,2026-02-10 20:18:02,,,合肥仓
Spyder,OPU2602050000016,OPU2602050000016,采购入库,6942133551148,40,40,40,26202TO26207KMN09,短袖T恤,科技灰,,2026-02-05 15:33:00,2026-02-06 20:12:20,已完成,已完成,2026-02-10 20:18:02,,,合肥仓
Spyder,OPU2602050000017,OPU2602050000017,采购入库,6942133593254,42,0,0,26202HM26206WW001,梭织短裤,黑色,,2026-02-05 16:00:00,,待收货,待收货,,,,合肥仓
Spyder,OPU2602050000017,OPU2602050000017,采购入库,6942133593261,55,0,0,26202HM26206WW001,梭织短裤,黑色,,2026-02-05 16:00:00,,待收货,待收货,,,,合肥仓
Spyder,OPU2602050000017,OPU2602050000017,采购入库,6942133593278,55,0,0,26202HM26206WW001,梭织短裤,黑色,,2026-02-05 16:00:00,,待收货,待收货,,,,合肥仓
Spyder,OPU2602050000017,OPU2602050000017,采购入库,6942133593261,16,0,0,26202HM26206WW001,梭织短裤,黑色,,2026-02-05 16:00:00,,待收货,待收货,,,,合肥仓
Spyder,OPU2602050000017,OPU2602050000017,采购入库,6942133593278,7,0,0,26202HM26206WW001,梭织短裤,黑色,,2026-02-05 16:00:00,,待收货,待收货,,,,合肥仓
Spyder,OPU2602050000017,OPU2602050000017,采购入库,6942133593285,26,0,0,26202HM26206WW001,梭织短裤,黑色,,2026-02-05 16:00:00,,待收货,待收货,,,,合肥仓
Spyder,OPU2602050000017,OPU2602050000017,采购入库,6942133593292,30,0,0,26202HM26206WWG28,梭织短裤,鼠尾草,,2026-02-05 16:00:00,,待收货,待收货,,,,合肥仓
Spyder,OPU2602050000017,OPU2602050000017,采购入库,6942133593322,19,0,0,26202HM26206WWG28,梭织短裤,鼠尾草,,2026-02-05 16:00:00,,待收货,待收货,,,,合肥仓
Spyder,OPU2602050000017,OPU2602050000017,采购入库,6942133593308,55,0,0,26202HM26206WWG28,梭织短裤,鼠尾草,,2026-02-05 16:00:00,,待收货,待收货,,,,合肥仓
Spyder,OPU2602050000017,OPU2602050000017,采购入库,6942133593315,47,0,0,26202HM26206WWG28,梭织短裤,鼠尾草,,2026-02-05 16:00:00,,待收货,待收货,,,,合肥仓
Spyder,OPU2602050000017,OPU2602050000017,采购入库,6942133589264,40,0,0,26202HM26207WW001,梭织短裤,黑色,,2026-02-05 16:00:00,,待收货,待收货,,,,合肥仓
Spyder,OPU2602050000017,OPU2602050000017,采购入库,6942133589271,40,0,0,26202HM26207WW001,梭织短裤,黑色,,2026-02-05 16:00:00,,待收货,待收货,,,,合肥仓
Spyder,OPU2602050000017,OPU2602050000017,采购入库,6942133589288,40,0,0,26202HM26207WW001,梭织短裤,黑色,,2026-02-05 16:00:00,,待收货,待收货,,,,合肥仓
Spyder,OPU2602050000017,OPU2602050000017,采购入库,6942133589271,38,0,0,26202HM26207WW001,梭织短裤,黑色,,2026-02-05 16:00:00,,待收货,待收货,,,,合肥仓
Spyder,OPU2602050000017,OPU2602050000017,采购入库,6942133589295,27,0,0,26202HM26207WW001,梭织短裤,黑色,,2026-02-05 16:00:00,,待收货,待收货,,,,合肥仓
Spyder,OPU2602050000017,OPU2602050000017,采购入库,6942133589264,3,0,0,26202HM26207WW001,梭织短裤,黑色,,2026-02-05 16:00:00,,待收货,待收货,,,,合肥仓
Spyder,OPU2602050000017,OPU2602050000017,采购入库,6942133589288,23,0,0,26202HM26207WW001,梭织短裤,黑色,,2026-02-05 16:00:00,,待收货,待收货,,,,合肥仓
Spyder,OPU2602050000017,OPU2602050000017,采购入库,6942133589301,36,0,0,26202HM26207WWW08,梭织短裤,白桦色,,2026-02-05 16:00:00,,待收货,待收货,,,,合肥仓
Spyder,OPU2602050000017,OPU2602050000017,采购入库,6942133589318,40,0,0,26202HM26207WWW08,梭织短裤,白桦色,,2026-02-05 16:00:00,,待收货,待收货,,,,合肥仓
Spyder,OPU2602050000017,OPU2602050000017,采购入库,6942133589325,40,0,0,26202HM26207WWW08,梭织短裤,白桦色,,2026-02-05 16:00:00,,待收货,待收货,,,,合肥仓
Spyder,OPU2602050000017,OPU2602050000017,采购入库,6942133589325,7,0,0,26202HM26207WWW08,梭织短裤,白桦色,,2026-02-05 16:00:00,,待收货,待收货,,,,合肥仓
Spyder,OPU2602050000017,OPU2602050000017,采购入库,6942133589332,23,0,0,26202HM26207WWW08,梭织短裤,白桦色,,2026-02-05 16:00:00,,待收货,待收货,,,,合肥仓
Spyder,OPU2602050000017,OPU2602050000017,采购入库,6942133589318,23,0,0,26202HM26207WWW08,梭织短裤,白桦色,,2026-02-05 16:00:00,,待收货,待收货,,,,合肥仓
Spyder,OPU2602050000017,OPU2602050000017,采购入库,6942133589325,8,0,0,26202HM26207WWW08,梭织短裤,白桦色,,2026-02-05 16:00:00,,待收货,待收货,,,,合肥仓
Spyder,OPU2602050000017,OPU2602050000017,采购入库,6942133548407,50,0,0,26202PO26218WMN26,梭织长裤,烟灰色,,2026-02-05 16:00:00,,待收货,待收货,,,,合肥仓
Spyder,OPU2602050000017,OPU2602050000017,采购入库,6942133548384,1,0,0,26202PO26218WMN26,梭织长裤,烟灰色,,2026-02-05 16:00:00,,待收货,待收货,,,,合肥仓
Spyder,OPU2602050000017,OPU2602050000017,采购入库,6942133548407,8,0,0,26202PO26218WMN26,梭织长裤,烟灰色,,2026-02-05 16:00:00,,待收货,待收货,,,,合肥仓
Spyder,OPU2602050000017,OPU2602050000017,采购入库,6942133548414,1,0,0,26202PO26218WMN26,梭织长裤,烟灰色,,2026-02-05 16:00:00,,待收货,待收货,,,,合肥仓
Spyder,OPU2602050000017,OPU2602050000017,采购入库,6942133544942,50,0,0,26202JO26207WM001,梭织夹克,黑色,,2026-02-05 16:00:00,,待收货,待收货,,,,合肥仓
Spyder,OPU2602050000017,OPU2602050000017,采购入库,6942133544959,50,0,0,26202JO26207WM001,梭织夹克,黑色,,2026-02-05 16:00:00,,待收货,待收货,,,,合肥仓
Spyder,OPU2602050000017,OPU2602050000017,采购入库,6942133544966,50,0,0,26202JO26207WM001,梭织夹克,黑色,,2026-02-05 16:00:00,,待收货,待收货,,,,合肥仓
Spyder,OPU2602050000017,OPU2602050000017,采购入库,6942133544935,24,0,0,26202JO26207WM001,梭织夹克,黑色,,2026-02-05 16:00:00,,待收货,待收货,,,,合肥仓
Spyder,OPU2602050000017,OPU2602050000017,采购入库,6942133544973,25,0,0,26202JO26207WM001,梭织夹克,黑色,,2026-02-05 16:00:00,,待收货,待收货,,,,合肥仓
Spyder,OPU2602050000017,OPU2602050000017,采购入库,6942133544942,5,0,0,26202JO26207WM001,梭织夹克,黑色,,2026-02-05 16:00:00,,待收货,待收货,,,,合肥仓
Spyder,OPU2602050000017,OPU2602050000017,采购入库,6942133544959,18,0,0,26202JO26207WM001,梭织夹克,黑色,,2026-02-05 16:00:00,,待收货,待收货,,,,合肥仓
Spyder,OPU2602050000017,OPU2602050000017,采购入库,6942133544997,50,0,0,26202JO26207WMN26,梭织夹克,烟灰色,,2026-02-05 16:00:00,,待收货,待收货,,,,合肥仓
Spyder,OPU2602050000017,OPU2602050000017,采购入库,6942133545000,50,0,0,26202JO26207WMN26,梭织夹克,烟灰色,,2026-02-05 16:00:00,,待收货,待收货,,,,合肥仓
Spyder,OPU2602050000017,OPU2602050000017,采购入库,6942133545017,51,0,0,26202JO26207WMN26,梭织夹克,烟灰色,,2026-02-05 16:00:00,,待收货,待收货,,,,合肥仓
Spyder,OPU2602050000017,OPU2602050000017,采购入库,6942133544980,24,0,0,26202JO26207WMN26,梭织夹克,烟灰色,,2026-02-05 16:00:00,,待收货,待收货,,,,合肥仓
Spyder,OPU2602050000017,OPU2602050000017,采购入库,6942133545024,24,0,0,26202JO26207WMN26,梭织夹克,烟灰色,,2026-02-05 16:00:00,,待收货,待收货,,,,合肥仓
Spyder,OPU2602050000017,OPU2602050000017,采购入库,6942133544997,4,0,0,26202JO26207WMN26,梭织夹克,烟灰色,,2026-02-05 16:00:00,,待收货,待收货,,,,合肥仓
Spyder,OPU2602050000017,OPU2602050000017,采购入库,6942133545000,19,0,0,26202JO26207WMN26,梭织夹克,烟灰色,,2026-02-05 16:00:00,,待收货,待收货,,,,合肥仓
Spyder,OPU2602060000005,OPU2602060000005,采购入库,6942133551193,23,23,23,26202TO26215KWP18,短袖T恤,冰川紫,,2026-02-06 10:53:00,2026-02-09 11:23:20,已完成,已完成,2026-02-10 20:18:08,,,合肥仓
Spyder,OPU2602060000005,OPU2602060000005,采购入库,6942133551223,51,51,51,26202TO26215KWP18,短袖T恤,冰川紫,,2026-02-06 10:53:00,2026-02-09 11:23:20,已完成,已完成,2026-02-10 20:18:08,,,合肥仓
Spyder,OPU2602060000005,OPU2602060000005,采购入库,6942133551209,76,76,76,26202TO26215KWP18,短袖T恤,冰川紫,,2026-02-06 10:53:00,2026-02-09 11:13:34,已完成,已完成,2026-02-10 20:18:08,,,合肥仓
Spyder,OPU2602060000005,OPU2602060000005,采购入库,6942133551216,74,74,74,26202TO26215KWP18,短袖T恤,冰川紫,,2026-02-06 10:53:00,2026-02-09 11:30:00,已完成,已完成,2026-02-10 20:18:08,,,合肥仓
Spyder,OPU2602060000005,OPU2602060000005,采购入库,6942133551155,28,28,28,26202TO26215KW001,短袖T恤,黑色,,2026-02-06 10:53:00,2026-02-09 11:36:52,已完成,已完成,2026-02-10 20:18:08,,,合肥仓
Spyder,OPU2602060000005,OPU2602060000005,采购入库,6942133551186,49,49,49,26202TO26215KW001,短袖T恤,黑色,,2026-02-06 10:53:00,2026-02-09 11:36:52,已完成,已完成,2026-02-10 20:18:08,,,合肥仓
Spyder,OPU2602060000005,OPU2602060000005,采购入库,6942133551162,80,80,80,26202TO26215KW001,短袖T恤,黑色,,2026-02-06 10:53:00,2026-02-09 11:05:06,已完成,已完成,2026-02-10 20:18:08,,,合肥仓
Spyder,OPU2602060000005,OPU2602060000005,采购入库,6942133551179,79,79,79,26202TO26215KW001,短袖T恤,黑色,,2026-02-06 10:53:00,2026-02-09 11:18:55,已完成,已完成,2026-02-10 20:18:08,,,合肥仓
Spyder,OPU2602060000023,OPU2602060000023,采购入库,6942133590536,40,40,40,26102JM26162WWN96,梭织夹克,宁静灰,,2026-02-06 16:01:00,2026-02-06 20:31:34,已完成,已完成,2026-02-10 20:17:54,,,合肥仓
Spyder,OPU2602060000023,OPU2602060000023,采购入库,6942133590543,40,40,40,26102JM26162WWN96,梭织夹克,宁静灰,,2026-02-06 16:01:00,2026-02-06 20:40:29,已完成,已完成,2026-02-10 20:17:54,,,合肥仓
Spyder,OPU2602060000023,OPU2602060000023,采购入库,6942133590543,10,10,10,26102JM26162WWN96,梭织夹克,宁静灰,,2026-02-06 16:01:00,2026-02-06 20:34:45,已完成,已完成,2026-02-10 20:17:54,,,合肥仓
Spyder,OPU2602060000023,OPU2602060000023,采购入库,6942133590550,23,23,23,26102JM26162WWN96,梭织夹克,宁静灰,,2026-02-06 16:01:00,2026-02-06 20:34:45,已完成,已完成,2026-02-10 20:17:54,,,合肥仓
Spyder,OPU2602060000023,OPU2602060000023,采购入库,6942133590529,24,24,24,26102JM26162WWN96,梭织夹克,宁静灰,,2026-02-06 16:01:00,2026-02-06 20:37:25,已完成,已完成,2026-02-10 20:17:54,,,合肥仓
Spyder,OPU2602060000023,OPU2602060000023,采购入库,6942133590536,10,10,10,26102JM26162WWN96,梭织夹克,宁静灰,,2026-02-06 16:01:00,2026-02-06 20:37:24,已完成,已完成,2026-02-10 20:17:54,,,合肥仓
Spyder,OPU2602060000023,OPU2602060000023,采购入库,6942133590574,40,40,40,26102JM26162WWP19,梭织夹克,薰衣草,,2026-02-06 16:01:00,2026-02-06 20:28:49,已完成,已完成,2026-02-10 20:17:54,,,合肥仓
Spyder,OPU2602060000023,OPU2602060000023,采购入库,6942133590581,40,40,40,26102JM26162WWP19,梭织夹克,薰衣草,,2026-02-06 16:01:00,2026-02-06 20:19:17,已完成,已完成,2026-02-10 20:17:54,,,合肥仓
Spyder,OPU2602060000023,OPU2602060000023,采购入库,6942133590581,11,11,11,26102JM26162WWP19,梭织夹克,薰衣草,,2026-02-06 16:01:00,2026-02-06 20:22:20,已完成,已完成,2026-02-10 20:17:54,,,合肥仓
Spyder,OPU2602060000023,OPU2602060000023,采购入库,6942133590598,24,24,24,26102JM26162WWP19,梭织夹克,薰衣草,,2026-02-06 16:01:00,2026-02-06 20:22:20,已完成,已完成,2026-02-10 20:17:54,,,合肥仓
Spyder,OPU2602060000023,OPU2602060000023,采购入库,6942133590567,25,25,25,26102JM26162WWP19,梭织夹克,薰衣草,,2026-02-06 16:01:00,2026-02-06 20:25:43,已完成,已完成,2026-02-10 20:17:54,,,合肥仓
Spyder,OPU2602060000023,OPU2602060000023,采购入库,6942133590574,15,15,15,26102JM26162WWP19,梭织夹克,薰衣草,,2026-02-06 16:01:00,2026-02-06 20:25:43,已完成,已完成,2026-02-10 20:17:54,,,合肥仓
Spyder,OPU2602060000027,OPU2602060000027,采购入库,6942133546892,1,1,1,26102PE26101WMGK0,梭织长裤,浅卡其2,,2026-02-06 16:15:00,2026-02-10 14:21:31,已完成,已完成,2026-02-10 14:21:45,,,合肥仓
Spyder,OPU2602060000033,OPU2602060000033,采购入库,6942133551759,20,0,0,262SOX23KMN09,短袖POLO衫,科技灰,,2026-02-06 17:11:02,,待收货,待收货,,,,合肥仓
Spyder,OPU2602060000033,OPU2602060000033,采购入库,6942133551759,20,0,0,262SOX23KMN09,短袖POLO衫,科技灰,,2026-02-06 17:11:02,,待收货,待收货,,,,合肥仓
Spyder,OPU2602060000033,OPU2602060000033,采购入库,6942133551759,20,0,0,262SOX23KMN09,短袖POLO衫,科技灰,,2026-02-06 17:11:02,,待收货,待收货,,,,合肥仓
Spyder,OPU2602060000033,OPU2602060000033,采购入库,6942133551766,20,0,0,262SOX23KMN09,短袖POLO衫,科技灰,,2026-02-06 17:11:02,,待收货,待收货,,,,合肥仓
Spyder,OPU2602060000033,OPU2602060000033,采购入库,6942133551766,20,0,0,262SOX23KMN09,短袖POLO衫,科技灰,,2026-02-06 17:11:02,,待收货,待收货,,,,合肥仓
Spyder,OPU2602060000033,OPU2602060000033,采购入库,6942133551766,20,0,0,262SOX23KMN09,短袖POLO衫,科技灰,,2026-02-06 17:11:02,,待收货,待收货,,,,合肥仓
Spyder,OPU2602060000033,OPU2602060000033,采购入库,6942133551766,20,0,0,262SOX23KMN09,短袖POLO衫,科技灰,,2026-02-06 17:11:02,,待收货,待收货,,,,合肥仓
Spyder,OPU2602060000033,OPU2602060000033,采购入库,6942133551766,20,0,0,262SOX23KMN09,短袖POLO衫,科技灰,,2026-02-06 17:11:02,,待收货,待收货,,,,合肥仓
Spyder,OPU2602060000033,OPU2602060000033,采购入库,6942133551766,20,0,0,262SOX23KMN09,短袖POLO衫,科技灰,,2026-02-06 17:11:02,,待收货,待收货,,,,合肥仓
Spyder,OPU2602060000033,OPU2602060000033,采购入库,6942133551766,20,0,0,262SOX23KMN09,短袖POLO衫,科技灰,,2026-02-06 17:11:02,,待收货,待收货,,,,合肥仓
Spyder,OPU2602060000033,OPU2602060000033,采购入库,6942133551766,20,0,0,262SOX23KMN09,短袖POLO衫,科技灰,,2026-02-06 17:11:02,,待收货,待收货,,,,合肥仓
Spyder,OPU2602060000033,OPU2602060000033,采购入库,6942133551766,20,0,0,262SOX23KMN09,短袖POLO衫,科技灰,,2026-02-06 17:11:02,,待收货,待收货,,,,合肥仓
Spyder,OPU2602060000033,OPU2602060000033,采购入库,6942133551766,20,0,0,262SOX23KMN09,短袖POLO衫,科技灰,,2026-02-06 17:11:02,,待收货,待收货,,,,合肥仓
Spyder,OPU2602060000033,OPU2602060000033,采购入库,6942133551766,20,0,0,262SOX23KMN09,短袖POLO衫,科技灰,,2026-02-06 17:11:02,,待收货,待收货,,,,合肥仓
Spyder,OPU2602060000033,OPU2602060000033,采购入库,6942133551766,20,0,0,262SOX23KMN09,短袖POLO衫,科技灰,,2026-02-06 17:11:02,,待收货,待收货,,,,合肥仓
Spyder,OPU2602060000033,OPU2602060000033,采购入库,6942133551766,20,0,0,262SOX23KMN09,短袖POLO衫,科技灰,,2026-02-06 17:11:02,,待收货,待收货,,,,合肥仓
Spyder,OPU2602060000033,OPU2602060000033,采购入库,6942133551766,20,0,0,262SOX23KMN09,短袖POLO衫,科技灰,,2026-02-06 17:11:02,,待收货,待收货,,,,合肥仓
Spyder,OPU2602060000033,OPU2602060000033,采购入库,6942133551742,20,0,0,262SOX23KMN98,短袖POLO衫,炭黑色,,2026-02-06 17:11:02,,待收货,待收货,,,,合肥仓
Spyder,OPU2602060000033,OPU2602060000033,采购入库,6942133551742,20,0,0,262SOX23KMN98,短袖POLO衫,炭黑色,,2026-02-06 17:11:02,,待收货,待收货,,,,合肥仓
Spyder,OPU2602060000033,OPU2602060000033,采购入库,6942133551742,20,0,0,262SOX23KMN98,短袖POLO衫,炭黑色,,2026-02-06 17:11:02,,待收货,待收货,,,,合肥仓
Spyder,OPU2602060000033,OPU2602060000033,采购入库,6942133551742,20,0,0,262SOX23KMN98,短袖POLO衫,炭黑色,,2026-02-06 17:11:02,,待收货,待收货,,,,合肥仓
Spyder,OPU2602060000033,OPU2602060000033,采购入库,6942133551742,20,0,0,262SOX23KMN98,短袖POLO衫,炭黑色,,2026-02-06 17:11:02,,待收货,待收货,,,,合肥仓
Spyder,OPU2602060000033,OPU2602060000033,采购入库,6942133551742,20,0,0,262SOX23KMN98,短袖POLO衫,炭黑色,,2026-02-06 17:11:02,,待收货,待收货,,,,合肥仓
Spyder,OPU2602060000033,OPU2602060000033,采购入库,6942133551742,20,0,0,262SOX23KMN98,短袖POLO衫,炭黑色,,2026-02-06 17:11:02,,待收货,待收货,,,,合肥仓
Spyder,OPU2602060000033,OPU2602060000033,采购入库,6942133551742,20,0,0,262SOX23KMN98,短袖POLO衫,炭黑色,,2026-02-06 17:11:02,,待收货,待收货,,,,合肥仓
Spyder,OPU2602060000033,OPU2602060000033,采购入库,6942133551742,20,0,0,262SOX23KMN98,短袖POLO衫,炭黑色,,2026-02-06 17:11:02,,待收货,待收货,,,,合肥仓
Spyder,OPU2602060000033,OPU2602060000033,采购入库,6942133551742,20,0,0,262SOX23KMN98,短袖POLO衫,炭黑色,,2026-02-06 17:11:02,,待收货,待收货,,,,合肥仓
Spyder,OPU2602060000033,OPU2602060000033,采购入库,6942133551742,20,0,0,262SOX23KMN98,短袖POLO衫,炭黑色,,2026-02-06 17:11:02,,待收货,待收货,,,,合肥仓
Spyder,OPU2602060000033,OPU2602060000033,采购入库,6942133551742,20,0,0,262SOX23KMN98,短袖POLO衫,炭黑色,,2026-02-06 17:11:02,,待收货,待收货,,,,合肥仓
Spyder,OPU2602060000033,OPU2602060000033,采购入库,6942133551742,20,0,0,262SOX23KMN98,短袖POLO衫,炭黑色,,2026-02-06 17:11:02,,待收货,待收货,,,,合肥仓
Spyder,OPU2602060000033,OPU2602060000033,采购入库,6942133551742,20,0,0,262SOX23KMN98,短袖POLO衫,炭黑色,,2026-02-06 17:11:02,,待收货,待收货,,,,合肥仓
Spyder,OPU2602060000033,OPU2602060000033,采购入库,6942133551742,20,0,0,262SOX23KMN98,短袖POLO衫,炭黑色,,2026-02-06 17:11:02,,待收货,待收货,,,,合肥仓
Spyder,OPU2602060000033,OPU2602060000033,采购入库,6942133551742,20,0,0,262SOX23KMN98,短袖POLO衫,炭黑色,,2026-02-06 17:11:02,,待收货,待收货,,,,合肥仓
Spyder,OPU2602060000033,OPU2602060000033,采购入库,6942133551742,20,0,0,262SOX23KMN98,短袖POLO衫,炭黑色,,2026-02-06 17:11:02,,待收货,待收货,,,,合肥仓
Spyder,OPU2602060000033,OPU2602060000033,采购入库,6942133551742,20,0,0,262SOX23KMN98,短袖POLO衫,炭黑色,,2026-02-06 17:11:02,,待收货,待收货,,,,合肥仓
Spyder,OPU2602060000033,OPU2602060000033,采购入库,6942133551742,20,0,0,262SOX23KMN98,短袖POLO衫,炭黑色,,2026-02-06 17:11:02,,待收货,待收货,,,,合肥仓
Spyder,OPU2602060000033,OPU2602060000033,采购入库,6942133551742,20,0,0,262SOX23KMN98,短袖POLO衫,炭黑色,,2026-02-06 17:11:02,,待收货,待收货,,,,合肥仓
Spyder,OPU2602060000033,OPU2602060000033,采购入库,6942133551742,20,0,0,262SOX23KMN98,短袖POLO衫,炭黑色,,2026-02-06 17:11:02,,待收货,待收货,,,,合肥仓
Spyder,OPU2602060000033,OPU2602060000033,采购入库,6942133551742,20,0,0,262SOX23KMN98,短袖POLO衫,炭黑色,,2026-02-06 17:11:02,,待收货,待收货,,,,合肥仓
Spyder,OPU2602060000033,OPU2602060000033,采购入库,6942133551742,20,0,0,262SOX23KMN98,短袖POLO衫,炭黑色,,2026-02-06 17:11:02,,待收货,待收货,,,,合肥仓
Spyder,OPU2602060000033,OPU2602060000033,采购入库,6942133551742,20,0,0,262SOX23KMN98,短袖POLO衫,炭黑色,,2026-02-06 17:11:02,,待收货,待收货,,,,合肥仓
Spyder,OPU2602060000033,OPU2602060000033,采购入库,6942133551742,20,0,0,262SOX23KMN98,短袖POLO衫,炭黑色,,2026-02-06 17:11:02,,待收货,待收货,,,,合肥仓
Spyder,OPU2602060000033,OPU2602060000033,采购入库,6942133551742,20,0,0,262SOX23KMN98,短袖POLO衫,炭黑色,,2026-02-06 17:11:02,,待收货,待收货,,,,合肥仓
Spyder,OPU2602060000033,OPU2602060000033,采购入库,6942133551742,20,0,0,262SOX23KMN98,短袖POLO衫,炭黑色,,2026-02-06 17:11:02,,待收货,待收货,,,,合肥仓
Spyder,OPU2602060000033,OPU2602060000033,采购入库,6942133551742,20,0,0,262SOX23KMN98,短袖POLO衫,炭黑色,,2026-02-06 17:11:02,,待收货,待收货,,,,合肥仓
Spyder,OPU2602060000033,OPU2602060000033,采购入库,6942133551742,20,0,0,262SOX23KMN98,短袖POLO衫,炭黑色,,2026-02-06 17:11:02,,待收货,待收货,,,,合肥仓
Spyder,OPU2602060000033,OPU2602060000033,采购入库,6942133551742,20,0,0,262SOX23KMN98,短袖POLO衫,炭黑色,,2026-02-06 17:11:02,,待收货,待收货,,,,合肥仓
Spyder,OPU2602060000033,OPU2602060000033,采购入库,6942133551742,20,0,0,262SOX23KMN98,短袖POLO衫,炭黑色,,2026-02-06 17:11:02,,待收货,待收货,,,,合肥仓
Spyder,OPU2602060000033,OPU2602060000033,采购入库,6942133551742,20,0,0,262SOX23KMN98,短袖POLO衫,炭黑色,,2026-02-06 17:11:02,,待收货,待收货,,,,合肥仓
Spyder,OPU2602060000033,OPU2602060000033,采购入库,6942133551742,20,0,0,262SOX23KMN98,短袖POLO衫,炭黑色,,2026-02-06 17:11:02,,待收货,待收货,,,,合肥仓
Spyder,OPU2602060000033,OPU2602060000033,采购入库,6942133551742,20,0,0,262SOX23KMN98,短袖POLO衫,炭黑色,,2026-02-06 17:11:02,,待收货,待收货,,,,合肥仓
Spyder,OPU2602060000033,OPU2602060000033,采购入库,6942133551742,20,0,0,262SOX23KMN98,短袖POLO衫,炭黑色,,2026-02-06 17:11:02,,待收货,待收货,,,,合肥仓
Spyder,OPU2602060000033,OPU2602060000033,采购入库,6942133551742,20,0,0,262SOX23KMN98,短袖POLO衫,炭黑色,,2026-02-06 17:11:02,,待收货,待收货,,,,合肥仓
Spyder,OPU2602060000033,OPU2602060000033,采购入库,6942133551742,20,0,0,262SOX23KMN98,短袖POLO衫,炭黑色,,2026-02-06 17:11:02,,待收货,待收货,,,,合肥仓
Spyder,OPU2602060000033,OPU2602060000033,采购入库,6942133551742,20,0,0,262SOX23KMN98,短袖POLO衫,炭黑色,,2026-02-06 17:11:02,,待收货,待收货,,,,合肥仓
Spyder,OPU2602060000033,OPU2602060000033,采购入库,6942133551742,20,0,0,262SOX23KMN98,短袖POLO衫,炭黑色,,2026-02-06 17:11:02,,待收货,待收货,,,,合肥仓
Spyder,OPU2602060000033,OPU2602060000033,采购入库,6942133551742,20,0,0,262SOX23KMN98,短袖POLO衫,炭黑色,,2026-02-06 17:11:02,,待收货,待收货,,,,合肥仓
Spyder,OPU2602060000033,OPU2602060000033,采购入库,6942133551742,20,0,0,262SOX23KMN98,短袖POLO衫,炭黑色,,2026-02-06 17:11:02,,待收货,待收货,,,,合肥仓
Spyder,OPU2602060000033,OPU2602060000033,采购入库,6942133551742,20,0,0,262SOX23KMN98,短袖POLO衫,炭黑色,,2026-02-06 17:11:02,,待收货,待收货,,,,合肥仓
Spyder,OPU2602060000033,OPU2602060000033,采购入库,6942133551742,20,0,0,262SOX23KMN98,短袖POLO衫,炭黑色,,2026-02-06 17:11:02,,待收货,待收货,,,,合肥仓
Spyder,OPU2602060000033,OPU2602060000033,采购入库,6942133551742,20,0,0,262SOX23KMN98,短袖POLO衫,炭黑色,,2026-02-06 17:11:02,,待收货,待收货,,,,合肥仓
Spyder,OPU2602060000033,OPU2602060000033,采购入库,6942133551742,20,0,0,262SOX23KMN98,短袖POLO衫,炭黑色,,2026-02-06 17:11:02,,待收货,待收货,,,,合肥仓
Spyder,OPU2602060000033,OPU2602060000033,采购入库,6942133551742,20,0,0,262SOX23KMN98,短袖POLO衫,炭黑色,,2026-02-06 17:11:02,,待收货,待收货,,,,合肥仓
Spyder,OPU2602060000033,OPU2602060000033,采购入库,6942133551742,20,0,0,262SOX23KMN98,短袖POLO衫,炭黑色,,2026-02-06 17:11:02,,待收货,待收货,,,,合肥仓
Spyder,OPU2602060000033,OPU2602060000033,采购入库,6942133551742,20,0,0,262SOX23KMN98,短袖POLO衫,炭黑色,,2026-02-06 17:11:02,,待收货,待收货,,,,合肥仓
Spyder,OPU2602060000033,OPU2602060000033,采购入库,6942133551742,20,0,0,262SOX23KMN98,短袖POLO衫,炭黑色,,2026-02-06 17:11:02,,待收货,待收货,,,,合肥仓
Spyder,OPU2602060000033,OPU2602060000033,采购入库,6942133551742,20,0,0,262SOX23KMN98,短袖POLO衫,炭黑色,,2026-02-06 17:11:02,,待收货,待收货,,,,合肥仓
Spyder,OPU2602060000033,OPU2602060000033,采购入库,6942133551742,20,0,0,262SOX23KMN98,短袖POLO衫,炭黑色,,2026-02-06 17:11:02,,待收货,待收货,,,,合肥仓
Spyder,OPU2602060000033,OPU2602060000033,采购入库,6942133551742,20,0,0,262SOX23KMN98,短袖POLO衫,炭黑色,,2026-02-06 17:11:02,,待收货,待收货,,,,合肥仓
Spyder,OPU2602060000033,OPU2602060000033,采购入库,6942133551759,20,0,0,262SOX23KMN09,短袖POLO衫,科技灰,,2026-02-06 17:11:02,,待收货,待收货,,,,合肥仓
Spyder,OPU2602060000033,OPU2602060000033,采购入库,6942133551759,20,0,0,262SOX23KMN09,短袖POLO衫,科技灰,,2026-02-06 17:11:02,,待收货,待收货,,,,合肥仓
Spyder,OPU2602060000033,OPU2602060000033,采购入库,6942133551759,20,0,0,262SOX23KMN09,短袖POLO衫,科技灰,,2026-02-06 17:11:02,,待收货,待收货,,,,合肥仓
Spyder,OPU2602060000033,OPU2602060000033,采购入库,6942133551759,20,0,0,262SOX23KMN09,短袖POLO衫,科技灰,,2026-02-06 17:11:02,,待收货,待收货,,,,合肥仓
Spyder,OPU2602060000033,OPU2602060000033,采购入库,6942133551766,20,0,0,262SOX23KMN09,短袖POLO衫,科技灰,,2026-02-06 17:11:02,,待收货,待收货,,,,合肥仓
Spyder,OPU2602060000033,OPU2602060000033,采购入库,6942133551735,20,0,0,262SOX23KMN98,短袖POLO衫,炭黑色,,2026-02-06 17:11:02,,待收货,待收货,,,,合肥仓
Spyder,OPU2602060000033,OPU2602060000033,采购入库,6942133551735,20,0,0,262SOX23KMN98,短袖POLO衫,炭黑色,,2026-02-06 17:11:02,,待收货,待收货,,,,合肥仓
Spyder,OPU2602060000033,OPU2602060000033,采购入库,6942133551735,20,0,0,262SOX23KMN98,短袖POLO衫,炭黑色,,2026-02-06 17:11:02,,待收货,待收货,,,,合肥仓
Spyder,OPU2602060000033,OPU2602060000033,采购入库,6942133551735,20,0,0,262SOX23KMN98,短袖POLO衫,炭黑色,,2026-02-06 17:11:02,,待收货,待收货,,,,合肥仓
Spyder,OPU2602060000033,OPU2602060000033,采购入库,6942133551735,20,0,0,262SOX23KMN98,短袖POLO衫,炭黑色,,2026-02-06 17:11:02,,待收货,待收货,,,,合肥仓
Spyder,OPU2602060000033,OPU2602060000033,采购入库,6942133551735,20,0,0,262SOX23KMN98,短袖POLO衫,炭黑色,,2026-02-06 17:11:02,,待收货,待收货,,,,合肥仓
Spyder,OPU2602060000033,OPU2602060000033,采购入库,6942133551735,20,0,0,262SOX23KMN98,短袖POLO衫,炭黑色,,2026-02-06 17:11:02,,待收货,待收货,,,,合肥仓
Spyder,OPU2602060000033,OPU2602060000033,采购入库,6942133551735,20,0,0,262SOX23KMN98,短袖POLO衫,炭黑色,,2026-02-06 17:11:02,,待收货,待收货,,,,合肥仓
Spyder,OPU2602060000033,OPU2602060000033,采购入库,6942133551735,20,0,0,262SOX23KMN98,短袖POLO衫,炭黑色,,2026-02-06 17:11:02,,待收货,待收货,,,,合肥仓
Spyder,OPU2602060000033,OPU2602060000033,采购入库,6942133551735,20,0,0,262SOX23KMN98,短袖POLO衫,炭黑色,,2026-02-06 17:11:02,,待收货,待收货,,,,合肥仓
Spyder,OPU2602060000033,OPU2602060000033,采购入库,6942133551735,20,0,0,262SOX23KMN98,短袖POLO衫,炭黑色,,2026-02-06 17:11:02,,待收货,待收货,,,,合肥仓
Spyder,OPU2602060000033,OPU2602060000033,采购入库,6942133551735,20,0,0,262SOX23KMN98,短袖POLO衫,炭黑色,,2026-02-06 17:11:02,,待收货,待收货,,,,合肥仓
Spyder,OPU2602060000033,OPU2602060000033,采购入库,6942133551735,20,0,0,262SOX23KMN98,短袖POLO衫,炭黑色,,2026-02-06 17:11:02,,待收货,待收货,,,,合肥仓
Spyder,OPU2602060000033,OPU2602060000033,采购入库,6942133551735,20,0,0,262SOX23KMN98,短袖POLO衫,炭黑色,,2026-02-06 17:11:02,,待收货,待收货,,,,合肥仓
Spyder,OPU2602060000033,OPU2602060000033,采购入库,6942133551735,20,0,0,262SOX23KMN98,短袖POLO衫,炭黑色,,2026-02-06 17:11:02,,待收货,待收货,,,,合肥仓
Spyder,OPU2602060000033,OPU2602060000033,采购入库,6942133551735,20,0,0,262SOX23KMN98,短袖POLO衫,炭黑色,,2026-02-06 17:11:02,,待收货,待收货,,,,合肥仓
Spyder,OPU2602060000033,OPU2602060000033,采购入库,6942133551735,20,0,0,262SOX23KMN98,短袖POLO衫,炭黑色,,2026-02-06 17:11:02,,待收货,待收货,,,,合肥仓
Spyder,OPU2602060000033,OPU2602060000033,采购入库,6942133551735,20,0,0,262SOX23KMN98,短袖POLO衫,炭黑色,,2026-02-06 17:11:02,,待收货,待收货,,,,合肥仓
Spyder,OPU2602060000033,OPU2602060000033,采购入库,6942133551735,20,0,0,262SOX23KMN98,短袖POLO衫,炭黑色,,2026-02-06 17:11:02,,待收货,待收货,,,,合肥仓
Spyder,OPU2602060000033,OPU2602060000033,采购入库,6942133551735,20,0,0,262SOX23KMN98,短袖POLO衫,炭黑色,,2026-02-06 17:11:02,,待收货,待收货,,,,合肥仓
Spyder,OPU2602060000033,OPU2602060000033,采购入库,6942133551735,20,0,0,262SOX23KMN98,短袖POLO衫,炭黑色,,2026-02-06 17:11:02,,待收货,待收货,,,,合肥仓
Spyder,OPU2602060000033,OPU2602060000033,采购入库,6942133551735,20,0,0,262SOX23KMN98,短袖POLO衫,炭黑色,,2026-02-06 17:11:02,,待收货,待收货,,,,合肥仓
Spyder,OPU2602060000033,OPU2602060000033,采购入库,6942133551735,20,0,0,262SOX23KMN98,短袖POLO衫,炭黑色,,2026-02-06 17:11:02,,待收货,待收货,,,,合肥仓
Spyder,OPU2602060000033,OPU2602060000033,采购入库,6942133551735,20,0,0,262SOX23KMN98,短袖POLO衫,炭黑色,,2026-02-06 17:11:02,,待收货,待收货,,,,合肥仓
Spyder,OPU2602060000033,OPU2602060000033,采购入库,6942133551735,20,0,0,262SOX23KMN98,短袖POLO衫,炭黑色,,2026-02-06 17:11:02,,待收货,待收货,,,,合肥仓
Spyder,OPU2602060000033,OPU2602060000033,采购入库,6942133551735,20,0,0,262SOX23KMN98,短袖POLO衫,炭黑色,,2026-02-06 17:11:02,,待收货,待收货,,,,合肥仓
Spyder,OPU2602060000033,OPU2602060000033,采购入库,6942133551735,20,0,0,262SOX23KMN98,短袖POLO衫,炭黑色,,2026-02-06 17:11:02,,待收货,待收货,,,,合肥仓
Spyder,OPU2602060000033,OPU2602060000033,采购入库,6942133551735,20,0,0,262SOX23KMN98,短袖POLO衫,炭黑色,,2026-02-06 17:11:02,,待收货,待收货,,,,合肥仓
Spyder,OPU2602060000033,OPU2602060000033,采购入库,6942133551735,20,0,0,262SOX23KMN98,短袖POLO衫,炭黑色,,2026-02-06 17:11:02,,待收货,待收货,,,,合肥仓
Spyder,OPU2602060000033,OPU2602060000033,采购入库,6942133551735,20,0,0,262SOX23KMN98,短袖POLO衫,炭黑色,,2026-02-06 17:11:02,,待收货,待收货,,,,合肥仓
Spyder,OPU2602060000033,OPU2602060000033,采购入库,6942133551735,20,0,0,262SOX23KMN98,短袖POLO衫,炭黑色,,2026-02-06 17:11:02,,待收货,待收货,,,,合肥仓
Spyder,OPU2602060000033,OPU2602060000033,采购入库,6942133551735,20,0,0,262SOX23KMN98,短袖POLO衫,炭黑色,,2026-02-06 17:11:02,,待收货,待收货,,,,合肥仓
Spyder,OPU2602060000033,OPU2602060000033,采购入库,6942133551735,20,0,0,262SOX23KMN98,短袖POLO衫,炭黑色,,2026-02-06 17:11:02,,待收货,待收货,,,,合肥仓
Spyder,OPU2602060000033,OPU2602060000033,采购入库,6942133551735,20,0,0,262SOX23KMN98,短袖POLO衫,炭黑色,,2026-02-06 17:11:02,,待收货,待收货,,,,合肥仓
Spyder,OPU2602060000033,OPU2602060000033,采购入库,6942133551735,20,0,0,262SOX23KMN98,短袖POLO衫,炭黑色,,2026-02-06 17:11:02,,待收货,待收货,,,,合肥仓
Spyder,OPU2602060000033,OPU2602060000033,采购入库,6942133551735,20,0,0,262SOX23KMN98,短袖POLO衫,炭黑色,,2026-02-06 17:11:02,,待收货,待收货,,,,合肥仓
Spyder,OPU2602060000033,OPU2602060000033,采购入库,6942133551735,20,0,0,262SOX23KMN98,短袖POLO衫,炭黑色,,2026-02-06 17:11:02,,待收货,待收货,,,,合肥仓
Spyder,OPU2602060000033,OPU2602060000033,采购入库,6942133551735,20,0,0,262SOX23KMN98,短袖POLO衫,炭黑色,,2026-02-06 17:11:02,,待收货,待收货,,,,合肥仓
Spyder,OPU2602060000033,OPU2602060000033,采购入库,6942133551735,20,0,0,262SOX23KMN98,短袖POLO衫,炭黑色,,2026-02-06 17:11:02,,待收货,待收货,,,,合肥仓
Spyder,OPU2602060000033,OPU2602060000033,采购入库,6942133551735,20,0,0,262SOX23KMN98,短袖POLO衫,炭黑色,,2026-02-06 17:11:02,,待收货,待收货,,,,合肥仓
Spyder,OPU2602060000033,OPU2602060000033,采购入库,6942133551735,20,0,0,262SOX23KMN98,短袖POLO衫,炭黑色,,2026-02-06 17:11:02,,待收货,待收货,,,,合肥仓
Spyder,OPU2602060000033,OPU2602060000033,采购入库,6942133551735,20,0,0,262SOX23KMN98,短袖POLO衫,炭黑色,,2026-02-06 17:11:02,,待收货,待收货,,,,合肥仓
Spyder,OPU2602060000033,OPU2602060000033,采购入库,6942133551735,20,0,0,262SOX23KMN98,短袖POLO衫,炭黑色,,2026-02-06 17:11:02,,待收货,待收货,,,,合肥仓
Spyder,OPU2602060000033,OPU2602060000033,采购入库,6942133551735,20,0,0,262SOX23KMN98,短袖POLO衫,炭黑色,,2026-02-06 17:11:02,,待收货,待收货,,,,合肥仓
Spyder,OPU2602060000033,OPU2602060000033,采购入库,6942133551735,20,0,0,262SOX23KMN98,短袖POLO衫,炭黑色,,2026-02-06 17:11:02,,待收货,待收货,,,,合肥仓
Spyder,OPU2602060000033,OPU2602060000033,采购入库,6942133551735,20,0,0,262SOX23KMN98,短袖POLO衫,炭黑色,,2026-02-06 17:11:02,,待收货,待收货,,,,合肥仓
Spyder,OPU2602060000033,OPU2602060000033,采购入库,6942133551735,20,0,0,262SOX23KMN98,短袖POLO衫,炭黑色,,2026-02-06 17:11:02,,待收货,待收货,,,,合肥仓
Spyder,OPU2602060000033,OPU2602060000033,采购入库,6942133551735,20,0,0,262SOX23KMN98,短袖POLO衫,炭黑色,,2026-02-06 17:11:02,,待收货,待收货,,,,合肥仓
Spyder,OPU2602060000033,OPU2602060000033,采购入库,6942133551735,20,0,0,262SOX23KMN98,短袖POLO衫,炭黑色,,2026-02-06 17:11:02,,待收货,待收货,,,,合肥仓
Spyder,OPU2602060000033,OPU2602060000033,采购入库,6942133551735,20,0,0,262SOX23KMN98,短袖POLO衫,炭黑色,,2026-02-06 17:11:02,,待收货,待收货,,,,合肥仓
Spyder,OPU2602060000033,OPU2602060000033,采购入库,6942133551735,20,0,0,262SOX23KMN98,短袖POLO衫,炭黑色,,2026-02-06 17:11:02,,待收货,待收货,,,,合肥仓
Spyder,OPU2602060000033,OPU2602060000033,采购入库,6942133551735,20,0,0,262SOX23KMN98,短袖POLO衫,炭黑色,,2026-02-06 17:11:02,,待收货,待收货,,,,合肥仓
Spyder,OPU2602060000033,OPU2602060000033,采购入库,6942133551735,20,0,0,262SOX23KMN98,短袖POLO衫,炭黑色,,2026-02-06 17:11:02,,待收货,待收货,,,,合肥仓
Spyder,OPU2602060000033,OPU2602060000033,采购入库,6942133551735,20,0,0,262SOX23KMN98,短袖POLO衫,炭黑色,,2026-02-06 17:11:02,,待收货,待收货,,,,合肥仓
Spyder,OPU2602060000033,OPU2602060000033,采购入库,6942133551735,20,0,0,262SOX23KMN98,短袖POLO衫,炭黑色,,2026-02-06 17:11:02,,待收货,待收货,,,,合肥仓
Spyder,OPU2602060000033,OPU2602060000033,采购入库,6942133551735,20,0,0,262SOX23KMN98,短袖POLO衫,炭黑色,,2026-02-06 17:11:02,,待收货,待收货,,,,合肥仓
Spyder,OPU2602060000033,OPU2602060000033,采购入库,6942133551735,20,0,0,262SOX23KMN98,短袖POLO衫,炭黑色,,2026-02-06 17:11:02,,待收货,待收货,,,,合肥仓
Spyder,OPU2602060000033,OPU2602060000033,采购入库,6942133551735,20,0,0,262SOX23KMN98,短袖POLO衫,炭黑色,,2026-02-06 17:11:02,,待收货,待收货,,,,合肥仓
Spyder,OPU2602060000033,OPU2602060000033,采购入库,6942133551735,20,0,0,262SOX23KMN98,短袖POLO衫,炭黑色,,2026-02-06 17:11:02,,待收货,待收货,,,,合肥仓
Spyder,OPU2602060000033,OPU2602060000033,采购入库,6942133551735,20,0,0,262SOX23KMN98,短袖POLO衫,炭黑色,,2026-02-06 17:11:02,,待收货,待收货,,,,合肥仓
Spyder,OPU2602060000033,OPU2602060000033,采购入库,6942133551735,20,0,0,262SOX23KMN98,短袖POLO衫,炭黑色,,2026-02-06 17:11:02,,待收货,待收货,,,,合肥仓
Spyder,OPU2602060000033,OPU2602060000033,采购入库,6942133551735,20,0,0,262SOX23KMN98,短袖POLO衫,炭黑色,,2026-02-06 17:11:02,,待收货,待收货,,,,合肥仓
Spyder,OPU2602060000033,OPU2602060000033,采购入库,6942133551735,20,0,0,262SOX23KMN98,短袖POLO衫,炭黑色,,2026-02-06 17:11:02,,待收货,待收货,,,,合肥仓
Spyder,OPU2602060000033,OPU2602060000033,采购入库,6942133551735,20,0,0,262SOX23KMN98,短袖POLO衫,炭黑色,,2026-02-06 17:11:02,,待收货,待收货,,,,合肥仓
Spyder,OPU2602060000033,OPU2602060000033,采购入库,6942133551735,20,0,0,262SOX23KMN98,短袖POLO衫,炭黑色,,2026-02-06 17:11:02,,待收货,待收货,,,,合肥仓
Spyder,OPU2602060000033,OPU2602060000033,采购入库,6942133551735,20,0,0,262SOX23KMN98,短袖POLO衫,炭黑色,,2026-02-06 17:11:02,,待收货,待收货,,,,合肥仓
Spyder,OPU2602060000033,OPU2602060000033,采购入库,6942133551735,20,0,0,262SOX23KMN98,短袖POLO衫,炭黑色,,2026-02-06 17:11:02,,待收货,待收货,,,,合肥仓
Spyder,OPU2602060000033,OPU2602060000033,采购入库,6942133551735,20,0,0,262SOX23KMN98,短袖POLO衫,炭黑色,,2026-02-06 17:11:02,,待收货,待收货,,,,合肥仓
Spyder,OPU2602060000033,OPU2602060000033,采购入库,6942133551735,20,0,0,262SOX23KMN98,短袖POLO衫,炭黑色,,2026-02-06 17:11:02,,待收货,待收货,,,,合肥仓
Spyder,OPU2602060000033,OPU2602060000033,采购入库,6942133551735,20,0,0,262SOX23KMN98,短袖POLO衫,炭黑色,,2026-02-06 17:11:02,,待收货,待收货,,,,合肥仓
Spyder,OPU2602060000033,OPU2602060000033,采购入库,6942133551735,20,0,0,262SOX23KMN98,短袖POLO衫,炭黑色,,2026-02-06 17:11:02,,待收货,待收货,,,,合肥仓
Spyder,OPU2602060000033,OPU2602060000033,采购入库,6942133551735,20,0,0,262SOX23KMN98,短袖POLO衫,炭黑色,,2026-02-06 17:11:02,,待收货,待收货,,,,合肥仓
Spyder,OPU2602060000033,OPU2602060000033,采购入库,6942133551735,20,0,0,262SOX23KMN98,短袖POLO衫,炭黑色,,2026-02-06 17:11:02,,待收货,待收货,,,,合肥仓
Spyder,OPU2602060000033,OPU2602060000033,采购入库,6942133551735,20,0,0,262SOX23KMN98,短袖POLO衫,炭黑色,,2026-02-06 17:11:02,,待收货,待收货,,,,合肥仓
Spyder,OPU2602060000033,OPU2602060000033,采购入库,6942133551766,20,0,0,262SOX23KMN09,短袖POLO衫,科技灰,,2026-02-06 17:11:02,,待收货,待收货,,,,合肥仓
Spyder,OPU2602060000033,OPU2602060000033,采购入库,6942133551766,20,0,0,262SOX23KMN09,短袖POLO衫,科技灰,,2026-02-06 17:11:02,,待收货,待收货,,,,合肥仓
Spyder,OPU2602060000033,OPU2602060000033,采购入库,6942133551766,20,0,0,262SOX23KMN09,短袖POLO衫,科技灰,,2026-02-06 17:11:02,,待收货,待收货,,,,合肥仓
Spyder,OPU2602060000033,OPU2602060000033,采购入库,6942133551766,20,0,0,262SOX23KMN09,短袖POLO衫,科技灰,,2026-02-06 17:11:02,,待收货,待收货,,,,合肥仓
Spyder,OPU2602060000033,OPU2602060000033,采购入库,6942133551766,20,0,0,262SOX23KMN09,短袖POLO衫,科技灰,,2026-02-06 17:11:02,,待收货,待收货,,,,合肥仓
Spyder,OPU2602060000033,OPU2602060000033,采购入库,6942133551766,20,0,0,262SOX23KMN09,短袖POLO衫,科技灰,,2026-02-06 17:11:02,,待收货,待收货,,,,合肥仓
Spyder,OPU2602060000033,OPU2602060000033,采购入库,6942133551766,20,0,0,262SOX23KMN09,短袖POLO衫,科技灰,,2026-02-06 17:11:02,,待收货,待收货,,,,合肥仓
Spyder,OPU2602060000033,OPU2602060000033,采购入库,6942133551766,20,0,0,262SOX23KMN09,短袖POLO衫,科技灰,,2026-02-06 17:11:02,,待收货,待收货,,,,合肥仓
Spyder,OPU2602060000033,OPU2602060000033,采购入库,6942133551766,20,0,0,262SOX23KMN09,短袖POLO衫,科技灰,,2026-02-06 17:11:02,,待收货,待收货,,,,合肥仓
Spyder,OPU2602060000033,OPU2602060000033,采购入库,6942133551766,20,0,0,262SOX23KMN09,短袖POLO衫,科技灰,,2026-02-06 17:11:02,,待收货,待收货,,,,合肥仓
Spyder,OPU2602060000033,OPU2602060000033,采购入库,6942133551766,20,0,0,262SOX23KMN09,短袖POLO衫,科技灰,,2026-02-06 17:11:02,,待收货,待收货,,,,合肥仓
Spyder,OPU2602060000033,OPU2602060000033,采购入库,6942133551766,20,0,0,262SOX23KMN09,短袖POLO衫,科技灰,,2026-02-06 17:11:02,,待收货,待收货,,,,合肥仓
Spyder,OPU2602060000033,OPU2602060000033,采购入库,6942133551766,20,0,0,262SOX23KMN09,短袖POLO衫,科技灰,,2026-02-06 17:11:02,,待收货,待收货,,,,合肥仓
Spyder,OPU2602060000033,OPU2602060000033,采购入库,6942133551766,20,0,0,262SOX23KMN09,短袖POLO衫,科技灰,,2026-02-06 17:11:02,,待收货,待收货,,,,合肥仓
Spyder,OPU2602060000033,OPU2602060000033,采购入库,6942133551766,20,0,0,262SOX23KMN09,短袖POLO衫,科技灰,,2026-02-06 17:11:02,,待收货,待收货,,,,合肥仓
Spyder,OPU2602060000033,OPU2602060000033,采购入库,6942133551766,20,0,0,262SOX23KMN09,短袖POLO衫,科技灰,,2026-02-06 17:11:02,,待收货,待收货,,,,合肥仓
Spyder,OPU2602060000033,OPU2602060000033,采购入库,6942133551766,20,0,0,262SOX23KMN09,短袖POLO衫,科技灰,,2026-02-06 17:11:02,,待收货,待收货,,,,合肥仓
Spyder,OPU2602060000033,OPU2602060000033,采购入库,6942133551766,20,0,0,262SOX23KMN09,短袖POLO衫,科技灰,,2026-02-06 17:11:02,,待收货,待收货,,,,合肥仓
Spyder,OPU2602060000033,OPU2602060000033,采购入库,6942133551766,20,0,0,262SOX23KMN09,短袖POLO衫,科技灰,,2026-02-06 17:11:02,,待收货,待收货,,,,合肥仓
Spyder,OPU2602060000033,OPU2602060000033,采购入库,6942133551766,20,0,0,262SOX23KMN09,短袖POLO衫,科技灰,,2026-02-06 17:11:02,,待收货,待收货,,,,合肥仓
Spyder,OPU2602060000033,OPU2602060000033,采购入库,6942133551766,20,0,0,262SOX23KMN09,短袖POLO衫,科技灰,,2026-02-06 17:11:02,,待收货,待收货,,,,合肥仓
Spyder,OPU2602060000033,OPU2602060000033,采购入库,6942133551766,20,0,0,262SOX23KMN09,短袖POLO衫,科技灰,,2026-02-06 17:11:02,,待收货,待收货,,,,合肥仓
Spyder,OPU2602060000033,OPU2602060000033,采购入库,6942133551766,20,0,0,262SOX23KMN09,短袖POLO衫,科技灰,,2026-02-06 17:11:02,,待收货,待收货,,,,合肥仓
Spyder,OPU2602060000033,OPU2602060000033,采购入库,6942133551766,20,0,0,262SOX23KMN09,短袖POLO衫,科技灰,,2026-02-06 17:11:02,,待收货,待收货,,,,合肥仓
Spyder,OPU2602060000033,OPU2602060000033,采购入库,6942133551766,20,0,0,262SOX23KMN09,短袖POLO衫,科技灰,,2026-02-06 17:11:02,,待收货,待收货,,,,合肥仓
Spyder,OPU2602060000033,OPU2602060000033,采购入库,6942133551766,20,0,0,262SOX23KMN09,短袖POLO衫,科技灰,,2026-02-06 17:11:02,,待收货,待收货,,,,合肥仓
Spyder,OPU2602060000033,OPU2602060000033,采购入库,6942133551766,20,0,0,262SOX23KMN09,短袖POLO衫,科技灰,,2026-02-06 17:11:02,,待收货,待收货,,,,合肥仓
Spyder,OPU2602060000033,OPU2602060000033,采购入库,6942133551766,20,0,0,262SOX23KMN09,短袖POLO衫,科技灰,,2026-02-06 17:11:02,,待收货,待收货,,,,合肥仓
Spyder,OPU2602060000033,OPU2602060000033,采购入库,6942133551766,20,0,0,262SOX23KMN09,短袖POLO衫,科技灰,,2026-02-06 17:11:02,,待收货,待收货,,,,合肥仓
Spyder,OPU2602060000033,OPU2602060000033,采购入库,6942133551766,20,0,0,262SOX23KMN09,短袖POLO衫,科技灰,,2026-02-06 17:11:02,,待收货,待收货,,,,合肥仓
Spyder,OPU2602060000033,OPU2602060000033,采购入库,6942133551766,20,0,0,262SOX23KMN09,短袖POLO衫,科技灰,,2026-02-06 17:11:02,,待收货,待收货,,,,合肥仓
Spyder,OPU2602060000033,OPU2602060000033,采购入库,6942133551766,20,0,0,262SOX23KMN09,短袖POLO衫,科技灰,,2026-02-06 17:11:02,,待收货,待收货,,,,合肥仓
Spyder,OPU2602060000033,OPU2602060000033,采购入库,6942133551766,20,0,0,262SOX23KMN09,短袖POLO衫,科技灰,,2026-02-06 17:11:02,,待收货,待收货,,,,合肥仓
Spyder,OPU2602060000033,OPU2602060000033,采购入库,6942133551766,20,0,0,262SOX23KMN09,短袖POLO衫,科技灰,,2026-02-06 17:11:02,,待收货,待收货,,,,合肥仓
Spyder,OPU2602060000033,OPU2602060000033,采购入库,6942133551766,20,0,0,262SOX23KMN09,短袖POLO衫,科技灰,,2026-02-06 17:11:02,,待收货,待收货,,,,合肥仓
Spyder,OPU2602060000033,OPU2602060000033,采购入库,6942133551766,20,0,0,262SOX23KMN09,短袖POLO衫,科技灰,,2026-02-06 17:11:02,,待收货,待收货,,,,合肥仓
Spyder,OPU2602060000033,OPU2602060000033,采购入库,6942133551766,20,0,0,262SOX23KMN09,短袖POLO衫,科技灰,,2026-02-06 17:11:02,,待收货,待收货,,,,合肥仓
Spyder,OPU2602060000033,OPU2602060000033,采购入库,6942133551766,20,0,0,262SOX23KMN09,短袖POLO衫,科技灰,,2026-02-06 17:11:02,,待收货,待收货,,,,合肥仓
Spyder,OPU2602060000033,OPU2602060000033,采购入库,6942133551766,20,0,0,262SOX23KMN09,短袖POLO衫,科技灰,,2026-02-06 17:11:02,,待收货,待收货,,,,合肥仓
Spyder,OPU2602060000033,OPU2602060000033,采购入库,6942133551766,20,0,0,262SOX23KMN09,短袖POLO衫,科技灰,,2026-02-06 17:11:02,,待收货,待收货,,,,合肥仓
Spyder,OPU2602060000033,OPU2602060000033,采购入库,6942133551766,20,0,0,262SOX23KMN09,短袖POLO衫,科技灰,,2026-02-06 17:11:02,,待收货,待收货,,,,合肥仓
Spyder,OPU2602060000033,OPU2602060000033,采购入库,6942133551766,20,0,0,262SOX23KMN09,短袖POLO衫,科技灰,,2026-02-06 17:11:02,,待收货,待收货,,,,合肥仓
Spyder,OPU2602060000033,OPU2602060000033,采购入库,6942133551766,20,0,0,262SOX23KMN09,短袖POLO衫,科技灰,,2026-02-06 17:11:02,,待收货,待收货,,,,合肥仓
Spyder,OPU2602060000033,OPU2602060000033,采购入库,6942133551766,20,0,0,262SOX23KMN09,短袖POLO衫,科技灰,,2026-02-06 17:11:02,,待收货,待收货,,,,合肥仓
Spyder,OPU2602060000033,OPU2602060000033,采购入库,6942133551766,20,0,0,262SOX23KMN09,短袖POLO衫,科技灰,,2026-02-06 17:11:02,,待收货,待收货,,,,合肥仓
Spyder,OPU2602060000033,OPU2602060000033,采购入库,6942133551766,20,0,0,262SOX23KMN09,短袖POLO衫,科技灰,,2026-02-06 17:11:02,,待收货,待收货,,,,合肥仓
Spyder,OPU2602060000033,OPU2602060000033,采购入库,6942133551766,20,0,0,262SOX23KMN09,短袖POLO衫,科技灰,,2026-02-06 17:11:02,,待收货,待收货,,,,合肥仓
Spyder,OPU2602060000033,OPU2602060000033,采购入库,6942133551766,20,0,0,262SOX23KMN09,短袖POLO衫,科技灰,,2026-02-06 17:11:02,,待收货,待收货,,,,合肥仓
Spyder,OPU2602060000033,OPU2602060000033,采购入库,6942133551766,20,0,0,262SOX23KMN09,短袖POLO衫,科技灰,,2026-02-06 17:11:02,,待收货,待收货,,,,合肥仓
Spyder,OPU2602060000033,OPU2602060000033,采购入库,6942133551766,20,0,0,262SOX23KMN09,短袖POLO衫,科技灰,,2026-02-06 17:11:02,,待收货,待收货,,,,合肥仓
Spyder,OPU2602060000033,OPU2602060000033,采购入库,6942133551766,20,0,0,262SOX23KMN09,短袖POLO衫,科技灰,,2026-02-06 17:11:02,,待收货,待收货,,,,合肥仓
Spyder,OPU2602060000033,OPU2602060000033,采购入库,6942133551766,20,0,0,262SOX23KMN09,短袖POLO衫,科技灰,,2026-02-06 17:11:02,,待收货,待收货,,,,合肥仓
Spyder,OPU2602060000033,OPU2602060000033,采购入库,6942133551766,20,0,0,262SOX23KMN09,短袖POLO衫,科技灰,,2026-02-06 17:11:02,,待收货,待收货,,,,合肥仓
Spyder,OPU2602060000033,OPU2602060000033,采购入库,6942133551766,20,0,0,262SOX23KMN09,短袖POLO衫,科技灰,,2026-02-06 17:11:02,,待收货,待收货,,,,合肥仓
Spyder,OPU2602060000033,OPU2602060000033,采购入库,6942133551766,20,0,0,262SOX23KMN09,短袖POLO衫,科技灰,,2026-02-06 17:11:02,,待收货,待收货,,,,合肥仓
Spyder,OPU2602060000033,OPU2602060000033,采购入库,6942133551766,20,0,0,262SOX23KMN09,短袖POLO衫,科技灰,,2026-02-06 17:11:02,,待收货,待收货,,,,合肥仓
Spyder,OPU2602060000033,OPU2602060000033,采购入库,6942133551766,20,0,0,262SOX23KMN09,短袖POLO衫,科技灰,,2026-02-06 17:11:02,,待收货,待收货,,,,合肥仓
Spyder,OPU2602060000033,OPU2602060000033,采购入库,6942133551766,20,0,0,262SOX23KMN09,短袖POLO衫,科技灰,,2026-02-06 17:11:02,,待收货,待收货,,,,合肥仓
Spyder,OPU2602060000033,OPU2602060000033,采购入库,6942133551766,20,0,0,262SOX23KMN09,短袖POLO衫,科技灰,,2026-02-06 17:11:02,,待收货,待收货,,,,合肥仓
Spyder,OPU2602060000033,OPU2602060000033,采购入库,6942133551766,20,0,0,262SOX23KMN09,短袖POLO衫,科技灰,,2026-02-06 17:11:02,,待收货,待收货,,,,合肥仓
Spyder,OPU2602060000033,OPU2602060000033,采购入库,6942133551766,20,0,0,262SOX23KMN09,短袖POLO衫,科技灰,,2026-02-06 17:11:02,,待收货,待收货,,,,合肥仓
Spyder,OPU2602060000033,OPU2602060000033,采购入库,6942133551766,20,0,0,262SOX23KMN09,短袖POLO衫,科技灰,,2026-02-06 17:11:02,,待收货,待收货,,,,合肥仓
Spyder,OPU2602060000033,OPU2602060000033,采购入库,6942133551766,20,0,0,262SOX23KMN09,短袖POLO衫,科技灰,,2026-02-06 17:11:02,,待收货,待收货,,,,合肥仓
Spyder,OPU2602060000033,OPU2602060000033,采购入库,6942133551766,20,0,0,262SOX23KMN09,短袖POLO衫,科技灰,,2026-02-06 17:11:02,,待收货,待收货,,,,合肥仓
Spyder,OPU2602060000033,OPU2602060000033,采购入库,6942133551766,20,0,0,262SOX23KMN09,短袖POLO衫,科技灰,,2026-02-06 17:11:02,,待收货,待收货,,,,合肥仓
Spyder,OPU2602060000033,OPU2602060000033,采购入库,6942133551766,20,0,0,262SOX23KMN09,短袖POLO衫,科技灰,,2026-02-06 17:11:02,,待收货,待收货,,,,合肥仓
Spyder,OPU2602060000033,OPU2602060000033,采购入库,6942133551766,20,0,0,262SOX23KMN09,短袖POLO衫,科技灰,,2026-02-06 17:11:02,,待收货,待收货,,,,合肥仓
Spyder,OPU2602060000033,OPU2602060000033,采购入库,6942133551766,20,0,0,262SOX23KMN09,短袖POLO衫,科技灰,,2026-02-06 17:11:02,,待收货,待收货,,,,合肥仓
Spyder,OPU2602060000033,OPU2602060000033,采购入库,6942133551766,20,0,0,262SOX23KMN09,短袖POLO衫,科技灰,,2026-02-06 17:11:02,,待收货,待收货,,,,合肥仓
Spyder,OPU2602060000033,OPU2602060000033,采购入库,6942133551766,20,0,0,262SOX23KMN09,短袖POLO衫,科技灰,,2026-02-06 17:11:02,,待收货,待收货,,,,合肥仓
Spyder,OPU2602060000033,OPU2602060000033,采购入库,6942133551766,20,0,0,262SOX23KMN09,短袖POLO衫,科技灰,,2026-02-06 17:11:02,,待收货,待收货,,,,合肥仓
Spyder,OPU2602060000033,OPU2602060000033,采购入库,6942133551766,20,0,0,262SOX23KMN09,短袖POLO衫,科技灰,,2026-02-06 17:11:02,,待收货,待收货,,,,合肥仓
Spyder,OPU2602060000033,OPU2602060000033,采购入库,6942133551766,20,0,0,262SOX23KMN09,短袖POLO衫,科技灰,,2026-02-06 17:11:02,,待收货,待收货,,,,合肥仓
Spyder,OPU2602060000033,OPU2602060000033,采购入库,6942133551766,20,0,0,262SOX23KMN09,短袖POLO衫,科技灰,,2026-02-06 17:11:02,,待收货,待收货,,,,合肥仓
Spyder,OPU2602060000033,OPU2602060000033,采购入库,6942133551735,20,0,0,262SOX23KMN98,短袖POLO衫,炭黑色,,2026-02-06 17:11:02,,待收货,待收货,,,,合肥仓
Spyder,OPU2602060000033,OPU2602060000033,采购入库,6942133551735,20,0,0,262SOX23KMN98,短袖POLO衫,炭黑色,,2026-02-06 17:11:02,,待收货,待收货,,,,合肥仓
Spyder,OPU2602060000033,OPU2602060000033,采购入库,6942133551735,20,0,0,262SOX23KMN98,短袖POLO衫,炭黑色,,2026-02-06 17:11:02,,待收货,待收货,,,,合肥仓
Spyder,OPU2602060000033,OPU2602060000033,采购入库,6942133551735,20,0,0,262SOX23KMN98,短袖POLO衫,炭黑色,,2026-02-06 17:11:02,,待收货,待收货,,,,合肥仓
Spyder,OPU2602060000033,OPU2602060000033,采购入库,6942133551735,20,0,0,262SOX23KMN98,短袖POLO衫,炭黑色,,2026-02-06 17:11:02,,待收货,待收货,,,,合肥仓
Spyder,OPU2602060000033,OPU2602060000033,采购入库,6942133551735,20,0,0,262SOX23KMN98,短袖POLO衫,炭黑色,,2026-02-06 17:11:02,,待收货,待收货,,,,合肥仓
Spyder,OPU2602060000033,OPU2602060000033,采购入库,6942133551735,20,0,0,262SOX23KMN98,短袖POLO衫,炭黑色,,2026-02-06 17:11:02,,待收货,待收货,,,,合肥仓
Spyder,OPU2602060000033,OPU2602060000033,采购入库,6942133551735,20,0,0,262SOX23KMN98,短袖POLO衫,炭黑色,,2026-02-06 17:11:02,,待收货,待收货,,,,合肥仓
Spyder,OPU2602060000033,OPU2602060000033,采购入库,6942133551735,20,0,0,262SOX23KMN98,短袖POLO衫,炭黑色,,2026-02-06 17:11:02,,待收货,待收货,,,,合肥仓
Spyder,OPU2602060000033,OPU2602060000033,采购入库,6942133551735,20,0,0,262SOX23KMN98,短袖POLO衫,炭黑色,,2026-02-06 17:11:02,,待收货,待收货,,,,合肥仓
Spyder,OPU2602060000033,OPU2602060000033,采购入库,6942133551735,20,0,0,262SOX23KMN98,短袖POLO衫,炭黑色,,2026-02-06 17:11:02,,待收货,待收货,,,,合肥仓
Spyder,OPU2602060000033,OPU2602060000033,采购入库,6942133551735,20,0,0,262SOX23KMN98,短袖POLO衫,炭黑色,,2026-02-06 17:11:02,,待收货,待收货,,,,合肥仓
Spyder,OPU2602060000033,OPU2602060000033,采购入库,6942133551735,20,0,0,262SOX23KMN98,短袖POLO衫,炭黑色,,2026-02-06 17:11:02,,待收货,待收货,,,,合肥仓
Spyder,OPU2602060000033,OPU2602060000033,采购入库,6942133551735,20,0,0,262SOX23KMN98,短袖POLO衫,炭黑色,,2026-02-06 17:11:02,,待收货,待收货,,,,合肥仓
Spyder,OPU2602060000033,OPU2602060000033,采购入库,6942133551735,20,0,0,262SOX23KMN98,短袖POLO衫,炭黑色,,2026-02-06 17:11:02,,待收货,待收货,,,,合肥仓
Spyder,OPU2602060000033,OPU2602060000033,采购入库,6942133551735,20,0,0,262SOX23KMN98,短袖POLO衫,炭黑色,,2026-02-06 17:11:02,,待收货,待收货,,,,合肥仓
Spyder,OPU2602060000033,OPU2602060000033,采购入库,6942133551735,20,0,0,262SOX23KMN98,短袖POLO衫,炭黑色,,2026-02-06 17:11:02,,待收货,待收货,,,,合肥仓
Spyder,OPU2602060000033,OPU2602060000033,采购入库,6942133551735,20,0,0,262SOX23KMN98,短袖POLO衫,炭黑色,,2026-02-06 17:11:02,,待收货,待收货,,,,合肥仓
Spyder,OPU2602060000033,OPU2602060000033,采购入库,6942133551735,20,0,0,262SOX23KMN98,短袖POLO衫,炭黑色,,2026-02-06 17:11:02,,待收货,待收货,,,,合肥仓
Spyder,OPU2602060000033,OPU2602060000033,采购入库,6942133551735,20,0,0,262SOX23KMN98,短袖POLO衫,炭黑色,,2026-02-06 17:11:02,,待收货,待收货,,,,合肥仓
Spyder,OPU2602060000033,OPU2602060000033,采购入库,6942133551735,20,0,0,262SOX23KMN98,短袖POLO衫,炭黑色,,2026-02-06 17:11:02,,待收货,待收货,,,,合肥仓
Spyder,OPU2602060000033,OPU2602060000033,采购入库,6942133551735,20,0,0,262SOX23KMN98,短袖POLO衫,炭黑色,,2026-02-06 17:11:02,,待收货,待收货,,,,合肥仓
Spyder,OPU2602060000033,OPU2602060000033,采购入库,6942133551735,20,0,0,262SOX23KMN98,短袖POLO衫,炭黑色,,2026-02-06 17:11:02,,待收货,待收货,,,,合肥仓
Spyder,OPU2602060000033,OPU2602060000033,采购入库,6942133551735,20,0,0,262SOX23KMN98,短袖POLO衫,炭黑色,,2026-02-06 17:11:02,,待收货,待收货,,,,合肥仓
Spyder,OPU2602060000033,OPU2602060000033,采购入库,6942133551735,20,0,0,262SOX23KMN98,短袖POLO衫,炭黑色,,2026-02-06 17:11:02,,待收货,待收货,,,,合肥仓
Spyder,OPU2602060000033,OPU2602060000033,采购入库,6942133551735,20,0,0,262SOX23KMN98,短袖POLO衫,炭黑色,,2026-02-06 17:11:02,,待收货,待收货,,,,合肥仓
Spyder,OPU2602060000033,OPU2602060000033,采购入库,6942133551735,20,0,0,262SOX23KMN98,短袖POLO衫,炭黑色,,2026-02-06 17:11:02,,待收货,待收货,,,,合肥仓
Spyder,OPU2602060000033,OPU2602060000033,采购入库,6942133551735,20,0,0,262SOX23KMN98,短袖POLO衫,炭黑色,,2026-02-06 17:11:02,,待收货,待收货,,,,合肥仓
Spyder,OPU2602060000033,OPU2602060000033,采购入库,6942133551735,20,0,0,262SOX23KMN98,短袖POLO衫,炭黑色,,2026-02-06 17:11:02,,待收货,待收货,,,,合肥仓
Spyder,OPU2602060000033,OPU2602060000033,采购入库,6942133551735,20,0,0,262SOX23KMN98,短袖POLO衫,炭黑色,,2026-02-06 17:11:02,,待收货,待收货,,,,合肥仓
Spyder,OPU2602060000033,OPU2602060000033,采购入库,6942133551735,20,0,0,262SOX23KMN98,短袖POLO衫,炭黑色,,2026-02-06 17:11:02,,待收货,待收货,,,,合肥仓
Spyder,OPU2602060000033,OPU2602060000033,采购入库,6942133551735,20,0,0,262SOX23KMN98,短袖POLO衫,炭黑色,,2026-02-06 17:11:02,,待收货,待收货,,,,合肥仓
Spyder,OPU2602060000033,OPU2602060000033,采购入库,6942133551735,20,0,0,262SOX23KMN98,短袖POLO衫,炭黑色,,2026-02-06 17:11:02,,待收货,待收货,,,,合肥仓
Spyder,OPU2602060000033,OPU2602060000033,采购入库,6942133551735,20,0,0,262SOX23KMN98,短袖POLO衫,炭黑色,,2026-02-06 17:11:02,,待收货,待收货,,,,合肥仓
Spyder,OPU2602060000033,OPU2602060000033,采购入库,6942133551735,20,0,0,262SOX23KMN98,短袖POLO衫,炭黑色,,2026-02-06 17:11:02,,待收货,待收货,,,,合肥仓
Spyder,OPU2602060000033,OPU2602060000033,采购入库,6942133551735,20,0,0,262SOX23KMN98,短袖POLO衫,炭黑色,,2026-02-06 17:11:02,,待收货,待收货,,,,合肥仓
Spyder,OPU2602060000033,OPU2602060000033,采购入库,6942133551735,20,0,0,262SOX23KMN98,短袖POLO衫,炭黑色,,2026-02-06 17:11:02,,待收货,待收货,,,,合肥仓
Spyder,OPU2602060000033,OPU2602060000033,采购入库,6942133551735,20,0,0,262SOX23KMN98,短袖POLO衫,炭黑色,,2026-02-06 17:11:02,,待收货,待收货,,,,合肥仓
Spyder,OPU2602060000033,OPU2602060000033,采购入库,6942133551735,20,0,0,262SOX23KMN98,短袖POLO衫,炭黑色,,2026-02-06 17:11:02,,待收货,待收货,,,,合肥仓
Spyder,OPU2602060000033,OPU2602060000033,采购入库,6942133551735,20,0,0,262SOX23KMN98,短袖POLO衫,炭黑色,,2026-02-06 17:11:02,,待收货,待收货,,,,合肥仓
Spyder,OPU2602060000033,OPU2602060000033,采购入库,6942133551735,20,0,0,262SOX23KMN98,短袖POLO衫,炭黑色,,2026-02-06 17:11:02,,待收货,待收货,,,,合肥仓
Spyder,OPU2602060000033,OPU2602060000033,采购入库,6942133551735,20,0,0,262SOX23KMN98,短袖POLO衫,炭黑色,,2026-02-06 17:11:02,,待收货,待收货,,,,合肥仓
Spyder,OPU2602060000033,OPU2602060000033,采购入库,6942133551735,20,0,0,262SOX23KMN98,短袖POLO衫,炭黑色,,2026-02-06 17:11:02,,待收货,待收货,,,,合肥仓
Spyder,OPU2602060000033,OPU2602060000033,采购入库,6942133551735,20,0,0,262SOX23KMN98,短袖POLO衫,炭黑色,,2026-02-06 17:11:02,,待收货,待收货,,,,合肥仓
Spyder,OPU2602060000033,OPU2602060000033,采购入库,6942133551735,20,0,0,262SOX23KMN98,短袖POLO衫,炭黑色,,2026-02-06 17:11:02,,待收货,待收货,,,,合肥仓
Spyder,OPU2602060000033,OPU2602060000033,采购入库,6942133551735,20,0,0,262SOX23KMN98,短袖POLO衫,炭黑色,,2026-02-06 17:11:02,,待收货,待收货,,,,合肥仓
Spyder,OPU2602060000033,OPU2602060000033,采购入库,6942133551735,20,0,0,262SOX23KMN98,短袖POLO衫,炭黑色,,2026-02-06 17:11:02,,待收货,待收货,,,,合肥仓
Spyder,OPU2602060000033,OPU2602060000033,采购入库,6942133551735,20,0,0,262SOX23KMN98,短袖POLO衫,炭黑色,,2026-02-06 17:11:02,,待收货,待收货,,,,合肥仓
Spyder,OPU2602060000033,OPU2602060000033,采购入库,6942133551735,20,0,0,262SOX23KMN98,短袖POLO衫,炭黑色,,2026-02-06 17:11:02,,待收货,待收货,,,,合肥仓
Spyder,OPU2602060000033,OPU2602060000033,采购入库,6942133551735,20,0,0,262SOX23KMN98,短袖POLO衫,炭黑色,,2026-02-06 17:11:02,,待收货,待收货,,,,合肥仓
Spyder,OPU2602060000033,OPU2602060000033,采购入库,6942133551735,20,0,0,262SOX23KMN98,短袖POLO衫,炭黑色,,2026-02-06 17:11:02,,待收货,待收货,,,,合肥仓
Spyder,OPU2602060000033,OPU2602060000033,采购入库,6942133551735,20,0,0,262SOX23KMN98,短袖POLO衫,炭黑色,,2026-02-06 17:11:02,,待收货,待收货,,,,合肥仓
Spyder,OPU2602060000033,OPU2602060000033,采购入库,6942133551735,20,0,0,262SOX23KMN98,短袖POLO衫,炭黑色,,2026-02-06 17:11:02,,待收货,待收货,,,,合肥仓
Spyder,OPU2602060000033,OPU2602060000033,采购入库,6942133551735,20,0,0,262SOX23KMN98,短袖POLO衫,炭黑色,,2026-02-06 17:11:02,,待收货,待收货,,,,合肥仓
Spyder,OPU2602060000033,OPU2602060000033,采购入库,6942133551735,20,0,0,262SOX23KMN98,短袖POLO衫,炭黑色,,2026-02-06 17:11:02,,待收货,待收货,,,,合肥仓
Spyder,OPU2602060000033,OPU2602060000033,采购入库,6942133551735,20,0,0,262SOX23KMN98,短袖POLO衫,炭黑色,,2026-02-06 17:11:02,,待收货,待收货,,,,合肥仓
Spyder,OPU2602060000033,OPU2602060000033,采购入库,6942133551735,20,0,0,262SOX23KMN98,短袖POLO衫,炭黑色,,2026-02-06 17:11:02,,待收货,待收货,,,,合肥仓
Spyder,OPU2602060000033,OPU2602060000033,采购入库,6942133551735,20,0,0,262SOX23KMN98,短袖POLO衫,炭黑色,,2026-02-06 17:11:02,,待收货,待收货,,,,合肥仓
Spyder,OPU2602060000033,OPU2602060000033,采购入库,6942133551735,20,0,0,262SOX23KMN98,短袖POLO衫,炭黑色,,2026-02-06 17:11:02,,待收货,待收货,,,,合肥仓
Spyder,OPU2602060000033,OPU2602060000033,采购入库,6942133551735,20,0,0,262SOX23KMN98,短袖POLO衫,炭黑色,,2026-02-06 17:11:02,,待收货,待收货,,,,合肥仓
Spyder,OPU2602060000033,OPU2602060000033,采购入库,6942133551735,20,0,0,262SOX23KMN98,短袖POLO衫,炭黑色,,2026-02-06 17:11:02,,待收货,待收货,,,,合肥仓
Spyder,OPU2602060000033,OPU2602060000033,采购入库,6942133551735,20,0,0,262SOX23KMN98,短袖POLO衫,炭黑色,,2026-02-06 17:11:02,,待收货,待收货,,,,合肥仓
Spyder,OPU2602060000033,OPU2602060000033,采购入库,6942133551735,20,0,0,262SOX23KMN98,短袖POLO衫,炭黑色,,2026-02-06 17:11:02,,待收货,待收货,,,,合肥仓
Spyder,OPU2602060000033,OPU2602060000033,采购入库,6942133551735,20,0,0,262SOX23KMN98,短袖POLO衫,炭黑色,,2026-02-06 17:11:02,,待收货,待收货,,,,合肥仓
Spyder,OPU2602060000033,OPU2602060000033,采购入库,6942133551735,20,0,0,262SOX23KMN98,短袖POLO衫,炭黑色,,2026-02-06 17:11:02,,待收货,待收货,,,,合肥仓
Spyder,OPU2602060000033,OPU2602060000033,采购入库,6942133551735,20,0,0,262SOX23KMN98,短袖POLO衫,炭黑色,,2026-02-06 17:11:02,,待收货,待收货,,,,合肥仓
Spyder,OPU2602060000033,OPU2602060000033,采购入库,6942133551735,20,0,0,262SOX23KMN98,短袖POLO衫,炭黑色,,2026-02-06 17:11:02,,待收货,待收货,,,,合肥仓
Spyder,OPU2602060000033,OPU2602060000033,采购入库,6942133551735,20,0,0,262SOX23KMN98,短袖POLO衫,炭黑色,,2026-02-06 17:11:02,,待收货,待收货,,,,合肥仓
Spyder,OPU2602060000033,OPU2602060000033,采购入库,6942133551735,20,0,0,262SOX23KMN98,短袖POLO衫,炭黑色,,2026-02-06 17:11:02,,待收货,待收货,,,,合肥仓
Spyder,OPU2602060000033,OPU2602060000033,采购入库,6942133551735,20,0,0,262SOX23KMN98,短袖POLO衫,炭黑色,,2026-02-06 17:11:02,,待收货,待收货,,,,合肥仓
Spyder,OPU2602060000033,OPU2602060000033,采购入库,6942133551735,20,0,0,262SOX23KMN98,短袖POLO衫,炭黑色,,2026-02-06 17:11:02,,待收货,待收货,,,,合肥仓
Spyder,OPU2602060000033,OPU2602060000033,采购入库,6942133551735,20,0,0,262SOX23KMN98,短袖POLO衫,炭黑色,,2026-02-06 17:11:02,,待收货,待收货,,,,合肥仓
Spyder,OPU2602060000033,OPU2602060000033,采购入库,6942133551735,20,0,0,262SOX23KMN98,短袖POLO衫,炭黑色,,2026-02-06 17:11:02,,待收货,待收货,,,,合肥仓
Spyder,OPU2602060000033,OPU2602060000033,采购入库,6942133551742,20,0,0,262SOX23KMN98,短袖POLO衫,炭黑色,,2026-02-06 17:11:02,,待收货,待收货,,,,合肥仓
Spyder,OPU2602060000033,OPU2602060000033,采购入库,6942133551766,20,0,0,262SOX23KMN09,短袖POLO衫,科技灰,,2026-02-06 17:11:02,,待收货,待收货,,,,合肥仓
Spyder,OPU2602060000033,OPU2602060000033,采购入库,6942133551766,20,0,0,262SOX23KMN09,短袖POLO衫,科技灰,,2026-02-06 17:11:02,,待收货,待收货,,,,合肥仓
Spyder,OPU2602060000033,OPU2602060000033,采购入库,6942133551766,20,0,0,262SOX23KMN09,短袖POLO衫,科技灰,,2026-02-06 17:11:02,,待收货,待收货,,,,合肥仓
Spyder,OPU2602060000033,OPU2602060000033,采购入库,6942133551766,20,0,0,262SOX23KMN09,短袖POLO衫,科技灰,,2026-02-06 17:11:02,,待收货,待收货,,,,合肥仓
Spyder,OPU2602060000033,OPU2602060000033,采购入库,6942133551766,20,0,0,262SOX23KMN09,短袖POLO衫,科技灰,,2026-02-06 17:11:02,,待收货,待收货,,,,合肥仓
Spyder,OPU2602060000033,OPU2602060000033,采购入库,6942133551766,20,0,0,262SOX23KMN09,短袖POLO衫,科技灰,,2026-02-06 17:11:02,,待收货,待收货,,,,合肥仓
Spyder,OPU2602060000033,OPU2602060000033,采购入库,6942133551766,20,0,0,262SOX23KMN09,短袖POLO衫,科技灰,,2026-02-06 17:11:02,,待收货,待收货,,,,合肥仓
Spyder,OPU2602060000033,OPU2602060000033,采购入库,6942133551766,20,0,0,262SOX23KMN09,短袖POLO衫,科技灰,,2026-02-06 17:11:02,,待收货,待收货,,,,合肥仓
Spyder,OPU2602060000033,OPU2602060000033,采购入库,6942133551766,20,0,0,262SOX23KMN09,短袖POLO衫,科技灰,,2026-02-06 17:11:02,,待收货,待收货,,,,合肥仓
Spyder,OPU2602060000033,OPU2602060000033,采购入库,6942133551766,20,0,0,262SOX23KMN09,短袖POLO衫,科技灰,,2026-02-06 17:11:02,,待收货,待收货,,,,合肥仓
Spyder,OPU2602060000033,OPU2602060000033,采购入库,6942133551766,20,0,0,262SOX23KMN09,短袖POLO衫,科技灰,,2026-02-06 17:11:02,,待收货,待收货,,,,合肥仓
Spyder,OPU2602060000033,OPU2602060000033,采购入库,6942133551766,20,0,0,262SOX23KMN09,短袖POLO衫,科技灰,,2026-02-06 17:11:02,,待收货,待收货,,,,合肥仓
Spyder,OPU2602060000033,OPU2602060000033,采购入库,6942133551766,20,0,0,262SOX23KMN09,短袖POLO衫,科技灰,,2026-02-06 17:11:02,,待收货,待收货,,,,合肥仓
Spyder,OPU2602060000033,OPU2602060000033,采购入库,6942133551766,20,0,0,262SOX23KMN09,短袖POLO衫,科技灰,,2026-02-06 17:11:02,,待收货,待收货,,,,合肥仓
Spyder,OPU2602060000033,OPU2602060000033,采购入库,6942133551766,20,0,0,262SOX23KMN09,短袖POLO衫,科技灰,,2026-02-06 17:11:02,,待收货,待收货,,,,合肥仓
Spyder,OPU2602060000033,OPU2602060000033,采购入库,6942133551766,20,0,0,262SOX23KMN09,短袖POLO衫,科技灰,,2026-02-06 17:11:02,,待收货,待收货,,,,合肥仓
Spyder,OPU2602060000033,OPU2602060000033,采购入库,6942133551766,20,0,0,262SOX23KMN09,短袖POLO衫,科技灰,,2026-02-06 17:11:02,,待收货,待收货,,,,合肥仓
Spyder,OPU2602060000033,OPU2602060000033,采购入库,6942133551766,20,0,0,262SOX23KMN09,短袖POLO衫,科技灰,,2026-02-06 17:11:02,,待收货,待收货,,,,合肥仓
Spyder,OPU2602060000033,OPU2602060000033,采购入库,6942133551766,20,0,0,262SOX23KMN09,短袖POLO衫,科技灰,,2026-02-06 17:11:02,,待收货,待收货,,,,合肥仓
Spyder,OPU2602060000033,OPU2602060000033,采购入库,6942133551766,20,0,0,262SOX23KMN09,短袖POLO衫,科技灰,,2026-02-06 17:11:02,,待收货,待收货,,,,合肥仓
Spyder,OPU2602060000033,OPU2602060000033,采购入库,6942133551766,20,0,0,262SOX23KMN09,短袖POLO衫,科技灰,,2026-02-06 17:11:02,,待收货,待收货,,,,合肥仓
Spyder,OPU2602060000033,OPU2602060000033,采购入库,6942133551766,20,0,0,262SOX23KMN09,短袖POLO衫,科技灰,,2026-02-06 17:11:02,,待收货,待收货,,,,合肥仓
Spyder,OPU2602060000033,OPU2602060000033,采购入库,6942133551766,20,0,0,262SOX23KMN09,短袖POLO衫,科技灰,,2026-02-06 17:11:02,,待收货,待收货,,,,合肥仓
Spyder,OPU2602060000033,OPU2602060000033,采购入库,6942133551766,20,0,0,262SOX23KMN09,短袖POLO衫,科技灰,,2026-02-06 17:11:02,,待收货,待收货,,,,合肥仓
Spyder,OPU2602060000033,OPU2602060000033,采购入库,6942133551766,20,0,0,262SOX23KMN09,短袖POLO衫,科技灰,,2026-02-06 17:11:02,,待收货,待收货,,,,合肥仓
Spyder,OPU2602060000033,OPU2602060000033,采购入库,6942133551766,20,0,0,262SOX23KMN09,短袖POLO衫,科技灰,,2026-02-06 17:11:02,,待收货,待收货,,,,合肥仓
Spyder,OPU2602060000033,OPU2602060000033,采购入库,6942133551766,20,0,0,262SOX23KMN09,短袖POLO衫,科技灰,,2026-02-06 17:11:02,,待收货,待收货,,,,合肥仓
Spyder,OPU2602060000033,OPU2602060000033,采购入库,6942133551766,20,0,0,262SOX23KMN09,短袖POLO衫,科技灰,,2026-02-06 17:11:02,,待收货,待收货,,,,合肥仓
Spyder,OPU2602060000033,OPU2602060000033,采购入库,6942133551766,20,0,0,262SOX23KMN09,短袖POLO衫,科技灰,,2026-02-06 17:11:02,,待收货,待收货,,,,合肥仓
Spyder,OPU2602060000033,OPU2602060000033,采购入库,6942133551766,20,0,0,262SOX23KMN09,短袖POLO衫,科技灰,,2026-02-06 17:11:02,,待收货,待收货,,,,合肥仓
Spyder,OPU2602060000033,OPU2602060000033,采购入库,6942133551766,20,0,0,262SOX23KMN09,短袖POLO衫,科技灰,,2026-02-06 17:11:02,,待收货,待收货,,,,合肥仓
Spyder,OPU2602060000033,OPU2602060000033,采购入库,6942133551766,20,0,0,262SOX23KMN09,短袖POLO衫,科技灰,,2026-02-06 17:11:02,,待收货,待收货,,,,合肥仓
Spyder,OPU2602060000033,OPU2602060000033,采购入库,6942133551766,20,0,0,262SOX23KMN09,短袖POLO衫,科技灰,,2026-02-06 17:11:02,,待收货,待收货,,,,合肥仓
Spyder,OPU2602060000033,OPU2602060000033,采购入库,6942133551766,20,0,0,262SOX23KMN09,短袖POLO衫,科技灰,,2026-02-06 17:11:02,,待收货,待收货,,,,合肥仓
Spyder,OPU2602060000033,OPU2602060000033,采购入库,6942133551766,20,0,0,262SOX23KMN09,短袖POLO衫,科技灰,,2026-02-06 17:11:02,,待收货,待收货,,,,合肥仓
Spyder,OPU2602060000033,OPU2602060000033,采购入库,6942133551766,20,0,0,262SOX23KMN09,短袖POLO衫,科技灰,,2026-02-06 17:11:02,,待收货,待收货,,,,合肥仓
Spyder,OPU2602060000033,OPU2602060000033,采购入库,6942133551766,20,0,0,262SOX23KMN09,短袖POLO衫,科技灰,,2026-02-06 17:11:02,,待收货,待收货,,,,合肥仓
Spyder,OPU2602060000033,OPU2602060000033,采购入库,6942133551766,20,0,0,262SOX23KMN09,短袖POLO衫,科技灰,,2026-02-06 17:11:02,,待收货,待收货,,,,合肥仓
Spyder,OPU2602060000033,OPU2602060000033,采购入库,6942133551766,20,0,0,262SOX23KMN09,短袖POLO衫,科技灰,,2026-02-06 17:11:02,,待收货,待收货,,,,合肥仓
Spyder,OPU2602060000033,OPU2602060000033,采购入库,6942133551766,20,0,0,262SOX23KMN09,短袖POLO衫,科技灰,,2026-02-06 17:11:02,,待收货,待收货,,,,合肥仓
Spyder,OPU2602060000033,OPU2602060000033,采购入库,6942133551766,20,0,0,262SOX23KMN09,短袖POLO衫,科技灰,,2026-02-06 17:11:02,,待收货,待收货,,,,合肥仓
Spyder,OPU2602060000033,OPU2602060000033,采购入库,6942133551766,20,0,0,262SOX23KMN09,短袖POLO衫,科技灰,,2026-02-06 17:11:02,,待收货,待收货,,,,合肥仓
Spyder,OPU2602060000033,OPU2602060000033,采购入库,6942133551766,20,0,0,262SOX23KMN09,短袖POLO衫,科技灰,,2026-02-06 17:11:02,,待收货,待收货,,,,合肥仓
Spyder,OPU2602060000033,OPU2602060000033,采购入库,6942133551766,20,0,0,262SOX23KMN09,短袖POLO衫,科技灰,,2026-02-06 17:11:02,,待收货,待收货,,,,合肥仓
Spyder,OPU2602060000033,OPU2602060000033,采购入库,6942133551766,20,0,0,262SOX23KMN09,短袖POLO衫,科技灰,,2026-02-06 17:11:02,,待收货,待收货,,,,合肥仓
Spyder,OPU2602060000033,OPU2602060000033,采购入库,6942133551766,20,0,0,262SOX23KMN09,短袖POLO衫,科技灰,,2026-02-06 17:11:02,,待收货,待收货,,,,合肥仓
Spyder,OPU2602060000033,OPU2602060000033,采购入库,6942133551766,20,0,0,262SOX23KMN09,短袖POLO衫,科技灰,,2026-02-06 17:11:02,,待收货,待收货,,,,合肥仓
Spyder,OPU2602060000033,OPU2602060000033,采购入库,6942133551766,20,0,0,262SOX23KMN09,短袖POLO衫,科技灰,,2026-02-06 17:11:02,,待收货,待收货,,,,合肥仓
Spyder,OPU2602060000033,OPU2602060000033,采购入库,6942133551766,20,0,0,262SOX23KMN09,短袖POLO衫,科技灰,,2026-02-06 17:11:02,,待收货,待收货,,,,合肥仓
Spyder,OPU2602060000033,OPU2602060000033,采购入库,6942133551766,20,0,0,262SOX23KMN09,短袖POLO衫,科技灰,,2026-02-06 17:11:02,,待收货,待收货,,,,合肥仓
Spyder,OPU2602060000033,OPU2602060000033,采购入库,6942133551766,20,0,0,262SOX23KMN09,短袖POLO衫,科技灰,,2026-02-06 17:11:02,,待收货,待收货,,,,合肥仓
Spyder,OPU2602060000033,OPU2602060000033,采购入库,6942133551766,20,0,0,262SOX23KMN09,短袖POLO衫,科技灰,,2026-02-06 17:11:02,,待收货,待收货,,,,合肥仓
Spyder,OPU2602060000033,OPU2602060000033,采购入库,6942133551766,20,0,0,262SOX23KMN09,短袖POLO衫,科技灰,,2026-02-06 17:11:02,,待收货,待收货,,,,合肥仓
Spyder,OPU2602060000033,OPU2602060000033,采购入库,6942133551766,20,0,0,262SOX23KMN09,短袖POLO衫,科技灰,,2026-02-06 17:11:02,,待收货,待收货,,,,合肥仓
Spyder,OPU2602060000033,OPU2602060000033,采购入库,6942133551766,20,0,0,262SOX23KMN09,短袖POLO衫,科技灰,,2026-02-06 17:11:02,,待收货,待收货,,,,合肥仓
Spyder,OPU2602060000033,OPU2602060000033,采购入库,6942133551766,20,0,0,262SOX23KMN09,短袖POLO衫,科技灰,,2026-02-06 17:11:02,,待收货,待收货,,,,合肥仓
Spyder,OPU2602060000033,OPU2602060000033,采购入库,6942133551766,20,0,0,262SOX23KMN09,短袖POLO衫,科技灰,,2026-02-06 17:11:02,,待收货,待收货,,,,合肥仓
Spyder,OPU2602060000033,OPU2602060000033,采购入库,6942133551766,20,0,0,262SOX23KMN09,短袖POLO衫,科技灰,,2026-02-06 17:11:02,,待收货,待收货,,,,合肥仓
Spyder,OPU2602060000033,OPU2602060000033,采购入库,6942133551766,20,0,0,262SOX23KMN09,短袖POLO衫,科技灰,,2026-02-06 17:11:02,,待收货,待收货,,,,合肥仓
Spyder,OPU2602060000033,OPU2602060000033,采购入库,6942133551766,20,0,0,262SOX23KMN09,短袖POLO衫,科技灰,,2026-02-06 17:11:02,,待收货,待收货,,,,合肥仓
Spyder,OPU2602060000033,OPU2602060000033,采购入库,6942133551766,20,0,0,262SOX23KMN09,短袖POLO衫,科技灰,,2026-02-06 17:11:02,,待收货,待收货,,,,合肥仓
Spyder,OPU2602060000033,OPU2602060000033,采购入库,6942133551766,20,0,0,262SOX23KMN09,短袖POLO衫,科技灰,,2026-02-06 17:11:02,,待收货,待收货,,,,合肥仓
Spyder,OPU2602060000033,OPU2602060000033,采购入库,6942133551766,20,0,0,262SOX23KMN09,短袖POLO衫,科技灰,,2026-02-06 17:11:02,,待收货,待收货,,,,合肥仓
Spyder,OPU2602060000033,OPU2602060000033,采购入库,6942133551766,20,0,0,262SOX23KMN09,短袖POLO衫,科技灰,,2026-02-06 17:11:02,,待收货,待收货,,,,合肥仓
Spyder,OPU2602060000033,OPU2602060000033,采购入库,6942133551766,20,0,0,262SOX23KMN09,短袖POLO衫,科技灰,,2026-02-06 17:11:02,,待收货,待收货,,,,合肥仓
Spyder,OPU2602060000033,OPU2602060000033,采购入库,6942133551766,20,0,0,262SOX23KMN09,短袖POLO衫,科技灰,,2026-02-06 17:11:02,,待收货,待收货,,,,合肥仓
Spyder,OPU2602060000033,OPU2602060000033,采购入库,6942133551766,20,0,0,262SOX23KMN09,短袖POLO衫,科技灰,,2026-02-06 17:11:02,,待收货,待收货,,,,合肥仓
Spyder,OPU2602060000033,OPU2602060000033,采购入库,6942133551766,20,0,0,262SOX23KMN09,短袖POLO衫,科技灰,,2026-02-06 17:11:02,,待收货,待收货,,,,合肥仓
Spyder,OPU2602060000033,OPU2602060000033,采购入库,6942133551766,20,0,0,262SOX23KMN09,短袖POLO衫,科技灰,,2026-02-06 17:11:02,,待收货,待收货,,,,合肥仓
Spyder,OPU2602060000033,OPU2602060000033,采购入库,6942133551766,20,0,0,262SOX23KMN09,短袖POLO衫,科技灰,,2026-02-06 17:11:02,,待收货,待收货,,,,合肥仓
Spyder,OPU2602060000033,OPU2602060000033,采购入库,6942133551766,20,0,0,262SOX23KMN09,短袖POLO衫,科技灰,,2026-02-06 17:11:02,,待收货,待收货,,,,合肥仓
Spyder,OPU2602060000033,OPU2602060000033,采购入库,6942133551766,20,0,0,262SOX23KMN09,短袖POLO衫,科技灰,,2026-02-06 17:11:02,,待收货,待收货,,,,合肥仓
Spyder,OPU2602060000033,OPU2602060000033,采购入库,6942133551766,20,0,0,262SOX23KMN09,短袖POLO衫,科技灰,,2026-02-06 17:11:02,,待收货,待收货,,,,合肥仓
Spyder,OPU2602060000033,OPU2602060000033,采购入库,6942133551766,20,0,0,262SOX23KMN09,短袖POLO衫,科技灰,,2026-02-06 17:11:02,,待收货,待收货,,,,合肥仓
Spyder,OPU2602060000033,OPU2602060000033,采购入库,6942133551742,20,0,0,262SOX23KMN98,短袖POLO衫,炭黑色,,2026-02-06 17:11:02,,待收货,待收货,,,,合肥仓
Spyder,OPU2602060000033,OPU2602060000033,采购入库,6942133551742,20,0,0,262SOX23KMN98,短袖POLO衫,炭黑色,,2026-02-06 17:11:02,,待收货,待收货,,,,合肥仓
Spyder,OPU2602060000033,OPU2602060000033,采购入库,6942133551742,20,0,0,262SOX23KMN98,短袖POLO衫,炭黑色,,2026-02-06 17:11:02,,待收货,待收货,,,,合肥仓
Spyder,OPU2602060000033,OPU2602060000033,采购入库,6942133551742,20,0,0,262SOX23KMN98,短袖POLO衫,炭黑色,,2026-02-06 17:11:02,,待收货,待收货,,,,合肥仓
Spyder,OPU2602060000033,OPU2602060000033,采购入库,6942133551742,20,0,0,262SOX23KMN98,短袖POLO衫,炭黑色,,2026-02-06 17:11:02,,待收货,待收货,,,,合肥仓
Spyder,OPU2602060000033,OPU2602060000033,采购入库,6942133551742,20,0,0,262SOX23KMN98,短袖POLO衫,炭黑色,,2026-02-06 17:11:02,,待收货,待收货,,,,合肥仓
Spyder,OPU2602060000033,OPU2602060000033,采购入库,6942133551742,20,0,0,262SOX23KMN98,短袖POLO衫,炭黑色,,2026-02-06 17:11:02,,待收货,待收货,,,,合肥仓
Spyder,OPU2602060000033,OPU2602060000033,采购入库,6942133551742,20,0,0,262SOX23KMN98,短袖POLO衫,炭黑色,,2026-02-06 17:11:02,,待收货,待收货,,,,合肥仓
Spyder,OPU2602060000033,OPU2602060000033,采购入库,6942133551742,20,0,0,262SOX23KMN98,短袖POLO衫,炭黑色,,2026-02-06 17:11:02,,待收货,待收货,,,,合肥仓
Spyder,OPU2602060000033,OPU2602060000033,采购入库,6942133551742,20,0,0,262SOX23KMN98,短袖POLO衫,炭黑色,,2026-02-06 17:11:02,,待收货,待收货,,,,合肥仓
Spyder,OPU2602060000033,OPU2602060000033,采购入库,6942133551742,20,0,0,262SOX23KMN98,短袖POLO衫,炭黑色,,2026-02-06 17:11:02,,待收货,待收货,,,,合肥仓
Spyder,OPU2602060000033,OPU2602060000033,采购入库,6942133551742,20,0,0,262SOX23KMN98,短袖POLO衫,炭黑色,,2026-02-06 17:11:02,,待收货,待收货,,,,合肥仓
Spyder,OPU2602060000033,OPU2602060000033,采购入库,6942133551742,20,0,0,262SOX23KMN98,短袖POLO衫,炭黑色,,2026-02-06 17:11:02,,待收货,待收货,,,,合肥仓
Spyder,OPU2602060000033,OPU2602060000033,采购入库,6942133551742,20,0,0,262SOX23KMN98,短袖POLO衫,炭黑色,,2026-02-06 17:11:02,,待收货,待收货,,,,合肥仓
Spyder,OPU2602060000033,OPU2602060000033,采购入库,6942133551742,20,0,0,262SOX23KMN98,短袖POLO衫,炭黑色,,2026-02-06 17:11:02,,待收货,待收货,,,,合肥仓
Spyder,OPU2602060000033,OPU2602060000033,采购入库,6942133551742,20,0,0,262SOX23KMN98,短袖POLO衫,炭黑色,,2026-02-06 17:11:02,,待收货,待收货,,,,合肥仓
Spyder,OPU2602060000033,OPU2602060000033,采购入库,6942133551742,20,0,0,262SOX23KMN98,短袖POLO衫,炭黑色,,2026-02-06 17:11:02,,待收货,待收货,,,,合肥仓
Spyder,OPU2602060000033,OPU2602060000033,采购入库,6942133551742,20,0,0,262SOX23KMN98,短袖POLO衫,炭黑色,,2026-02-06 17:11:02,,待收货,待收货,,,,合肥仓
Spyder,OPU2602060000033,OPU2602060000033,采购入库,6942133551742,20,0,0,262SOX23KMN98,短袖POLO衫,炭黑色,,2026-02-06 17:11:02,,待收货,待收货,,,,合肥仓
Spyder,OPU2602060000033,OPU2602060000033,采购入库,6942133551742,20,0,0,262SOX23KMN98,短袖POLO衫,炭黑色,,2026-02-06 17:11:02,,待收货,待收货,,,,合肥仓
Spyder,OPU2602060000033,OPU2602060000033,采购入库,6942133551742,20,0,0,262SOX23KMN98,短袖POLO衫,炭黑色,,2026-02-06 17:11:02,,待收货,待收货,,,,合肥仓
Spyder,OPU2602060000033,OPU2602060000033,采购入库,6942133551742,20,0,0,262SOX23KMN98,短袖POLO衫,炭黑色,,2026-02-06 17:11:02,,待收货,待收货,,,,合肥仓
Spyder,OPU2602060000033,OPU2602060000033,采购入库,6942133551742,20,0,0,262SOX23KMN98,短袖POLO衫,炭黑色,,2026-02-06 17:11:02,,待收货,待收货,,,,合肥仓
Spyder,OPU2602060000033,OPU2602060000033,采购入库,6942133551742,20,0,0,262SOX23KMN98,短袖POLO衫,炭黑色,,2026-02-06 17:11:02,,待收货,待收货,,,,合肥仓
Spyder,OPU2602060000033,OPU2602060000033,采购入库,6942133551742,20,0,0,262SOX23KMN98,短袖POLO衫,炭黑色,,2026-02-06 17:11:02,,待收货,待收货,,,,合肥仓
Spyder,OPU2602060000033,OPU2602060000033,采购入库,6942133551742,20,0,0,262SOX23KMN98,短袖POLO衫,炭黑色,,2026-02-06 17:11:02,,待收货,待收货,,,,合肥仓
Spyder,OPU2602060000033,OPU2602060000033,采购入库,6942133551742,20,0,0,262SOX23KMN98,短袖POLO衫,炭黑色,,2026-02-06 17:11:02,,待收货,待收货,,,,合肥仓
Spyder,OPU2602060000033,OPU2602060000033,采购入库,6942133551742,20,0,0,262SOX23KMN98,短袖POLO衫,炭黑色,,2026-02-06 17:11:02,,待收货,待收货,,,,合肥仓
Spyder,OPU2602060000033,OPU2602060000033,采购入库,6942133551742,20,0,0,262SOX23KMN98,短袖POLO衫,炭黑色,,2026-02-06 17:11:02,,待收货,待收货,,,,合肥仓
Spyder,OPU2602060000033,OPU2602060000033,采购入库,6942133551742,20,0,0,262SOX23KMN98,短袖POLO衫,炭黑色,,2026-02-06 17:11:02,,待收货,待收货,,,,合肥仓
Spyder,OPU2602060000033,OPU2602060000033,采购入库,6942133551742,20,0,0,262SOX23KMN98,短袖POLO衫,炭黑色,,2026-02-06 17:11:02,,待收货,待收货,,,,合肥仓
Spyder,OPU2602060000033,OPU2602060000033,采购入库,6942133551742,20,0,0,262SOX23KMN98,短袖POLO衫,炭黑色,,2026-02-06 17:11:02,,待收货,待收货,,,,合肥仓
Spyder,OPU2602060000033,OPU2602060000033,采购入库,6942133551742,20,0,0,262SOX23KMN98,短袖POLO衫,炭黑色,,2026-02-06 17:11:02,,待收货,待收货,,,,合肥仓
Spyder,OPU2602060000033,OPU2602060000033,采购入库,6942133551742,20,0,0,262SOX23KMN98,短袖POLO衫,炭黑色,,2026-02-06 17:11:02,,待收货,待收货,,,,合肥仓
Spyder,OPU2602060000033,OPU2602060000033,采购入库,6942133551742,20,0,0,262SOX23KMN98,短袖POLO衫,炭黑色,,2026-02-06 17:11:02,,待收货,待收货,,,,合肥仓
Spyder,OPU2602060000033,OPU2602060000033,采购入库,6942133551742,20,0,0,262SOX23KMN98,短袖POLO衫,炭黑色,,2026-02-06 17:11:02,,待收货,待收货,,,,合肥仓
Spyder,OPU2602060000033,OPU2602060000033,采购入库,6942133551742,20,0,0,262SOX23KMN98,短袖POLO衫,炭黑色,,2026-02-06 17:11:02,,待收货,待收货,,,,合肥仓
Spyder,OPU2602060000033,OPU2602060000033,采购入库,6942133551742,20,0,0,262SOX23KMN98,短袖POLO衫,炭黑色,,2026-02-06 17:11:02,,待收货,待收货,,,,合肥仓
Spyder,OPU2602060000033,OPU2602060000033,采购入库,6942133551742,20,0,0,262SOX23KMN98,短袖POLO衫,炭黑色,,2026-02-06 17:11:02,,待收货,待收货,,,,合肥仓
Spyder,OPU2602060000033,OPU2602060000033,采购入库,6942133551742,20,0,0,262SOX23KMN98,短袖POLO衫,炭黑色,,2026-02-06 17:11:02,,待收货,待收货,,,,合肥仓
Spyder,OPU2602060000033,OPU2602060000033,采购入库,6942133551742,20,0,0,262SOX23KMN98,短袖POLO衫,炭黑色,,2026-02-06 17:11:02,,待收货,待收货,,,,合肥仓
Spyder,OPU2602060000033,OPU2602060000033,采购入库,6942133551742,20,0,0,262SOX23KMN98,短袖POLO衫,炭黑色,,2026-02-06 17:11:02,,待收货,待收货,,,,合肥仓
Spyder,OPU2602060000033,OPU2602060000033,采购入库,6942133551742,20,0,0,262SOX23KMN98,短袖POLO衫,炭黑色,,2026-02-06 17:11:02,,待收货,待收货,,,,合肥仓
Spyder,OPU2602060000033,OPU2602060000033,采购入库,6942133551742,20,0,0,262SOX23KMN98,短袖POLO衫,炭黑色,,2026-02-06 17:11:02,,待收货,待收货,,,,合肥仓
Spyder,OPU2602060000033,OPU2602060000033,采购入库,6942133551742,20,0,0,262SOX23KMN98,短袖POLO衫,炭黑色,,2026-02-06 17:11:02,,待收货,待收货,,,,合肥仓
Spyder,OPU2602060000033,OPU2602060000033,采购入库,6942133551742,20,0,0,262SOX23KMN98,短袖POLO衫,炭黑色,,2026-02-06 17:11:02,,待收货,待收货,,,,合肥仓
Spyder,OPU2602060000033,OPU2602060000033,采购入库,6942133551742,20,0,0,262SOX23KMN98,短袖POLO衫,炭黑色,,2026-02-06 17:11:02,,待收货,待收货,,,,合肥仓
Spyder,OPU2602060000033,OPU2602060000033,采购入库,6942133551742,20,0,0,262SOX23KMN98,短袖POLO衫,炭黑色,,2026-02-06 17:11:02,,待收货,待收货,,,,合肥仓
Spyder,OPU2602060000033,OPU2602060000033,采购入库,6942133551742,20,0,0,262SOX23KMN98,短袖POLO衫,炭黑色,,2026-02-06 17:11:02,,待收货,待收货,,,,合肥仓
Spyder,OPU2602060000033,OPU2602060000033,采购入库,6942133551742,20,0,0,262SOX23KMN98,短袖POLO衫,炭黑色,,2026-02-06 17:11:02,,待收货,待收货,,,,合肥仓
Spyder,OPU2602060000033,OPU2602060000033,采购入库,6942133551742,20,0,0,262SOX23KMN98,短袖POLO衫,炭黑色,,2026-02-06 17:11:02,,待收货,待收货,,,,合肥仓
Spyder,OPU2602060000033,OPU2602060000033,采购入库,6942133551742,20,0,0,262SOX23KMN98,短袖POLO衫,炭黑色,,2026-02-06 17:11:02,,待收货,待收货,,,,合肥仓
Spyder,OPU2602060000033,OPU2602060000033,采购入库,6942133551742,20,0,0,262SOX23KMN98,短袖POLO衫,炭黑色,,2026-02-06 17:11:02,,待收货,待收货,,,,合肥仓
Spyder,OPU2602060000033,OPU2602060000033,采购入库,6942133551742,20,0,0,262SOX23KMN98,短袖POLO衫,炭黑色,,2026-02-06 17:11:02,,待收货,待收货,,,,合肥仓
Spyder,OPU2602060000033,OPU2602060000033,采购入库,6942133551742,20,0,0,262SOX23KMN98,短袖POLO衫,炭黑色,,2026-02-06 17:11:02,,待收货,待收货,,,,合肥仓
Spyder,OPU2602060000033,OPU2602060000033,采购入库,6942133551742,20,0,0,262SOX23KMN98,短袖POLO衫,炭黑色,,2026-02-06 17:11:02,,待收货,待收货,,,,合肥仓
Spyder,OPU2602060000033,OPU2602060000033,采购入库,6942133551742,20,0,0,262SOX23KMN98,短袖POLO衫,炭黑色,,2026-02-06 17:11:02,,待收货,待收货,,,,合肥仓
Spyder,OPU2602060000033,OPU2602060000033,采购入库,6942133551742,20,0,0,262SOX23KMN98,短袖POLO衫,炭黑色,,2026-02-06 17:11:02,,待收货,待收货,,,,合肥仓
Spyder,OPU2602060000033,OPU2602060000033,采购入库,6942133551742,20,0,0,262SOX23KMN98,短袖POLO衫,炭黑色,,2026-02-06 17:11:02,,待收货,待收货,,,,合肥仓
Spyder,OPU2602060000033,OPU2602060000033,采购入库,6942133551742,20,0,0,262SOX23KMN98,短袖POLO衫,炭黑色,,2026-02-06 17:11:02,,待收货,待收货,,,,合肥仓
Spyder,OPU2602060000033,OPU2602060000033,采购入库,6942133551742,20,0,0,262SOX23KMN98,短袖POLO衫,炭黑色,,2026-02-06 17:11:02,,待收货,待收货,,,,合肥仓
Spyder,OPU2602060000033,OPU2602060000033,采购入库,6942133551742,20,0,0,262SOX23KMN98,短袖POLO衫,炭黑色,,2026-02-06 17:11:02,,待收货,待收货,,,,合肥仓
Spyder,OPU2602060000033,OPU2602060000033,采购入库,6942133551742,20,0,0,262SOX23KMN98,短袖POLO衫,炭黑色,,2026-02-06 17:11:02,,待收货,待收货,,,,合肥仓
Spyder,OPU2602060000033,OPU2602060000033,采购入库,6942133551742,20,0,0,262SOX23KMN98,短袖POLO衫,炭黑色,,2026-02-06 17:11:02,,待收货,待收货,,,,合肥仓
Spyder,OPU2602060000033,OPU2602060000033,采购入库,6942133551742,20,0,0,262SOX23KMN98,短袖POLO衫,炭黑色,,2026-02-06 17:11:02,,待收货,待收货,,,,合肥仓
Spyder,OPU2602060000033,OPU2602060000033,采购入库,6942133551742,20,0,0,262SOX23KMN98,短袖POLO衫,炭黑色,,2026-02-06 17:11:02,,待收货,待收货,,,,合肥仓
Spyder,OPU2602060000033,OPU2602060000033,采购入库,6942133551742,20,0,0,262SOX23KMN98,短袖POLO衫,炭黑色,,2026-02-06 17:11:02,,待收货,待收货,,,,合肥仓
Spyder,OPU2602060000033,OPU2602060000033,采购入库,6942133551742,20,0,0,262SOX23KMN98,短袖POLO衫,炭黑色,,2026-02-06 17:11:02,,待收货,待收货,,,,合肥仓
Spyder,OPU2602060000033,OPU2602060000033,采购入库,6942133551742,20,0,0,262SOX23KMN98,短袖POLO衫,炭黑色,,2026-02-06 17:11:02,,待收货,待收货,,,,合肥仓
Spyder,OPU2602060000033,OPU2602060000033,采购入库,6942133551742,20,0,0,262SOX23KMN98,短袖POLO衫,炭黑色,,2026-02-06 17:11:02,,待收货,待收货,,,,合肥仓
Spyder,OPU2602060000033,OPU2602060000033,采购入库,6942133551742,20,0,0,262SOX23KMN98,短袖POLO衫,炭黑色,,2026-02-06 17:11:02,,待收货,待收货,,,,合肥仓
Spyder,OPU2602060000033,OPU2602060000033,采购入库,6942133551742,20,0,0,262SOX23KMN98,短袖POLO衫,炭黑色,,2026-02-06 17:11:02,,待收货,待收货,,,,合肥仓
Spyder,OPU2602060000033,OPU2602060000033,采购入库,6942133551742,20,0,0,262SOX23KMN98,短袖POLO衫,炭黑色,,2026-02-06 17:11:02,,待收货,待收货,,,,合肥仓
Spyder,OPU2602060000033,OPU2602060000033,采购入库,6942133551742,20,0,0,262SOX23KMN98,短袖POLO衫,炭黑色,,2026-02-06 17:11:02,,待收货,待收货,,,,合肥仓
Spyder,OPU2602060000033,OPU2602060000033,采购入库,6942133551766,20,0,0,262SOX23KMN09,短袖POLO衫,科技灰,,2026-02-06 17:11:02,,待收货,待收货,,,,合肥仓
Spyder,OPU2602060000033,OPU2602060000033,采购入库,6942133551773,20,0,0,262SOX23KMN09,短袖POLO衫,科技灰,,2026-02-06 17:11:02,,待收货,待收货,,,,合肥仓
Spyder,OPU2602060000033,OPU2602060000033,采购入库,6942133551773,20,0,0,262SOX23KMN09,短袖POLO衫,科技灰,,2026-02-06 17:11:02,,待收货,待收货,,,,合肥仓
Spyder,OPU2602060000033,OPU2602060000033,采购入库,6942133551773,20,0,0,262SOX23KMN09,短袖POLO衫,科技灰,,2026-02-06 17:11:02,,待收货,待收货,,,,合肥仓
Spyder,OPU2602060000033,OPU2602060000033,采购入库,6942133551773,20,0,0,262SOX23KMN09,短袖POLO衫,科技灰,,2026-02-06 17:11:02,,待收货,待收货,,,,合肥仓
Spyder,OPU2602060000033,OPU2602060000033,采购入库,6942133551773,20,0,0,262SOX23KMN09,短袖POLO衫,科技灰,,2026-02-06 17:11:02,,待收货,待收货,,,,合肥仓
Spyder,OPU2602060000033,OPU2602060000033,采购入库,6942133551773,20,0,0,262SOX23KMN09,短袖POLO衫,科技灰,,2026-02-06 17:11:02,,待收货,待收货,,,,合肥仓
Spyder,OPU2602060000033,OPU2602060000033,采购入库,6942133551773,20,0,0,262SOX23KMN09,短袖POLO衫,科技灰,,2026-02-06 17:11:02,,待收货,待收货,,,,合肥仓
Spyder,OPU2602060000033,OPU2602060000033,采购入库,6942133551773,20,0,0,262SOX23KMN09,短袖POLO衫,科技灰,,2026-02-06 17:11:02,,待收货,待收货,,,,合肥仓
Spyder,OPU2602060000033,OPU2602060000033,采购入库,6942133551773,20,0,0,262SOX23KMN09,短袖POLO衫,科技灰,,2026-02-06 17:11:02,,待收货,待收货,,,,合肥仓
Spyder,OPU2602060000033,OPU2602060000033,采购入库,6942133551773,20,0,0,262SOX23KMN09,短袖POLO衫,科技灰,,2026-02-06 17:11:02,,待收货,待收货,,,,合肥仓
Spyder,OPU2602060000033,OPU2602060000033,采购入库,6942133551773,20,0,0,262SOX23KMN09,短袖POLO衫,科技灰,,2026-02-06 17:11:02,,待收货,待收货,,,,合肥仓
Spyder,OPU2602060000033,OPU2602060000033,采购入库,6942133551773,20,0,0,262SOX23KMN09,短袖POLO衫,科技灰,,2026-02-06 17:11:02,,待收货,待收货,,,,合肥仓
Spyder,OPU2602060000033,OPU2602060000033,采购入库,6942133551773,20,0,0,262SOX23KMN09,短袖POLO衫,科技灰,,2026-02-06 17:11:02,,待收货,待收货,,,,合肥仓
Spyder,OPU2602060000033,OPU2602060000033,采购入库,6942133551773,20,0,0,262SOX23KMN09,短袖POLO衫,科技灰,,2026-02-06 17:11:02,,待收货,待收货,,,,合肥仓
Spyder,OPU2602060000033,OPU2602060000033,采购入库,6942133551773,20,0,0,262SOX23KMN09,短袖POLO衫,科技灰,,2026-02-06 17:11:02,,待收货,待收货,,,,合肥仓
Spyder,OPU2602060000033,OPU2602060000033,采购入库,6942133551773,20,0,0,262SOX23KMN09,短袖POLO衫,科技灰,,2026-02-06 17:11:02,,待收货,待收货,,,,合肥仓
Spyder,OPU2602060000033,OPU2602060000033,采购入库,6942133551773,20,0,0,262SOX23KMN09,短袖POLO衫,科技灰,,2026-02-06 17:11:02,,待收货,待收货,,,,合肥仓
Spyder,OPU2602060000033,OPU2602060000033,采购入库,6942133551773,20,0,0,262SOX23KMN09,短袖POLO衫,科技灰,,2026-02-06 17:11:02,,待收货,待收货,,,,合肥仓
Spyder,OPU2602060000033,OPU2602060000033,采购入库,6942133551773,20,0,0,262SOX23KMN09,短袖POLO衫,科技灰,,2026-02-06 17:11:02,,待收货,待收货,,,,合肥仓
Spyder,OPU2602060000033,OPU2602060000033,采购入库,6942133551773,20,0,0,262SOX23KMN09,短袖POLO衫,科技灰,,2026-02-06 17:11:02,,待收货,待收货,,,,合肥仓
Spyder,OPU2602060000033,OPU2602060000033,采购入库,6942133551773,20,0,0,262SOX23KMN09,短袖POLO衫,科技灰,,2026-02-06 17:11:02,,待收货,待收货,,,,合肥仓
Spyder,OPU2602060000033,OPU2602060000033,采购入库,6942133551773,20,0,0,262SOX23KMN09,短袖POLO衫,科技灰,,2026-02-06 17:11:02,,待收货,待收货,,,,合肥仓
Spyder,OPU2602060000033,OPU2602060000033,采购入库,6942133551773,20,0,0,262SOX23KMN09,短袖POLO衫,科技灰,,2026-02-06 17:11:02,,待收货,待收货,,,,合肥仓
Spyder,OPU2602060000033,OPU2602060000033,采购入库,6942133551773,20,0,0,262SOX23KMN09,短袖POLO衫,科技灰,,2026-02-06 17:11:02,,待收货,待收货,,,,合肥仓
Spyder,OPU2602060000033,OPU2602060000033,采购入库,6942133551773,20,0,0,262SOX23KMN09,短袖POLO衫,科技灰,,2026-02-06 17:11:02,,待收货,待收货,,,,合肥仓
Spyder,OPU2602060000033,OPU2602060000033,采购入库,6942133551773,20,0,0,262SOX23KMN09,短袖POLO衫,科技灰,,2026-02-06 17:11:02,,待收货,待收货,,,,合肥仓
Spyder,OPU2602060000033,OPU2602060000033,采购入库,6942133551773,20,0,0,262SOX23KMN09,短袖POLO衫,科技灰,,2026-02-06 17:11:02,,待收货,待收货,,,,合肥仓
Spyder,OPU2602060000033,OPU2602060000033,采购入库,6942133551773,20,0,0,262SOX23KMN09,短袖POLO衫,科技灰,,2026-02-06 17:11:02,,待收货,待收货,,,,合肥仓
Spyder,OPU2602060000033,OPU2602060000033,采购入库,6942133551773,20,0,0,262SOX23KMN09,短袖POLO衫,科技灰,,2026-02-06 17:11:02,,待收货,待收货,,,,合肥仓
Spyder,OPU2602060000033,OPU2602060000033,采购入库,6942133551773,20,0,0,262SOX23KMN09,短袖POLO衫,科技灰,,2026-02-06 17:11:02,,待收货,待收货,,,,合肥仓
Spyder,OPU2602060000033,OPU2602060000033,采购入库,6942133551773,20,0,0,262SOX23KMN09,短袖POLO衫,科技灰,,2026-02-06 17:11:02,,待收货,待收货,,,,合肥仓
Spyder,OPU2602060000033,OPU2602060000033,采购入库,6942133551773,20,0,0,262SOX23KMN09,短袖POLO衫,科技灰,,2026-02-06 17:11:02,,待收货,待收货,,,,合肥仓
Spyder,OPU2602060000033,OPU2602060000033,采购入库,6942133551773,20,0,0,262SOX23KMN09,短袖POLO衫,科技灰,,2026-02-06 17:11:02,,待收货,待收货,,,,合肥仓
Spyder,OPU2602060000033,OPU2602060000033,采购入库,6942133551773,20,0,0,262SOX23KMN09,短袖POLO衫,科技灰,,2026-02-06 17:11:02,,待收货,待收货,,,,合肥仓
Spyder,OPU2602060000033,OPU2602060000033,采购入库,6942133551773,20,0,0,262SOX23KMN09,短袖POLO衫,科技灰,,2026-02-06 17:11:02,,待收货,待收货,,,,合肥仓
Spyder,OPU2602060000033,OPU2602060000033,采购入库,6942133551773,20,0,0,262SOX23KMN09,短袖POLO衫,科技灰,,2026-02-06 17:11:02,,待收货,待收货,,,,合肥仓
Spyder,OPU2602060000033,OPU2602060000033,采购入库,6942133551773,20,0,0,262SOX23KMN09,短袖POLO衫,科技灰,,2026-02-06 17:11:02,,待收货,待收货,,,,合肥仓
Spyder,OPU2602060000033,OPU2602060000033,采购入库,6942133551773,20,0,0,262SOX23KMN09,短袖POLO衫,科技灰,,2026-02-06 17:11:02,,待收货,待收货,,,,合肥仓
Spyder,OPU2602060000033,OPU2602060000033,采购入库,6942133551773,20,0,0,262SOX23KMN09,短袖POLO衫,科技灰,,2026-02-06 17:11:02,,待收货,待收货,,,,合肥仓
Spyder,OPU2602060000033,OPU2602060000033,采购入库,6942133551773,20,0,0,262SOX23KMN09,短袖POLO衫,科技灰,,2026-02-06 17:11:02,,待收货,待收货,,,,合肥仓
Spyder,OPU2602060000033,OPU2602060000033,采购入库,6942133551773,20,0,0,262SOX23KMN09,短袖POLO衫,科技灰,,2026-02-06 17:11:02,,待收货,待收货,,,,合肥仓
Spyder,OPU2602060000033,OPU2602060000033,采购入库,6942133551773,20,0,0,262SOX23KMN09,短袖POLO衫,科技灰,,2026-02-06 17:11:02,,待收货,待收货,,,,合肥仓
Spyder,OPU2602060000033,OPU2602060000033,采购入库,6942133551773,20,0,0,262SOX23KMN09,短袖POLO衫,科技灰,,2026-02-06 17:11:02,,待收货,待收货,,,,合肥仓
Spyder,OPU2602060000033,OPU2602060000033,采购入库,6942133551773,20,0,0,262SOX23KMN09,短袖POLO衫,科技灰,,2026-02-06 17:11:02,,待收货,待收货,,,,合肥仓
Spyder,OPU2602060000033,OPU2602060000033,采购入库,6942133551773,20,0,0,262SOX23KMN09,短袖POLO衫,科技灰,,2026-02-06 17:11:02,,待收货,待收货,,,,合肥仓
Spyder,OPU2602060000033,OPU2602060000033,采购入库,6942133551773,20,0,0,262SOX23KMN09,短袖POLO衫,科技灰,,2026-02-06 17:11:02,,待收货,待收货,,,,合肥仓
Spyder,OPU2602060000033,OPU2602060000033,采购入库,6942133551773,20,0,0,262SOX23KMN09,短袖POLO衫,科技灰,,2026-02-06 17:11:02,,待收货,待收货,,,,合肥仓
Spyder,OPU2602060000033,OPU2602060000033,采购入库,6942133551773,20,0,0,262SOX23KMN09,短袖POLO衫,科技灰,,2026-02-06 17:11:02,,待收货,待收货,,,,合肥仓
Spyder,OPU2602060000033,OPU2602060000033,采购入库,6942133551773,20,0,0,262SOX23KMN09,短袖POLO衫,科技灰,,2026-02-06 17:11:02,,待收货,待收货,,,,合肥仓
Spyder,OPU2602060000033,OPU2602060000033,采购入库,6942133551773,20,0,0,262SOX23KMN09,短袖POLO衫,科技灰,,2026-02-06 17:11:02,,待收货,待收货,,,,合肥仓
Spyder,OPU2602060000033,OPU2602060000033,采购入库,6942133551773,20,0,0,262SOX23KMN09,短袖POLO衫,科技灰,,2026-02-06 17:11:02,,待收货,待收货,,,,合肥仓
Spyder,OPU2602060000033,OPU2602060000033,采购入库,6942133551773,20,0,0,262SOX23KMN09,短袖POLO衫,科技灰,,2026-02-06 17:11:02,,待收货,待收货,,,,合肥仓
Spyder,OPU2602060000033,OPU2602060000033,采购入库,6942133551773,20,0,0,262SOX23KMN09,短袖POLO衫,科技灰,,2026-02-06 17:11:02,,待收货,待收货,,,,合肥仓
Spyder,OPU2602060000033,OPU2602060000033,采购入库,6942133551773,20,0,0,262SOX23KMN09,短袖POLO衫,科技灰,,2026-02-06 17:11:02,,待收货,待收货,,,,合肥仓
Spyder,OPU2602060000033,OPU2602060000033,采购入库,6942133551773,20,0,0,262SOX23KMN09,短袖POLO衫,科技灰,,2026-02-06 17:11:02,,待收货,待收货,,,,合肥仓
Spyder,OPU2602060000033,OPU2602060000033,采购入库,6942133551773,20,0,0,262SOX23KMN09,短袖POLO衫,科技灰,,2026-02-06 17:11:02,,待收货,待收货,,,,合肥仓
Spyder,OPU2602060000033,OPU2602060000033,采购入库,6942133551773,20,0,0,262SOX23KMN09,短袖POLO衫,科技灰,,2026-02-06 17:11:02,,待收货,待收货,,,,合肥仓
Spyder,OPU2602060000033,OPU2602060000033,采购入库,6942133551773,20,0,0,262SOX23KMN09,短袖POLO衫,科技灰,,2026-02-06 17:11:02,,待收货,待收货,,,,合肥仓
Spyder,OPU2602060000033,OPU2602060000033,采购入库,6942133551773,20,0,0,262SOX23KMN09,短袖POLO衫,科技灰,,2026-02-06 17:11:02,,待收货,待收货,,,,合肥仓
Spyder,OPU2602060000033,OPU2602060000033,采购入库,6942133551773,20,0,0,262SOX23KMN09,短袖POLO衫,科技灰,,2026-02-06 17:11:02,,待收货,待收货,,,,合肥仓
Spyder,OPU2602060000033,OPU2602060000033,采购入库,6942133551773,20,0,0,262SOX23KMN09,短袖POLO衫,科技灰,,2026-02-06 17:11:02,,待收货,待收货,,,,合肥仓
Spyder,OPU2602060000033,OPU2602060000033,采购入库,6942133551773,20,0,0,262SOX23KMN09,短袖POLO衫,科技灰,,2026-02-06 17:11:02,,待收货,待收货,,,,合肥仓
Spyder,OPU2602060000033,OPU2602060000033,采购入库,6942133551773,20,0,0,262SOX23KMN09,短袖POLO衫,科技灰,,2026-02-06 17:11:02,,待收货,待收货,,,,合肥仓
Spyder,OPU2602060000033,OPU2602060000033,采购入库,6942133551773,20,0,0,262SOX23KMN09,短袖POLO衫,科技灰,,2026-02-06 17:11:02,,待收货,待收货,,,,合肥仓
Spyder,OPU2602060000033,OPU2602060000033,采购入库,6942133551773,20,0,0,262SOX23KMN09,短袖POLO衫,科技灰,,2026-02-06 17:11:02,,待收货,待收货,,,,合肥仓
Spyder,OPU2602060000033,OPU2602060000033,采购入库,6942133551773,20,0,0,262SOX23KMN09,短袖POLO衫,科技灰,,2026-02-06 17:11:02,,待收货,待收货,,,,合肥仓
Spyder,OPU2602060000033,OPU2602060000033,采购入库,6942133551773,20,0,0,262SOX23KMN09,短袖POLO衫,科技灰,,2026-02-06 17:11:02,,待收货,待收货,,,,合肥仓
Spyder,OPU2602060000033,OPU2602060000033,采购入库,6942133551773,20,0,0,262SOX23KMN09,短袖POLO衫,科技灰,,2026-02-06 17:11:02,,待收货,待收货,,,,合肥仓
Spyder,OPU2602060000033,OPU2602060000033,采购入库,6942133551773,20,0,0,262SOX23KMN09,短袖POLO衫,科技灰,,2026-02-06 17:11:02,,待收货,待收货,,,,合肥仓
Spyder,OPU2602060000033,OPU2602060000033,采购入库,6942133551773,20,0,0,262SOX23KMN09,短袖POLO衫,科技灰,,2026-02-06 17:11:02,,待收货,待收货,,,,合肥仓
Spyder,OPU2602060000033,OPU2602060000033,采购入库,6942133551773,20,0,0,262SOX23KMN09,短袖POLO衫,科技灰,,2026-02-06 17:11:02,,待收货,待收货,,,,合肥仓
Spyder,OPU2602060000033,OPU2602060000033,采购入库,6942133551773,20,0,0,262SOX23KMN09,短袖POLO衫,科技灰,,2026-02-06 17:11:02,,待收货,待收货,,,,合肥仓
Spyder,OPU2602060000033,OPU2602060000033,采购入库,6942133551773,20,0,0,262SOX23KMN09,短袖POLO衫,科技灰,,2026-02-06 17:11:02,,待收货,待收货,,,,合肥仓
Spyder,OPU2602060000033,OPU2602060000033,采购入库,6942133551742,20,0,0,262SOX23KMN98,短袖POLO衫,炭黑色,,2026-02-06 17:11:02,,待收货,待收货,,,,合肥仓
Spyder,OPU2602060000033,OPU2602060000033,采购入库,6942133551742,20,0,0,262SOX23KMN98,短袖POLO衫,炭黑色,,2026-02-06 17:11:02,,待收货,待收货,,,,合肥仓
Spyder,OPU2602060000033,OPU2602060000033,采购入库,6942133551742,20,0,0,262SOX23KMN98,短袖POLO衫,炭黑色,,2026-02-06 17:11:02,,待收货,待收货,,,,合肥仓
Spyder,OPU2602060000033,OPU2602060000033,采购入库,6942133551742,20,0,0,262SOX23KMN98,短袖POLO衫,炭黑色,,2026-02-06 17:11:02,,待收货,待收货,,,,合肥仓
Spyder,OPU2602060000033,OPU2602060000033,采购入库,6942133551742,20,0,0,262SOX23KMN98,短袖POLO衫,炭黑色,,2026-02-06 17:11:02,,待收货,待收货,,,,合肥仓
Spyder,OPU2602060000033,OPU2602060000033,采购入库,6942133551742,20,0,0,262SOX23KMN98,短袖POLO衫,炭黑色,,2026-02-06 17:11:02,,待收货,待收货,,,,合肥仓
Spyder,OPU2602060000033,OPU2602060000033,采购入库,6942133551742,20,0,0,262SOX23KMN98,短袖POLO衫,炭黑色,,2026-02-06 17:11:02,,待收货,待收货,,,,合肥仓
Spyder,OPU2602060000033,OPU2602060000033,采购入库,6942133551742,20,0,0,262SOX23KMN98,短袖POLO衫,炭黑色,,2026-02-06 17:11:02,,待收货,待收货,,,,合肥仓
Spyder,OPU2602060000033,OPU2602060000033,采购入库,6942133551742,20,0,0,262SOX23KMN98,短袖POLO衫,炭黑色,,2026-02-06 17:11:02,,待收货,待收货,,,,合肥仓
Spyder,OPU2602060000033,OPU2602060000033,采购入库,6942133551742,20,0,0,262SOX23KMN98,短袖POLO衫,炭黑色,,2026-02-06 17:11:02,,待收货,待收货,,,,合肥仓
Spyder,OPU2602060000033,OPU2602060000033,采购入库,6942133551742,20,0,0,262SOX23KMN98,短袖POLO衫,炭黑色,,2026-02-06 17:11:02,,待收货,待收货,,,,合肥仓
Spyder,OPU2602060000033,OPU2602060000033,采购入库,6942133551742,20,0,0,262SOX23KMN98,短袖POLO衫,炭黑色,,2026-02-06 17:11:02,,待收货,待收货,,,,合肥仓
Spyder,OPU2602060000033,OPU2602060000033,采购入库,6942133551742,20,0,0,262SOX23KMN98,短袖POLO衫,炭黑色,,2026-02-06 17:11:02,,待收货,待收货,,,,合肥仓
Spyder,OPU2602060000033,OPU2602060000033,采购入库,6942133551742,20,0,0,262SOX23KMN98,短袖POLO衫,炭黑色,,2026-02-06 17:11:02,,待收货,待收货,,,,合肥仓
Spyder,OPU2602060000033,OPU2602060000033,采购入库,6942133551742,20,0,0,262SOX23KMN98,短袖POLO衫,炭黑色,,2026-02-06 17:11:02,,待收货,待收货,,,,合肥仓
Spyder,OPU2602060000033,OPU2602060000033,采购入库,6942133551742,20,0,0,262SOX23KMN98,短袖POLO衫,炭黑色,,2026-02-06 17:11:02,,待收货,待收货,,,,合肥仓
Spyder,OPU2602060000033,OPU2602060000033,采购入库,6942133551742,20,0,0,262SOX23KMN98,短袖POLO衫,炭黑色,,2026-02-06 17:11:02,,待收货,待收货,,,,合肥仓
Spyder,OPU2602060000033,OPU2602060000033,采购入库,6942133551742,20,0,0,262SOX23KMN98,短袖POLO衫,炭黑色,,2026-02-06 17:11:02,,待收货,待收货,,,,合肥仓
Spyder,OPU2602060000033,OPU2602060000033,采购入库,6942133551742,20,0,0,262SOX23KMN98,短袖POLO衫,炭黑色,,2026-02-06 17:11:02,,待收货,待收货,,,,合肥仓
Spyder,OPU2602060000033,OPU2602060000033,采购入库,6942133551742,20,0,0,262SOX23KMN98,短袖POLO衫,炭黑色,,2026-02-06 17:11:02,,待收货,待收货,,,,合肥仓
Spyder,OPU2602060000033,OPU2602060000033,采购入库,6942133551742,20,0,0,262SOX23KMN98,短袖POLO衫,炭黑色,,2026-02-06 17:11:02,,待收货,待收货,,,,合肥仓
Spyder,OPU2602060000033,OPU2602060000033,采购入库,6942133551742,20,0,0,262SOX23KMN98,短袖POLO衫,炭黑色,,2026-02-06 17:11:02,,待收货,待收货,,,,合肥仓
Spyder,OPU2602060000033,OPU2602060000033,采购入库,6942133551742,20,0,0,262SOX23KMN98,短袖POLO衫,炭黑色,,2026-02-06 17:11:02,,待收货,待收货,,,,合肥仓
Spyder,OPU2602060000033,OPU2602060000033,采购入库,6942133551742,20,0,0,262SOX23KMN98,短袖POLO衫,炭黑色,,2026-02-06 17:11:02,,待收货,待收货,,,,合肥仓
Spyder,OPU2602060000033,OPU2602060000033,采购入库,6942133551742,20,0,0,262SOX23KMN98,短袖POLO衫,炭黑色,,2026-02-06 17:11:02,,待收货,待收货,,,,合肥仓
Spyder,OPU2602060000033,OPU2602060000033,采购入库,6942133551742,20,0,0,262SOX23KMN98,短袖POLO衫,炭黑色,,2026-02-06 17:11:02,,待收货,待收货,,,,合肥仓
Spyder,OPU2602060000033,OPU2602060000033,采购入库,6942133551742,20,0,0,262SOX23KMN98,短袖POLO衫,炭黑色,,2026-02-06 17:11:02,,待收货,待收货,,,,合肥仓
Spyder,OPU2602060000033,OPU2602060000033,采购入库,6942133551742,20,0,0,262SOX23KMN98,短袖POLO衫,炭黑色,,2026-02-06 17:11:02,,待收货,待收货,,,,合肥仓
Spyder,OPU2602060000033,OPU2602060000033,采购入库,6942133551742,20,0,0,262SOX23KMN98,短袖POLO衫,炭黑色,,2026-02-06 17:11:02,,待收货,待收货,,,,合肥仓
Spyder,OPU2602060000033,OPU2602060000033,采购入库,6942133551742,20,0,0,262SOX23KMN98,短袖POLO衫,炭黑色,,2026-02-06 17:11:02,,待收货,待收货,,,,合肥仓
Spyder,OPU2602060000033,OPU2602060000033,采购入库,6942133551742,20,0,0,262SOX23KMN98,短袖POLO衫,炭黑色,,2026-02-06 17:11:02,,待收货,待收货,,,,合肥仓
Spyder,OPU2602060000033,OPU2602060000033,采购入库,6942133551742,20,0,0,262SOX23KMN98,短袖POLO衫,炭黑色,,2026-02-06 17:11:02,,待收货,待收货,,,,合肥仓
Spyder,OPU2602060000033,OPU2602060000033,采购入库,6942133551742,20,0,0,262SOX23KMN98,短袖POLO衫,炭黑色,,2026-02-06 17:11:02,,待收货,待收货,,,,合肥仓
Spyder,OPU2602060000033,OPU2602060000033,采购入库,6942133551742,20,0,0,262SOX23KMN98,短袖POLO衫,炭黑色,,2026-02-06 17:11:02,,待收货,待收货,,,,合肥仓
Spyder,OPU2602060000033,OPU2602060000033,采购入库,6942133551742,20,0,0,262SOX23KMN98,短袖POLO衫,炭黑色,,2026-02-06 17:11:02,,待收货,待收货,,,,合肥仓
Spyder,OPU2602060000033,OPU2602060000033,采购入库,6942133551742,20,0,0,262SOX23KMN98,短袖POLO衫,炭黑色,,2026-02-06 17:11:02,,待收货,待收货,,,,合肥仓
Spyder,OPU2602060000033,OPU2602060000033,采购入库,6942133551773,20,0,0,262SOX23KMN09,短袖POLO衫,科技灰,,2026-02-06 17:11:02,,待收货,待收货,,,,合肥仓
Spyder,OPU2602060000033,OPU2602060000033,采购入库,6942133551773,20,0,0,262SOX23KMN09,短袖POLO衫,科技灰,,2026-02-06 17:11:02,,待收货,待收货,,,,合肥仓
Spyder,OPU2602060000033,OPU2602060000033,采购入库,6942133551773,20,0,0,262SOX23KMN09,短袖POLO衫,科技灰,,2026-02-06 17:11:02,,待收货,待收货,,,,合肥仓
Spyder,OPU2602060000033,OPU2602060000033,采购入库,6942133551773,20,0,0,262SOX23KMN09,短袖POLO衫,科技灰,,2026-02-06 17:11:02,,待收货,待收货,,,,合肥仓
Spyder,OPU2602060000033,OPU2602060000033,采购入库,6942133551773,20,0,0,262SOX23KMN09,短袖POLO衫,科技灰,,2026-02-06 17:11:02,,待收货,待收货,,,,合肥仓
Spyder,OPU2602060000033,OPU2602060000033,采购入库,6942133551773,20,0,0,262SOX23KMN09,短袖POLO衫,科技灰,,2026-02-06 17:11:02,,待收货,待收货,,,,合肥仓
Spyder,OPU2602060000033,OPU2602060000033,采购入库,6942133551773,20,0,0,262SOX23KMN09,短袖POLO衫,科技灰,,2026-02-06 17:11:02,,待收货,待收货,,,,合肥仓
Spyder,OPU2602060000033,OPU2602060000033,采购入库,6942133551773,20,0,0,262SOX23KMN09,短袖POLO衫,科技灰,,2026-02-06 17:11:02,,待收货,待收货,,,,合肥仓
Spyder,OPU2602060000033,OPU2602060000033,采购入库,6942133551773,20,0,0,262SOX23KMN09,短袖POLO衫,科技灰,,2026-02-06 17:11:02,,待收货,待收货,,,,合肥仓
Spyder,OPU2602060000033,OPU2602060000033,采购入库,6942133551773,20,0,0,262SOX23KMN09,短袖POLO衫,科技灰,,2026-02-06 17:11:02,,待收货,待收货,,,,合肥仓
Spyder,OPU2602060000033,OPU2602060000033,采购入库,6942133551773,20,0,0,262SOX23KMN09,短袖POLO衫,科技灰,,2026-02-06 17:11:02,,待收货,待收货,,,,合肥仓
Spyder,OPU2602060000033,OPU2602060000033,采购入库,6942133551773,20,0,0,262SOX23KMN09,短袖POLO衫,科技灰,,2026-02-06 17:11:02,,待收货,待收货,,,,合肥仓
Spyder,OPU2602060000033,OPU2602060000033,采购入库,6942133551773,20,0,0,262SOX23KMN09,短袖POLO衫,科技灰,,2026-02-06 17:11:02,,待收货,待收货,,,,合肥仓
Spyder,OPU2602060000033,OPU2602060000033,采购入库,6942133551773,20,0,0,262SOX23KMN09,短袖POLO衫,科技灰,,2026-02-06 17:11:02,,待收货,待收货,,,,合肥仓
Spyder,OPU2602060000033,OPU2602060000033,采购入库,6942133551773,20,0,0,262SOX23KMN09,短袖POLO衫,科技灰,,2026-02-06 17:11:02,,待收货,待收货,,,,合肥仓
Spyder,OPU2602060000033,OPU2602060000033,采购入库,6942133551773,20,0,0,262SOX23KMN09,短袖POLO衫,科技灰,,2026-02-06 17:11:02,,待收货,待收货,,,,合肥仓
Spyder,OPU2602060000033,OPU2602060000033,采购入库,6942133551773,20,0,0,262SOX23KMN09,短袖POLO衫,科技灰,,2026-02-06 17:11:02,,待收货,待收货,,,,合肥仓
Spyder,OPU2602060000033,OPU2602060000033,采购入库,6942133551773,20,0,0,262SOX23KMN09,短袖POLO衫,科技灰,,2026-02-06 17:11:02,,待收货,待收货,,,,合肥仓
Spyder,OPU2602060000033,OPU2602060000033,采购入库,6942133551773,20,0,0,262SOX23KMN09,短袖POLO衫,科技灰,,2026-02-06 17:11:02,,待收货,待收货,,,,合肥仓
Spyder,OPU2602060000033,OPU2602060000033,采购入库,6942133551773,20,0,0,262SOX23KMN09,短袖POLO衫,科技灰,,2026-02-06 17:11:02,,待收货,待收货,,,,合肥仓
Spyder,OPU2602060000033,OPU2602060000033,采购入库,6942133551773,20,0,0,262SOX23KMN09,短袖POLO衫,科技灰,,2026-02-06 17:11:02,,待收货,待收货,,,,合肥仓
Spyder,OPU2602060000033,OPU2602060000033,采购入库,6942133551773,20,0,0,262SOX23KMN09,短袖POLO衫,科技灰,,2026-02-06 17:11:02,,待收货,待收货,,,,合肥仓
Spyder,OPU2602060000033,OPU2602060000033,采购入库,6942133551773,20,0,0,262SOX23KMN09,短袖POLO衫,科技灰,,2026-02-06 17:11:02,,待收货,待收货,,,,合肥仓
Spyder,OPU2602060000033,OPU2602060000033,采购入库,6942133551773,20,0,0,262SOX23KMN09,短袖POLO衫,科技灰,,2026-02-06 17:11:02,,待收货,待收货,,,,合肥仓
Spyder,OPU2602060000033,OPU2602060000033,采购入库,6942133551773,20,0,0,262SOX23KMN09,短袖POLO衫,科技灰,,2026-02-06 17:11:02,,待收货,待收货,,,,合肥仓
Spyder,OPU2602060000033,OPU2602060000033,采购入库,6942133551773,20,0,0,262SOX23KMN09,短袖POLO衫,科技灰,,2026-02-06 17:11:02,,待收货,待收货,,,,合肥仓
Spyder,OPU2602060000033,OPU2602060000033,采购入库,6942133551773,20,0,0,262SOX23KMN09,短袖POLO衫,科技灰,,2026-02-06 17:11:02,,待收货,待收货,,,,合肥仓
Spyder,OPU2602060000033,OPU2602060000033,采购入库,6942133551773,20,0,0,262SOX23KMN09,短袖POLO衫,科技灰,,2026-02-06 17:11:02,,待收货,待收货,,,,合肥仓
Spyder,OPU2602060000033,OPU2602060000033,采购入库,6942133551773,20,0,0,262SOX23KMN09,短袖POLO衫,科技灰,,2026-02-06 17:11:02,,待收货,待收货,,,,合肥仓
Spyder,OPU2602060000033,OPU2602060000033,采购入库,6942133551773,20,0,0,262SOX23KMN09,短袖POLO衫,科技灰,,2026-02-06 17:11:02,,待收货,待收货,,,,合肥仓
Spyder,OPU2602060000033,OPU2602060000033,采购入库,6942133551773,20,0,0,262SOX23KMN09,短袖POLO衫,科技灰,,2026-02-06 17:11:02,,待收货,待收货,,,,合肥仓
Spyder,OPU2602060000033,OPU2602060000033,采购入库,6942133551773,20,0,0,262SOX23KMN09,短袖POLO衫,科技灰,,2026-02-06 17:11:02,,待收货,待收货,,,,合肥仓
Spyder,OPU2602060000033,OPU2602060000033,采购入库,6942133551773,20,0,0,262SOX23KMN09,短袖POLO衫,科技灰,,2026-02-06 17:11:02,,待收货,待收货,,,,合肥仓
Spyder,OPU2602060000033,OPU2602060000033,采购入库,6942133551773,20,0,0,262SOX23KMN09,短袖POLO衫,科技灰,,2026-02-06 17:11:02,,待收货,待收货,,,,合肥仓
Spyder,OPU2602060000033,OPU2602060000033,采购入库,6942133551773,20,0,0,262SOX23KMN09,短袖POLO衫,科技灰,,2026-02-06 17:11:02,,待收货,待收货,,,,合肥仓
Spyder,OPU2602060000033,OPU2602060000033,采购入库,6942133551773,20,0,0,262SOX23KMN09,短袖POLO衫,科技灰,,2026-02-06 17:11:02,,待收货,待收货,,,,合肥仓
Spyder,OPU2602060000033,OPU2602060000033,采购入库,6942133551773,20,0,0,262SOX23KMN09,短袖POLO衫,科技灰,,2026-02-06 17:11:02,,待收货,待收货,,,,合肥仓
Spyder,OPU2602060000033,OPU2602060000033,采购入库,6942133551773,20,0,0,262SOX23KMN09,短袖POLO衫,科技灰,,2026-02-06 17:11:02,,待收货,待收货,,,,合肥仓
Spyder,OPU2602060000033,OPU2602060000033,采购入库,6942133551773,20,0,0,262SOX23KMN09,短袖POLO衫,科技灰,,2026-02-06 17:11:02,,待收货,待收货,,,,合肥仓
Spyder,OPU2602060000033,OPU2602060000033,采购入库,6942133551773,20,0,0,262SOX23KMN09,短袖POLO衫,科技灰,,2026-02-06 17:11:02,,待收货,待收货,,,,合肥仓
Spyder,OPU2602060000033,OPU2602060000033,采购入库,6942133551773,20,0,0,262SOX23KMN09,短袖POLO衫,科技灰,,2026-02-06 17:11:02,,待收货,待收货,,,,合肥仓
Spyder,OPU2602060000033,OPU2602060000033,采购入库,6942133551773,20,0,0,262SOX23KMN09,短袖POLO衫,科技灰,,2026-02-06 17:11:02,,待收货,待收货,,,,合肥仓
Spyder,OPU2602060000033,OPU2602060000033,采购入库,6942133551773,20,0,0,262SOX23KMN09,短袖POLO衫,科技灰,,2026-02-06 17:11:02,,待收货,待收货,,,,合肥仓
Spyder,OPU2602060000033,OPU2602060000033,采购入库,6942133551773,20,0,0,262SOX23KMN09,短袖POLO衫,科技灰,,2026-02-06 17:11:02,,待收货,待收货,,,,合肥仓
Spyder,OPU2602060000033,OPU2602060000033,采购入库,6942133551773,20,0,0,262SOX23KMN09,短袖POLO衫,科技灰,,2026-02-06 17:11:02,,待收货,待收货,,,,合肥仓
Spyder,OPU2602060000033,OPU2602060000033,采购入库,6942133551773,20,0,0,262SOX23KMN09,短袖POLO衫,科技灰,,2026-02-06 17:11:02,,待收货,待收货,,,,合肥仓
Spyder,OPU2602060000033,OPU2602060000033,采购入库,6942133551773,20,0,0,262SOX23KMN09,短袖POLO衫,科技灰,,2026-02-06 17:11:02,,待收货,待收货,,,,合肥仓
Spyder,OPU2602060000033,OPU2602060000033,采购入库,6942133551773,20,0,0,262SOX23KMN09,短袖POLO衫,科技灰,,2026-02-06 17:11:02,,待收货,待收货,,,,合肥仓
Spyder,OPU2602060000033,OPU2602060000033,采购入库,6942133551773,20,0,0,262SOX23KMN09,短袖POLO衫,科技灰,,2026-02-06 17:11:02,,待收货,待收货,,,,合肥仓
Spyder,OPU2602060000033,OPU2602060000033,采购入库,6942133551773,20,0,0,262SOX23KMN09,短袖POLO衫,科技灰,,2026-02-06 17:11:02,,待收货,待收货,,,,合肥仓
Spyder,OPU2602060000033,OPU2602060000033,采购入库,6942133551773,20,0,0,262SOX23KMN09,短袖POLO衫,科技灰,,2026-02-06 17:11:02,,待收货,待收货,,,,合肥仓
Spyder,OPU2602060000033,OPU2602060000033,采购入库,6942133551773,20,0,0,262SOX23KMN09,短袖POLO衫,科技灰,,2026-02-06 17:11:02,,待收货,待收货,,,,合肥仓
Spyder,OPU2602060000033,OPU2602060000033,采购入库,6942133551773,20,0,0,262SOX23KMN09,短袖POLO衫,科技灰,,2026-02-06 17:11:02,,待收货,待收货,,,,合肥仓
Spyder,OPU2602060000033,OPU2602060000033,采购入库,6942133551773,20,0,0,262SOX23KMN09,短袖POLO衫,科技灰,,2026-02-06 17:11:02,,待收货,待收货,,,,合肥仓
Spyder,OPU2602060000033,OPU2602060000033,采购入库,6942133551773,20,0,0,262SOX23KMN09,短袖POLO衫,科技灰,,2026-02-06 17:11:02,,待收货,待收货,,,,合肥仓
Spyder,OPU2602060000033,OPU2602060000033,采购入库,6942133551773,20,0,0,262SOX23KMN09,短袖POLO衫,科技灰,,2026-02-06 17:11:02,,待收货,待收货,,,,合肥仓
Spyder,OPU2602060000033,OPU2602060000033,采购入库,6942133551773,20,0,0,262SOX23KMN09,短袖POLO衫,科技灰,,2026-02-06 17:11:02,,待收货,待收货,,,,合肥仓
Spyder,OPU2602060000033,OPU2602060000033,采购入库,6942133551773,20,0,0,262SOX23KMN09,短袖POLO衫,科技灰,,2026-02-06 17:11:02,,待收货,待收货,,,,合肥仓
Spyder,OPU2602060000033,OPU2602060000033,采购入库,6942133551773,20,0,0,262SOX23KMN09,短袖POLO衫,科技灰,,2026-02-06 17:11:02,,待收货,待收货,,,,合肥仓
Spyder,OPU2602060000033,OPU2602060000033,采购入库,6942133551773,20,0,0,262SOX23KMN09,短袖POLO衫,科技灰,,2026-02-06 17:11:02,,待收货,待收货,,,,合肥仓
Spyder,OPU2602060000033,OPU2602060000033,采购入库,6942133551773,20,0,0,262SOX23KMN09,短袖POLO衫,科技灰,,2026-02-06 17:11:02,,待收货,待收货,,,,合肥仓
Spyder,OPU2602060000033,OPU2602060000033,采购入库,6942133551773,20,0,0,262SOX23KMN09,短袖POLO衫,科技灰,,2026-02-06 17:11:02,,待收货,待收货,,,,合肥仓
Spyder,OPU2602060000033,OPU2602060000033,采购入库,6942133551773,20,0,0,262SOX23KMN09,短袖POLO衫,科技灰,,2026-02-06 17:11:02,,待收货,待收货,,,,合肥仓
Spyder,OPU2602060000033,OPU2602060000033,采购入库,6942133551773,20,0,0,262SOX23KMN09,短袖POLO衫,科技灰,,2026-02-06 17:11:02,,待收货,待收货,,,,合肥仓
Spyder,OPU2602060000033,OPU2602060000033,采购入库,6942133551773,20,0,0,262SOX23KMN09,短袖POLO衫,科技灰,,2026-02-06 17:11:02,,待收货,待收货,,,,合肥仓
Spyder,OPU2602060000033,OPU2602060000033,采购入库,6942133551773,20,0,0,262SOX23KMN09,短袖POLO衫,科技灰,,2026-02-06 17:11:02,,待收货,待收货,,,,合肥仓
Spyder,OPU2602060000033,OPU2602060000033,采购入库,6942133551773,20,0,0,262SOX23KMN09,短袖POLO衫,科技灰,,2026-02-06 17:11:02,,待收货,待收货,,,,合肥仓
Spyder,OPU2602060000033,OPU2602060000033,采购入库,6942133551773,20,0,0,262SOX23KMN09,短袖POLO衫,科技灰,,2026-02-06 17:11:02,,待收货,待收货,,,,合肥仓
Spyder,OPU2602060000033,OPU2602060000033,采购入库,6942133551773,20,0,0,262SOX23KMN09,短袖POLO衫,科技灰,,2026-02-06 17:11:02,,待收货,待收货,,,,合肥仓
Spyder,OPU2602060000033,OPU2602060000033,采购入库,6942133551780,20,0,0,262SOX23KMN09,短袖POLO衫,科技灰,,2026-02-06 17:11:02,,待收货,待收货,,,,合肥仓
Spyder,OPU2602060000033,OPU2602060000033,采购入库,6942133551780,20,0,0,262SOX23KMN09,短袖POLO衫,科技灰,,2026-02-06 17:11:02,,待收货,待收货,,,,合肥仓
Spyder,OPU2602060000033,OPU2602060000033,采购入库,6942133551780,20,0,0,262SOX23KMN09,短袖POLO衫,科技灰,,2026-02-06 17:11:02,,待收货,待收货,,,,合肥仓
Spyder,OPU2602060000033,OPU2602060000033,采购入库,6942133551780,20,0,0,262SOX23KMN09,短袖POLO衫,科技灰,,2026-02-06 17:11:02,,待收货,待收货,,,,合肥仓
Spyder,OPU2602060000033,OPU2602060000033,采购入库,6942133551780,20,0,0,262SOX23KMN09,短袖POLO衫,科技灰,,2026-02-06 17:11:02,,待收货,待收货,,,,合肥仓
Spyder,OPU2602060000033,OPU2602060000033,采购入库,6942133551780,20,0,0,262SOX23KMN09,短袖POLO衫,科技灰,,2026-02-06 17:11:02,,待收货,待收货,,,,合肥仓
Spyder,OPU2602060000033,OPU2602060000033,采购入库,6942133551780,20,0,0,262SOX23KMN09,短袖POLO衫,科技灰,,2026-02-06 17:11:02,,待收货,待收货,,,,合肥仓
Spyder,OPU2602060000033,OPU2602060000033,采购入库,6942133551780,20,0,0,262SOX23KMN09,短袖POLO衫,科技灰,,2026-02-06 17:11:02,,待收货,待收货,,,,合肥仓
Spyder,OPU2602060000033,OPU2602060000033,采购入库,6942133551780,20,0,0,262SOX23KMN09,短袖POLO衫,科技灰,,2026-02-06 17:11:02,,待收货,待收货,,,,合肥仓
Spyder,OPU2602060000033,OPU2602060000033,采购入库,6942133551780,20,0,0,262SOX23KMN09,短袖POLO衫,科技灰,,2026-02-06 17:11:02,,待收货,待收货,,,,合肥仓
Spyder,OPU2602060000033,OPU2602060000033,采购入库,6942133551780,20,0,0,262SOX23KMN09,短袖POLO衫,科技灰,,2026-02-06 17:11:02,,待收货,待收货,,,,合肥仓
Spyder,OPU2602060000033,OPU2602060000033,采购入库,6942133551780,20,0,0,262SOX23KMN09,短袖POLO衫,科技灰,,2026-02-06 17:11:02,,待收货,待收货,,,,合肥仓
Spyder,OPU2602060000033,OPU2602060000033,采购入库,6942133551780,20,0,0,262SOX23KMN09,短袖POLO衫,科技灰,,2026-02-06 17:11:02,,待收货,待收货,,,,合肥仓
Spyder,OPU2602060000033,OPU2602060000033,采购入库,6942133551780,20,0,0,262SOX23KMN09,短袖POLO衫,科技灰,,2026-02-06 17:11:02,,待收货,待收货,,,,合肥仓
Spyder,OPU2602060000033,OPU2602060000033,采购入库,6942133551780,20,0,0,262SOX23KMN09,短袖POLO衫,科技灰,,2026-02-06 17:11:02,,待收货,待收货,,,,合肥仓
Spyder,OPU2602060000033,OPU2602060000033,采购入库,6942133551780,20,0,0,262SOX23KMN09,短袖POLO衫,科技灰,,2026-02-06 17:11:02,,待收货,待收货,,,,合肥仓
Spyder,OPU2602060000033,OPU2602060000033,采购入库,6942133551780,20,0,0,262SOX23KMN09,短袖POLO衫,科技灰,,2026-02-06 17:11:02,,待收货,待收货,,,,合肥仓
Spyder,OPU2602060000033,OPU2602060000033,采购入库,6942133551780,20,0,0,262SOX23KMN09,短袖POLO衫,科技灰,,2026-02-06 17:11:02,,待收货,待收货,,,,合肥仓
Spyder,OPU2602060000033,OPU2602060000033,采购入库,6942133551780,20,0,0,262SOX23KMN09,短袖POLO衫,科技灰,,2026-02-06 17:11:02,,待收货,待收货,,,,合肥仓
Spyder,OPU2602060000033,OPU2602060000033,采购入库,6942133551742,20,0,0,262SOX23KMN98,短袖POLO衫,炭黑色,,2026-02-06 17:11:02,,待收货,待收货,,,,合肥仓
Spyder,OPU2602060000033,OPU2602060000033,采购入库,6942133551742,20,0,0,262SOX23KMN98,短袖POLO衫,炭黑色,,2026-02-06 17:11:02,,待收货,待收货,,,,合肥仓
Spyder,OPU2602060000033,OPU2602060000033,采购入库,6942133551742,20,0,0,262SOX23KMN98,短袖POLO衫,炭黑色,,2026-02-06 17:11:02,,待收货,待收货,,,,合肥仓
Spyder,OPU2602060000033,OPU2602060000033,采购入库,6942133551742,20,0,0,262SOX23KMN98,短袖POLO衫,炭黑色,,2026-02-06 17:11:02,,待收货,待收货,,,,合肥仓
Spyder,OPU2602060000033,OPU2602060000033,采购入库,6942133551742,20,0,0,262SOX23KMN98,短袖POLO衫,炭黑色,,2026-02-06 17:11:02,,待收货,待收货,,,,合肥仓
Spyder,OPU2602060000033,OPU2602060000033,采购入库,6942133551742,20,0,0,262SOX23KMN98,短袖POLO衫,炭黑色,,2026-02-06 17:11:02,,待收货,待收货,,,,合肥仓
Spyder,OPU2602060000033,OPU2602060000033,采购入库,6942133551742,20,0,0,262SOX23KMN98,短袖POLO衫,炭黑色,,2026-02-06 17:11:02,,待收货,待收货,,,,合肥仓
Spyder,OPU2602060000033,OPU2602060000033,采购入库,6942133551742,20,0,0,262SOX23KMN98,短袖POLO衫,炭黑色,,2026-02-06 17:11:02,,待收货,待收货,,,,合肥仓
Spyder,OPU2602060000033,OPU2602060000033,采购入库,6942133551742,20,0,0,262SOX23KMN98,短袖POLO衫,炭黑色,,2026-02-06 17:11:02,,待收货,待收货,,,,合肥仓
Spyder,OPU2602060000033,OPU2602060000033,采购入库,6942133551742,20,0,0,262SOX23KMN98,短袖POLO衫,炭黑色,,2026-02-06 17:11:02,,待收货,待收货,,,,合肥仓
Spyder,OPU2602060000033,OPU2602060000033,采购入库,6942133551742,20,0,0,262SOX23KMN98,短袖POLO衫,炭黑色,,2026-02-06 17:11:02,,待收货,待收货,,,,合肥仓
Spyder,OPU2602060000033,OPU2602060000033,采购入库,6942133551742,20,0,0,262SOX23KMN98,短袖POLO衫,炭黑色,,2026-02-06 17:11:02,,待收货,待收货,,,,合肥仓
Spyder,OPU2602060000033,OPU2602060000033,采购入库,6942133551742,20,0,0,262SOX23KMN98,短袖POLO衫,炭黑色,,2026-02-06 17:11:02,,待收货,待收货,,,,合肥仓
Spyder,OPU2602060000033,OPU2602060000033,采购入库,6942133551742,20,0,0,262SOX23KMN98,短袖POLO衫,炭黑色,,2026-02-06 17:11:02,,待收货,待收货,,,,合肥仓
Spyder,OPU2602060000033,OPU2602060000033,采购入库,6942133551742,20,0,0,262SOX23KMN98,短袖POLO衫,炭黑色,,2026-02-06 17:11:02,,待收货,待收货,,,,合肥仓
Spyder,OPU2602060000033,OPU2602060000033,采购入库,6942133551742,20,0,0,262SOX23KMN98,短袖POLO衫,炭黑色,,2026-02-06 17:11:02,,待收货,待收货,,,,合肥仓
Spyder,OPU2602060000033,OPU2602060000033,采购入库,6942133551742,20,0,0,262SOX23KMN98,短袖POLO衫,炭黑色,,2026-02-06 17:11:02,,待收货,待收货,,,,合肥仓
Spyder,OPU2602060000033,OPU2602060000033,采购入库,6942133551742,20,0,0,262SOX23KMN98,短袖POLO衫,炭黑色,,2026-02-06 17:11:02,,待收货,待收货,,,,合肥仓
Spyder,OPU2602060000033,OPU2602060000033,采购入库,6942133551742,20,0,0,262SOX23KMN98,短袖POLO衫,炭黑色,,2026-02-06 17:11:02,,待收货,待收货,,,,合肥仓
Spyder,OPU2602060000033,OPU2602060000033,采购入库,6942133551742,20,0,0,262SOX23KMN98,短袖POLO衫,炭黑色,,2026-02-06 17:11:02,,待收货,待收货,,,,合肥仓
Spyder,OPU2602060000033,OPU2602060000033,采购入库,6942133551742,20,0,0,262SOX23KMN98,短袖POLO衫,炭黑色,,2026-02-06 17:11:02,,待收货,待收货,,,,合肥仓
Spyder,OPU2602060000033,OPU2602060000033,采购入库,6942133551742,20,0,0,262SOX23KMN98,短袖POLO衫,炭黑色,,2026-02-06 17:11:02,,待收货,待收货,,,,合肥仓
Spyder,OPU2602060000033,OPU2602060000033,采购入库,6942133551742,20,0,0,262SOX23KMN98,短袖POLO衫,炭黑色,,2026-02-06 17:11:02,,待收货,待收货,,,,合肥仓
Spyder,OPU2602060000033,OPU2602060000033,采购入库,6942133551780,20,0,0,262SOX23KMN09,短袖POLO衫,科技灰,,2026-02-06 17:11:02,,待收货,待收货,,,,合肥仓
Spyder,OPU2602060000033,OPU2602060000033,采购入库,6942133551780,20,0,0,262SOX23KMN09,短袖POLO衫,科技灰,,2026-02-06 17:11:02,,待收货,待收货,,,,合肥仓
Spyder,OPU2602060000033,OPU2602060000033,采购入库,6942133551780,20,0,0,262SOX23KMN09,短袖POLO衫,科技灰,,2026-02-06 17:11:02,,待收货,待收货,,,,合肥仓
Spyder,OPU2602060000033,OPU2602060000033,采购入库,6942133551780,20,0,0,262SOX23KMN09,短袖POLO衫,科技灰,,2026-02-06 17:11:02,,待收货,待收货,,,,合肥仓
Spyder,OPU2602060000033,OPU2602060000033,采购入库,6942133551780,20,0,0,262SOX23KMN09,短袖POLO衫,科技灰,,2026-02-06 17:11:02,,待收货,待收货,,,,合肥仓
Spyder,OPU2602060000033,OPU2602060000033,采购入库,6942133551780,20,0,0,262SOX23KMN09,短袖POLO衫,科技灰,,2026-02-06 17:11:02,,待收货,待收货,,,,合肥仓
Spyder,OPU2602060000033,OPU2602060000033,采购入库,6942133551780,20,0,0,262SOX23KMN09,短袖POLO衫,科技灰,,2026-02-06 17:11:02,,待收货,待收货,,,,合肥仓
Spyder,OPU2602060000033,OPU2602060000033,采购入库,6942133551780,20,0,0,262SOX23KMN09,短袖POLO衫,科技灰,,2026-02-06 17:11:02,,待收货,待收货,,,,合肥仓
Spyder,OPU2602060000033,OPU2602060000033,采购入库,6942133551780,20,0,0,262SOX23KMN09,短袖POLO衫,科技灰,,2026-02-06 17:11:02,,待收货,待收货,,,,合肥仓
Spyder,OPU2602060000033,OPU2602060000033,采购入库,6942133551780,20,0,0,262SOX23KMN09,短袖POLO衫,科技灰,,2026-02-06 17:11:02,,待收货,待收货,,,,合肥仓
Spyder,OPU2602060000033,OPU2602060000033,采购入库,6942133551780,20,0,0,262SOX23KMN09,短袖POLO衫,科技灰,,2026-02-06 17:11:02,,待收货,待收货,,,,合肥仓
Spyder,OPU2602060000033,OPU2602060000033,采购入库,6942133551780,20,0,0,262SOX23KMN09,短袖POLO衫,科技灰,,2026-02-06 17:11:02,,待收货,待收货,,,,合肥仓
Spyder,OPU2602060000033,OPU2602060000033,采购入库,6942133551780,20,0,0,262SOX23KMN09,短袖POLO衫,科技灰,,2026-02-06 17:11:02,,待收货,待收货,,,,合肥仓
Spyder,OPU2602060000033,OPU2602060000033,采购入库,6942133551780,20,0,0,262SOX23KMN09,短袖POLO衫,科技灰,,2026-02-06 17:11:02,,待收货,待收货,,,,合肥仓
Spyder,OPU2602060000033,OPU2602060000033,采购入库,6942133551780,20,0,0,262SOX23KMN09,短袖POLO衫,科技灰,,2026-02-06 17:11:02,,待收货,待收货,,,,合肥仓
Spyder,OPU2602060000033,OPU2602060000033,采购入库,6942133551780,20,0,0,262SOX23KMN09,短袖POLO衫,科技灰,,2026-02-06 17:11:02,,待收货,待收货,,,,合肥仓
Spyder,OPU2602060000033,OPU2602060000033,采购入库,6942133551780,20,0,0,262SOX23KMN09,短袖POLO衫,科技灰,,2026-02-06 17:11:02,,待收货,待收货,,,,合肥仓
Spyder,OPU2602060000033,OPU2602060000033,采购入库,6942133551780,20,0,0,262SOX23KMN09,短袖POLO衫,科技灰,,2026-02-06 17:11:02,,待收货,待收货,,,,合肥仓
Spyder,OPU2602060000033,OPU2602060000033,采购入库,6942133551780,20,0,0,262SOX23KMN09,短袖POLO衫,科技灰,,2026-02-06 17:11:02,,待收货,待收货,,,,合肥仓
Spyder,OPU2602060000033,OPU2602060000033,采购入库,6942133551780,20,0,0,262SOX23KMN09,短袖POLO衫,科技灰,,2026-02-06 17:11:02,,待收货,待收货,,,,合肥仓
Spyder,OPU2602060000033,OPU2602060000033,采购入库,6942133551780,20,0,0,262SOX23KMN09,短袖POLO衫,科技灰,,2026-02-06 17:11:02,,待收货,待收货,,,,合肥仓
Spyder,OPU2602060000033,OPU2602060000033,采购入库,6942133551780,20,0,0,262SOX23KMN09,短袖POLO衫,科技灰,,2026-02-06 17:11:02,,待收货,待收货,,,,合肥仓
Spyder,OPU2602060000033,OPU2602060000033,采购入库,6942133551780,20,0,0,262SOX23KMN09,短袖POLO衫,科技灰,,2026-02-06 17:11:02,,待收货,待收货,,,,合肥仓
Spyder,OPU2602060000033,OPU2602060000033,采购入库,6942133551780,20,0,0,262SOX23KMN09,短袖POLO衫,科技灰,,2026-02-06 17:11:02,,待收货,待收货,,,,合肥仓
Spyder,OPU2602060000033,OPU2602060000033,采购入库,6942133551780,20,0,0,262SOX23KMN09,短袖POLO衫,科技灰,,2026-02-06 17:11:02,,待收货,待收货,,,,合肥仓
Spyder,OPU2602060000033,OPU2602060000033,采购入库,6942133551780,20,0,0,262SOX23KMN09,短袖POLO衫,科技灰,,2026-02-06 17:11:02,,待收货,待收货,,,,合肥仓
Spyder,OPU2602060000033,OPU2602060000033,采购入库,6942133551780,20,0,0,262SOX23KMN09,短袖POLO衫,科技灰,,2026-02-06 17:11:02,,待收货,待收货,,,,合肥仓
Spyder,OPU2602060000033,OPU2602060000033,采购入库,6942133551780,20,0,0,262SOX23KMN09,短袖POLO衫,科技灰,,2026-02-06 17:11:02,,待收货,待收货,,,,合肥仓
Spyder,OPU2602060000033,OPU2602060000033,采购入库,6942133551780,20,0,0,262SOX23KMN09,短袖POLO衫,科技灰,,2026-02-06 17:11:02,,待收货,待收货,,,,合肥仓
Spyder,OPU2602060000033,OPU2602060000033,采购入库,6942133551780,20,0,0,262SOX23KMN09,短袖POLO衫,科技灰,,2026-02-06 17:11:02,,待收货,待收货,,,,合肥仓
Spyder,OPU2602060000033,OPU2602060000033,采购入库,6942133551780,20,0,0,262SOX23KMN09,短袖POLO衫,科技灰,,2026-02-06 17:11:02,,待收货,待收货,,,,合肥仓
Spyder,OPU2602060000033,OPU2602060000033,采购入库,6942133551780,20,0,0,262SOX23KMN09,短袖POLO衫,科技灰,,2026-02-06 17:11:02,,待收货,待收货,,,,合肥仓
Spyder,OPU2602060000033,OPU2602060000033,采购入库,6942133551780,20,0,0,262SOX23KMN09,短袖POLO衫,科技灰,,2026-02-06 17:11:02,,待收货,待收货,,,,合肥仓
Spyder,OPU2602060000033,OPU2602060000033,采购入库,6942133551780,20,0,0,262SOX23KMN09,短袖POLO衫,科技灰,,2026-02-06 17:11:02,,待收货,待收货,,,,合肥仓
Spyder,OPU2602060000033,OPU2602060000033,采购入库,6942133551780,20,0,0,262SOX23KMN09,短袖POLO衫,科技灰,,2026-02-06 17:11:02,,待收货,待收货,,,,合肥仓
Spyder,OPU2602060000033,OPU2602060000033,采购入库,6942133551780,20,0,0,262SOX23KMN09,短袖POLO衫,科技灰,,2026-02-06 17:11:02,,待收货,待收货,,,,合肥仓
Spyder,OPU2602060000033,OPU2602060000033,采购入库,6942133551780,20,0,0,262SOX23KMN09,短袖POLO衫,科技灰,,2026-02-06 17:11:02,,待收货,待收货,,,,合肥仓
Spyder,OPU2602060000033,OPU2602060000033,采购入库,6942133551780,20,0,0,262SOX23KMN09,短袖POLO衫,科技灰,,2026-02-06 17:11:02,,待收货,待收货,,,,合肥仓
Spyder,OPU2602060000033,OPU2602060000033,采购入库,6942133551780,20,0,0,262SOX23KMN09,短袖POLO衫,科技灰,,2026-02-06 17:11:02,,待收货,待收货,,,,合肥仓
Spyder,OPU2602060000033,OPU2602060000033,采购入库,6942133551780,20,0,0,262SOX23KMN09,短袖POLO衫,科技灰,,2026-02-06 17:11:02,,待收货,待收货,,,,合肥仓
Spyder,OPU2602060000033,OPU2602060000033,采购入库,6942133551780,20,0,0,262SOX23KMN09,短袖POLO衫,科技灰,,2026-02-06 17:11:02,,待收货,待收货,,,,合肥仓
Spyder,OPU2602060000033,OPU2602060000033,采购入库,6942133551780,20,0,0,262SOX23KMN09,短袖POLO衫,科技灰,,2026-02-06 17:11:02,,待收货,待收货,,,,合肥仓
Spyder,OPU2602060000033,OPU2602060000033,采购入库,6942133551780,20,0,0,262SOX23KMN09,短袖POLO衫,科技灰,,2026-02-06 17:11:02,,待收货,待收货,,,,合肥仓
Spyder,OPU2602060000033,OPU2602060000033,采购入库,6942133551780,20,0,0,262SOX23KMN09,短袖POLO衫,科技灰,,2026-02-06 17:11:02,,待收货,待收货,,,,合肥仓
Spyder,OPU2602060000033,OPU2602060000033,采购入库,6942133551780,20,0,0,262SOX23KMN09,短袖POLO衫,科技灰,,2026-02-06 17:11:02,,待收货,待收货,,,,合肥仓
Spyder,OPU2602060000033,OPU2602060000033,采购入库,6942133551780,20,0,0,262SOX23KMN09,短袖POLO衫,科技灰,,2026-02-06 17:11:02,,待收货,待收货,,,,合肥仓
Spyder,OPU2602060000033,OPU2602060000033,采购入库,6942133551780,20,0,0,262SOX23KMN09,短袖POLO衫,科技灰,,2026-02-06 17:11:02,,待收货,待收货,,,,合肥仓
Spyder,OPU2602060000033,OPU2602060000033,采购入库,6942133551780,20,0,0,262SOX23KMN09,短袖POLO衫,科技灰,,2026-02-06 17:11:02,,待收货,待收货,,,,合肥仓
Spyder,OPU2602060000033,OPU2602060000033,采购入库,6942133551780,20,0,0,262SOX23KMN09,短袖POLO衫,科技灰,,2026-02-06 17:11:02,,待收货,待收货,,,,合肥仓
Spyder,OPU2602060000033,OPU2602060000033,采购入库,6942133551780,20,0,0,262SOX23KMN09,短袖POLO衫,科技灰,,2026-02-06 17:11:02,,待收货,待收货,,,,合肥仓
Spyder,OPU2602060000033,OPU2602060000033,采购入库,6942133551780,20,0,0,262SOX23KMN09,短袖POLO衫,科技灰,,2026-02-06 17:11:02,,待收货,待收货,,,,合肥仓
Spyder,OPU2602060000033,OPU2602060000033,采购入库,6942133551780,20,0,0,262SOX23KMN09,短袖POLO衫,科技灰,,2026-02-06 17:11:02,,待收货,待收货,,,,合肥仓
Spyder,OPU2602060000033,OPU2602060000033,采购入库,6942133551780,20,0,0,262SOX23KMN09,短袖POLO衫,科技灰,,2026-02-06 17:11:02,,待收货,待收货,,,,合肥仓
Spyder,OPU2602060000033,OPU2602060000033,采购入库,6942133551780,20,0,0,262SOX23KMN09,短袖POLO衫,科技灰,,2026-02-06 17:11:02,,待收货,待收货,,,,合肥仓
Spyder,OPU2602060000033,OPU2602060000033,采购入库,6942133551780,20,0,0,262SOX23KMN09,短袖POLO衫,科技灰,,2026-02-06 17:11:02,,待收货,待收货,,,,合肥仓
Spyder,OPU2602060000033,OPU2602060000033,采购入库,6942133551780,20,0,0,262SOX23KMN09,短袖POLO衫,科技灰,,2026-02-06 17:11:02,,待收货,待收货,,,,合肥仓
Spyder,OPU2602060000033,OPU2602060000033,采购入库,6942133551780,20,0,0,262SOX23KMN09,短袖POLO衫,科技灰,,2026-02-06 17:11:02,,待收货,待收货,,,,合肥仓
Spyder,OPU2602060000033,OPU2602060000033,采购入库,6942133551780,20,0,0,262SOX23KMN09,短袖POLO衫,科技灰,,2026-02-06 17:11:02,,待收货,待收货,,,,合肥仓
Spyder,OPU2602060000033,OPU2602060000033,采购入库,6942133551780,20,0,0,262SOX23KMN09,短袖POLO衫,科技灰,,2026-02-06 17:11:02,,待收货,待收货,,,,合肥仓
Spyder,OPU2602060000033,OPU2602060000033,采购入库,6942133551780,20,0,0,262SOX23KMN09,短袖POLO衫,科技灰,,2026-02-06 17:11:02,,待收货,待收货,,,,合肥仓
Spyder,OPU2602060000033,OPU2602060000033,采购入库,6942133551780,20,0,0,262SOX23KMN09,短袖POLO衫,科技灰,,2026-02-06 17:11:02,,待收货,待收货,,,,合肥仓
Spyder,OPU2602060000033,OPU2602060000033,采购入库,6942133551780,20,0,0,262SOX23KMN09,短袖POLO衫,科技灰,,2026-02-06 17:11:02,,待收货,待收货,,,,合肥仓
Spyder,OPU2602060000033,OPU2602060000033,采购入库,6942133551780,20,0,0,262SOX23KMN09,短袖POLO衫,科技灰,,2026-02-06 17:11:02,,待收货,待收货,,,,合肥仓
Spyder,OPU2602060000033,OPU2602060000033,采购入库,6942133551780,20,0,0,262SOX23KMN09,短袖POLO衫,科技灰,,2026-02-06 17:11:02,,待收货,待收货,,,,合肥仓
Spyder,OPU2602060000033,OPU2602060000033,采购入库,6942133551780,20,0,0,262SOX23KMN09,短袖POLO衫,科技灰,,2026-02-06 17:11:02,,待收货,待收货,,,,合肥仓
Spyder,OPU2602060000033,OPU2602060000033,采购入库,6942133551780,20,0,0,262SOX23KMN09,短袖POLO衫,科技灰,,2026-02-06 17:11:02,,待收货,待收货,,,,合肥仓
Spyder,OPU2602060000033,OPU2602060000033,采购入库,6942133551780,20,0,0,262SOX23KMN09,短袖POLO衫,科技灰,,2026-02-06 17:11:02,,待收货,待收货,,,,合肥仓
Spyder,OPU2602060000033,OPU2602060000033,采购入库,6942133551780,20,0,0,262SOX23KMN09,短袖POLO衫,科技灰,,2026-02-06 17:11:02,,待收货,待收货,,,,合肥仓
Spyder,OPU2602060000033,OPU2602060000033,采购入库,6942133551780,20,0,0,262SOX23KMN09,短袖POLO衫,科技灰,,2026-02-06 17:11:02,,待收货,待收货,,,,合肥仓
Spyder,OPU2602060000033,OPU2602060000033,采购入库,6942133551780,20,0,0,262SOX23KMN09,短袖POLO衫,科技灰,,2026-02-06 17:11:02,,待收货,待收货,,,,合肥仓
Spyder,OPU2602060000033,OPU2602060000033,采购入库,6942133551780,20,0,0,262SOX23KMN09,短袖POLO衫,科技灰,,2026-02-06 17:11:02,,待收货,待收货,,,,合肥仓
Spyder,OPU2602060000033,OPU2602060000033,采购入库,6942133551780,20,0,0,262SOX23KMN09,短袖POLO衫,科技灰,,2026-02-06 17:11:02,,待收货,待收货,,,,合肥仓
Spyder,OPU2602060000033,OPU2602060000033,采购入库,6942133551780,20,0,0,262SOX23KMN09,短袖POLO衫,科技灰,,2026-02-06 17:11:02,,待收货,待收货,,,,合肥仓
Spyder,OPU2602060000033,OPU2602060000033,采购入库,6942133551780,20,0,0,262SOX23KMN09,短袖POLO衫,科技灰,,2026-02-06 17:11:02,,待收货,待收货,,,,合肥仓
Spyder,OPU2602060000033,OPU2602060000033,采购入库,6942133551780,20,0,0,262SOX23KMN09,短袖POLO衫,科技灰,,2026-02-06 17:11:02,,待收货,待收货,,,,合肥仓
Spyder,OPU2602060000033,OPU2602060000033,采购入库,6942133551780,20,0,0,262SOX23KMN09,短袖POLO衫,科技灰,,2026-02-06 17:11:02,,待收货,待收货,,,,合肥仓
Spyder,OPU2602060000033,OPU2602060000033,采购入库,6942133551780,20,0,0,262SOX23KMN09,短袖POLO衫,科技灰,,2026-02-06 17:11:02,,待收货,待收货,,,,合肥仓
Spyder,OPU2602060000033,OPU2602060000033,采购入库,6942133551780,20,0,0,262SOX23KMN09,短袖POLO衫,科技灰,,2026-02-06 17:11:02,,待收货,待收货,,,,合肥仓
Spyder,OPU2602060000033,OPU2602060000033,采购入库,6942133551780,20,0,0,262SOX23KMN09,短袖POLO衫,科技灰,,2026-02-06 17:11:02,,待收货,待收货,,,,合肥仓
Spyder,OPU2602060000033,OPU2602060000033,采购入库,6942133551780,20,0,0,262SOX23KMN09,短袖POLO衫,科技灰,,2026-02-06 17:11:02,,待收货,待收货,,,,合肥仓
Spyder,OPU2602060000033,OPU2602060000033,采购入库,6942133551780,20,0,0,262SOX23KMN09,短袖POLO衫,科技灰,,2026-02-06 17:11:02,,待收货,待收货,,,,合肥仓
Spyder,OPU2602060000033,OPU2602060000033,采购入库,6942133551780,20,0,0,262SOX23KMN09,短袖POLO衫,科技灰,,2026-02-06 17:11:02,,待收货,待收货,,,,合肥仓
Spyder,OPU2602060000033,OPU2602060000033,采购入库,6942133551780,20,0,0,262SOX23KMN09,短袖POLO衫,科技灰,,2026-02-06 17:11:02,,待收货,待收货,,,,合肥仓
Spyder,OPU2602060000033,OPU2602060000033,采购入库,6942133551780,20,0,0,262SOX23KMN09,短袖POLO衫,科技灰,,2026-02-06 17:11:02,,待收货,待收货,,,,合肥仓
Spyder,OPU2602060000033,OPU2602060000033,采购入库,6942133551742,20,0,0,262SOX23KMN98,短袖POLO衫,炭黑色,,2026-02-06 17:11:02,,待收货,待收货,,,,合肥仓
Spyder,OPU2602060000033,OPU2602060000033,采购入库,6942133551742,20,0,0,262SOX23KMN98,短袖POLO衫,炭黑色,,2026-02-06 17:11:02,,待收货,待收货,,,,合肥仓
Spyder,OPU2602060000033,OPU2602060000033,采购入库,6942133551742,20,0,0,262SOX23KMN98,短袖POLO衫,炭黑色,,2026-02-06 17:11:02,,待收货,待收货,,,,合肥仓
Spyder,OPU2602060000033,OPU2602060000033,采购入库,6942133551742,20,0,0,262SOX23KMN98,短袖POLO衫,炭黑色,,2026-02-06 17:11:02,,待收货,待收货,,,,合肥仓
Spyder,OPU2602060000033,OPU2602060000033,采购入库,6942133551742,20,0,0,262SOX23KMN98,短袖POLO衫,炭黑色,,2026-02-06 17:11:02,,待收货,待收货,,,,合肥仓
Spyder,OPU2602060000033,OPU2602060000033,采购入库,6942133551742,20,0,0,262SOX23KMN98,短袖POLO衫,炭黑色,,2026-02-06 17:11:02,,待收货,待收货,,,,合肥仓
Spyder,OPU2602060000033,OPU2602060000033,采购入库,6942133551742,20,0,0,262SOX23KMN98,短袖POLO衫,炭黑色,,2026-02-06 17:11:02,,待收货,待收货,,,,合肥仓
Spyder,OPU2602060000033,OPU2602060000033,采购入库,6942133551742,20,0,0,262SOX23KMN98,短袖POLO衫,炭黑色,,2026-02-06 17:11:02,,待收货,待收货,,,,合肥仓
Spyder,OPU2602060000033,OPU2602060000033,采购入库,6942133551742,20,0,0,262SOX23KMN98,短袖POLO衫,炭黑色,,2026-02-06 17:11:02,,待收货,待收货,,,,合肥仓
Spyder,OPU2602060000033,OPU2602060000033,采购入库,6942133551742,20,0,0,262SOX23KMN98,短袖POLO衫,炭黑色,,2026-02-06 17:11:02,,待收货,待收货,,,,合肥仓
Spyder,OPU2602060000033,OPU2602060000033,采购入库,6942133551742,20,0,0,262SOX23KMN98,短袖POLO衫,炭黑色,,2026-02-06 17:11:02,,待收货,待收货,,,,合肥仓
Spyder,OPU2602060000033,OPU2602060000033,采购入库,6942133551742,20,0,0,262SOX23KMN98,短袖POLO衫,炭黑色,,2026-02-06 17:11:02,,待收货,待收货,,,,合肥仓
Spyder,OPU2602060000033,OPU2602060000033,采购入库,6942133551742,20,0,0,262SOX23KMN98,短袖POLO衫,炭黑色,,2026-02-06 17:11:02,,待收货,待收货,,,,合肥仓
Spyder,OPU2602060000033,OPU2602060000033,采购入库,6942133551742,20,0,0,262SOX23KMN98,短袖POLO衫,炭黑色,,2026-02-06 17:11:02,,待收货,待收货,,,,合肥仓
Spyder,OPU2602060000033,OPU2602060000033,采购入库,6942133551742,20,0,0,262SOX23KMN98,短袖POLO衫,炭黑色,,2026-02-06 17:11:02,,待收货,待收货,,,,合肥仓
Spyder,OPU2602060000033,OPU2602060000033,采购入库,6942133551742,20,0,0,262SOX23KMN98,短袖POLO衫,炭黑色,,2026-02-06 17:11:02,,待收货,待收货,,,,合肥仓
Spyder,OPU2602060000033,OPU2602060000033,采购入库,6942133551742,20,0,0,262SOX23KMN98,短袖POLO衫,炭黑色,,2026-02-06 17:11:02,,待收货,待收货,,,,合肥仓
Spyder,OPU2602060000033,OPU2602060000033,采购入库,6942133551780,20,0,0,262SOX23KMN09,短袖POLO衫,科技灰,,2026-02-06 17:11:02,,待收货,待收货,,,,合肥仓
Spyder,OPU2602060000033,OPU2602060000033,采购入库,6942133551780,20,0,0,262SOX23KMN09,短袖POLO衫,科技灰,,2026-02-06 17:11:02,,待收货,待收货,,,,合肥仓
Spyder,OPU2602060000033,OPU2602060000033,采购入库,6942133551780,20,0,0,262SOX23KMN09,短袖POLO衫,科技灰,,2026-02-06 17:11:02,,待收货,待收货,,,,合肥仓
Spyder,OPU2602060000033,OPU2602060000033,采购入库,6942133551780,20,0,0,262SOX23KMN09,短袖POLO衫,科技灰,,2026-02-06 17:11:02,,待收货,待收货,,,,合肥仓
Spyder,OPU2602060000033,OPU2602060000033,采购入库,6942133551780,20,0,0,262SOX23KMN09,短袖POLO衫,科技灰,,2026-02-06 17:11:02,,待收货,待收货,,,,合肥仓
Spyder,OPU2602060000033,OPU2602060000033,采购入库,6942133551780,20,0,0,262SOX23KMN09,短袖POLO衫,科技灰,,2026-02-06 17:11:02,,待收货,待收货,,,,合肥仓
Spyder,OPU2602060000033,OPU2602060000033,采购入库,6942133551780,20,0,0,262SOX23KMN09,短袖POLO衫,科技灰,,2026-02-06 17:11:02,,待收货,待收货,,,,合肥仓
Spyder,OPU2602060000033,OPU2602060000033,采购入库,6942133551780,20,0,0,262SOX23KMN09,短袖POLO衫,科技灰,,2026-02-06 17:11:02,,待收货,待收货,,,,合肥仓
Spyder,OPU2602060000033,OPU2602060000033,采购入库,6942133551711,20,0,0,262SOX23KMN98,短袖POLO衫,炭黑色,,2026-02-06 17:11:02,,待收货,待收货,,,,合肥仓
Spyder,OPU2602060000033,OPU2602060000033,采购入库,6942133551711,20,0,0,262SOX23KMN98,短袖POLO衫,炭黑色,,2026-02-06 17:11:02,,待收货,待收货,,,,合肥仓
Spyder,OPU2602060000033,OPU2602060000033,采购入库,6942133551711,20,0,0,262SOX23KMN98,短袖POLO衫,炭黑色,,2026-02-06 17:11:02,,待收货,待收货,,,,合肥仓
Spyder,OPU2602060000033,OPU2602060000033,采购入库,6942133551711,20,0,0,262SOX23KMN98,短袖POLO衫,炭黑色,,2026-02-06 17:11:02,,待收货,待收货,,,,合肥仓
Spyder,OPU2602060000033,OPU2602060000033,采购入库,6942133551711,20,0,0,262SOX23KMN98,短袖POLO衫,炭黑色,,2026-02-06 17:11:02,,待收货,待收货,,,,合肥仓
Spyder,OPU2602060000033,OPU2602060000033,采购入库,6942133551711,20,0,0,262SOX23KMN98,短袖POLO衫,炭黑色,,2026-02-06 17:11:02,,待收货,待收货,,,,合肥仓
Spyder,OPU2602060000033,OPU2602060000033,采购入库,6942133551711,20,0,0,262SOX23KMN98,短袖POLO衫,炭黑色,,2026-02-06 17:11:02,,待收货,待收货,,,,合肥仓
Spyder,OPU2602060000033,OPU2602060000033,采购入库,6942133551711,20,0,0,262SOX23KMN98,短袖POLO衫,炭黑色,,2026-02-06 17:11:02,,待收货,待收货,,,,合肥仓
Spyder,OPU2602060000033,OPU2602060000033,采购入库,6942133551711,20,0,0,262SOX23KMN98,短袖POLO衫,炭黑色,,2026-02-06 17:11:02,,待收货,待收货,,,,合肥仓
Spyder,OPU2602060000033,OPU2602060000033,采购入库,6942133551711,20,0,0,262SOX23KMN98,短袖POLO衫,炭黑色,,2026-02-06 17:11:02,,待收货,待收货,,,,合肥仓
Spyder,OPU2602060000033,OPU2602060000033,采购入库,6942133551711,20,0,0,262SOX23KMN98,短袖POLO衫,炭黑色,,2026-02-06 17:11:02,,待收货,待收货,,,,合肥仓
Spyder,OPU2602060000033,OPU2602060000033,采购入库,6942133551711,20,0,0,262SOX23KMN98,短袖POLO衫,炭黑色,,2026-02-06 17:11:02,,待收货,待收货,,,,合肥仓
Spyder,OPU2602060000033,OPU2602060000033,采购入库,6942133551711,20,0,0,262SOX23KMN98,短袖POLO衫,炭黑色,,2026-02-06 17:11:02,,待收货,待收货,,,,合肥仓
Spyder,OPU2602060000033,OPU2602060000033,采购入库,6942133551711,20,0,0,262SOX23KMN98,短袖POLO衫,炭黑色,,2026-02-06 17:11:02,,待收货,待收货,,,,合肥仓
Spyder,OPU2602060000033,OPU2602060000033,采购入库,6942133551711,20,0,0,262SOX23KMN98,短袖POLO衫,炭黑色,,2026-02-06 17:11:02,,待收货,待收货,,,,合肥仓
Spyder,OPU2602060000033,OPU2602060000033,采购入库,6942133551711,20,0,0,262SOX23KMN98,短袖POLO衫,炭黑色,,2026-02-06 17:11:02,,待收货,待收货,,,,合肥仓
Spyder,OPU2602060000033,OPU2602060000033,采购入库,6942133551711,20,0,0,262SOX23KMN98,短袖POLO衫,炭黑色,,2026-02-06 17:11:02,,待收货,待收货,,,,合肥仓
Spyder,OPU2602060000033,OPU2602060000033,采购入库,6942133551711,20,0,0,262SOX23KMN98,短袖POLO衫,炭黑色,,2026-02-06 17:11:02,,待收货,待收货,,,,合肥仓
Spyder,OPU2602060000033,OPU2602060000033,采购入库,6942133551711,20,0,0,262SOX23KMN98,短袖POLO衫,炭黑色,,2026-02-06 17:11:02,,待收货,待收货,,,,合肥仓
Spyder,OPU2602060000033,OPU2602060000033,采购入库,6942133551711,20,0,0,262SOX23KMN98,短袖POLO衫,炭黑色,,2026-02-06 17:11:02,,待收货,待收货,,,,合肥仓
Spyder,OPU2602060000033,OPU2602060000033,采购入库,6942133551711,20,0,0,262SOX23KMN98,短袖POLO衫,炭黑色,,2026-02-06 17:11:02,,待收货,待收货,,,,合肥仓
Spyder,OPU2602060000033,OPU2602060000033,采购入库,6942133551711,20,0,0,262SOX23KMN98,短袖POLO衫,炭黑色,,2026-02-06 17:11:02,,待收货,待收货,,,,合肥仓
Spyder,OPU2602060000033,OPU2602060000033,采购入库,6942133551711,20,0,0,262SOX23KMN98,短袖POLO衫,炭黑色,,2026-02-06 17:11:02,,待收货,待收货,,,,合肥仓
Spyder,OPU2602060000033,OPU2602060000033,采购入库,6942133551711,20,0,0,262SOX23KMN98,短袖POLO衫,炭黑色,,2026-02-06 17:11:02,,待收货,待收货,,,,合肥仓
Spyder,OPU2602060000033,OPU2602060000033,采购入库,6942133551711,20,0,0,262SOX23KMN98,短袖POLO衫,炭黑色,,2026-02-06 17:11:02,,待收货,待收货,,,,合肥仓
Spyder,OPU2602060000033,OPU2602060000033,采购入库,6942133551711,20,0,0,262SOX23KMN98,短袖POLO衫,炭黑色,,2026-02-06 17:11:02,,待收货,待收货,,,,合肥仓
Spyder,OPU2602060000033,OPU2602060000033,采购入库,6942133551711,20,0,0,262SOX23KMN98,短袖POLO衫,炭黑色,,2026-02-06 17:11:02,,待收货,待收货,,,,合肥仓
Spyder,OPU2602060000033,OPU2602060000033,采购入库,6942133551711,20,0,0,262SOX23KMN98,短袖POLO衫,炭黑色,,2026-02-06 17:11:02,,待收货,待收货,,,,合肥仓
Spyder,OPU2602060000033,OPU2602060000033,采购入库,6942133551711,20,0,0,262SOX23KMN98,短袖POLO衫,炭黑色,,2026-02-06 17:11:02,,待收货,待收货,,,,合肥仓
Spyder,OPU2602060000033,OPU2602060000033,采购入库,6942133551711,20,0,0,262SOX23KMN98,短袖POLO衫,炭黑色,,2026-02-06 17:11:02,,待收货,待收货,,,,合肥仓
Spyder,OPU2602060000033,OPU2602060000033,采购入库,6942133551711,20,0,0,262SOX23KMN98,短袖POLO衫,炭黑色,,2026-02-06 17:11:02,,待收货,待收货,,,,合肥仓
Spyder,OPU2602060000033,OPU2602060000033,采购入库,6942133551711,20,0,0,262SOX23KMN98,短袖POLO衫,炭黑色,,2026-02-06 17:11:02,,待收货,待收货,,,,合肥仓
Spyder,OPU2602060000033,OPU2602060000033,采购入库,6942133551711,20,0,0,262SOX23KMN98,短袖POLO衫,炭黑色,,2026-02-06 17:11:02,,待收货,待收货,,,,合肥仓
Spyder,OPU2602060000033,OPU2602060000033,采购入库,6942133551711,20,0,0,262SOX23KMN98,短袖POLO衫,炭黑色,,2026-02-06 17:11:02,,待收货,待收货,,,,合肥仓
Spyder,OPU2602060000033,OPU2602060000033,采购入库,6942133551711,20,0,0,262SOX23KMN98,短袖POLO衫,炭黑色,,2026-02-06 17:11:02,,待收货,待收货,,,,合肥仓
Spyder,OPU2602060000033,OPU2602060000033,采购入库,6942133551711,20,0,0,262SOX23KMN98,短袖POLO衫,炭黑色,,2026-02-06 17:11:02,,待收货,待收货,,,,合肥仓
Spyder,OPU2602060000033,OPU2602060000033,采购入库,6942133551711,20,0,0,262SOX23KMN98,短袖POLO衫,炭黑色,,2026-02-06 17:11:02,,待收货,待收货,,,,合肥仓
Spyder,OPU2602060000033,OPU2602060000033,采购入库,6942133551711,20,0,0,262SOX23KMN98,短袖POLO衫,炭黑色,,2026-02-06 17:11:02,,待收货,待收货,,,,合肥仓
Spyder,OPU2602060000033,OPU2602060000033,采购入库,6942133551711,20,0,0,262SOX23KMN98,短袖POLO衫,炭黑色,,2026-02-06 17:11:02,,待收货,待收货,,,,合肥仓
Spyder,OPU2602060000033,OPU2602060000033,采购入库,6942133551711,20,0,0,262SOX23KMN98,短袖POLO衫,炭黑色,,2026-02-06 17:11:02,,待收货,待收货,,,,合肥仓
Spyder,OPU2602060000033,OPU2602060000033,采购入库,6942133551711,20,0,0,262SOX23KMN98,短袖POLO衫,炭黑色,,2026-02-06 17:11:02,,待收货,待收货,,,,合肥仓
Spyder,OPU2602060000033,OPU2602060000033,采购入库,6942133551711,20,0,0,262SOX23KMN98,短袖POLO衫,炭黑色,,2026-02-06 17:11:02,,待收货,待收货,,,,合肥仓
Spyder,OPU2602060000033,OPU2602060000033,采购入库,6942133551711,20,0,0,262SOX23KMN98,短袖POLO衫,炭黑色,,2026-02-06 17:11:02,,待收货,待收货,,,,合肥仓
Spyder,OPU2602060000033,OPU2602060000033,采购入库,6942133551711,20,0,0,262SOX23KMN98,短袖POLO衫,炭黑色,,2026-02-06 17:11:02,,待收货,待收货,,,,合肥仓
Spyder,OPU2602060000033,OPU2602060000033,采购入库,6942133551711,20,0,0,262SOX23KMN98,短袖POLO衫,炭黑色,,2026-02-06 17:11:02,,待收货,待收货,,,,合肥仓
Spyder,OPU2602060000033,OPU2602060000033,采购入库,6942133551711,20,0,0,262SOX23KMN98,短袖POLO衫,炭黑色,,2026-02-06 17:11:02,,待收货,待收货,,,,合肥仓
Spyder,OPU2602060000033,OPU2602060000033,采购入库,6942133551711,20,0,0,262SOX23KMN98,短袖POLO衫,炭黑色,,2026-02-06 17:11:02,,待收货,待收货,,,,合肥仓
Spyder,OPU2602060000033,OPU2602060000033,采购入库,6942133551711,20,0,0,262SOX23KMN98,短袖POLO衫,炭黑色,,2026-02-06 17:11:02,,待收货,待收货,,,,合肥仓
Spyder,OPU2602060000033,OPU2602060000033,采购入库,6942133551711,20,0,0,262SOX23KMN98,短袖POLO衫,炭黑色,,2026-02-06 17:11:02,,待收货,待收货,,,,合肥仓
Spyder,OPU2602060000033,OPU2602060000033,采购入库,6942133551711,20,0,0,262SOX23KMN98,短袖POLO衫,炭黑色,,2026-02-06 17:11:02,,待收货,待收货,,,,合肥仓
Spyder,OPU2602060000033,OPU2602060000033,采购入库,6942133551711,20,0,0,262SOX23KMN98,短袖POLO衫,炭黑色,,2026-02-06 17:11:02,,待收货,待收货,,,,合肥仓
Spyder,OPU2602060000033,OPU2602060000033,采购入库,6942133551711,20,0,0,262SOX23KMN98,短袖POLO衫,炭黑色,,2026-02-06 17:11:02,,待收货,待收货,,,,合肥仓
Spyder,OPU2602060000033,OPU2602060000033,采购入库,6942133551711,20,0,0,262SOX23KMN98,短袖POLO衫,炭黑色,,2026-02-06 17:11:02,,待收货,待收货,,,,合肥仓
Spyder,OPU2602060000033,OPU2602060000033,采购入库,6942133551711,20,0,0,262SOX23KMN98,短袖POLO衫,炭黑色,,2026-02-06 17:11:02,,待收货,待收货,,,,合肥仓
Spyder,OPU2602060000033,OPU2602060000033,采购入库,6942133551711,20,0,0,262SOX23KMN98,短袖POLO衫,炭黑色,,2026-02-06 17:11:02,,待收货,待收货,,,,合肥仓
Spyder,OPU2602060000033,OPU2602060000033,采购入库,6942133551711,20,0,0,262SOX23KMN98,短袖POLO衫,炭黑色,,2026-02-06 17:11:02,,待收货,待收货,,,,合肥仓
Spyder,OPU2602060000033,OPU2602060000033,采购入库,6942133551711,20,0,0,262SOX23KMN98,短袖POLO衫,炭黑色,,2026-02-06 17:11:02,,待收货,待收货,,,,合肥仓
Spyder,OPU2602060000033,OPU2602060000033,采购入库,6942133551711,20,0,0,262SOX23KMN98,短袖POLO衫,炭黑色,,2026-02-06 17:11:02,,待收货,待收货,,,,合肥仓
Spyder,OPU2602060000033,OPU2602060000033,采购入库,6942133551711,20,0,0,262SOX23KMN98,短袖POLO衫,炭黑色,,2026-02-06 17:11:02,,待收货,待收货,,,,合肥仓
Spyder,OPU2602060000033,OPU2602060000033,采购入库,6942133551711,20,0,0,262SOX23KMN98,短袖POLO衫,炭黑色,,2026-02-06 17:11:02,,待收货,待收货,,,,合肥仓
Spyder,OPU2602060000033,OPU2602060000033,采购入库,6942133551711,20,0,0,262SOX23KMN98,短袖POLO衫,炭黑色,,2026-02-06 17:11:02,,待收货,待收货,,,,合肥仓
Spyder,OPU2602060000033,OPU2602060000033,采购入库,6942133551711,20,0,0,262SOX23KMN98,短袖POLO衫,炭黑色,,2026-02-06 17:11:02,,待收货,待收货,,,,合肥仓
Spyder,OPU2602060000033,OPU2602060000033,采购入库,6942133551711,20,0,0,262SOX23KMN98,短袖POLO衫,炭黑色,,2026-02-06 17:11:02,,待收货,待收货,,,,合肥仓
Spyder,OPU2602060000033,OPU2602060000033,采购入库,6942133551711,20,0,0,262SOX23KMN98,短袖POLO衫,炭黑色,,2026-02-06 17:11:02,,待收货,待收货,,,,合肥仓
Spyder,OPU2602060000033,OPU2602060000033,采购入库,6942133551711,20,0,0,262SOX23KMN98,短袖POLO衫,炭黑色,,2026-02-06 17:11:02,,待收货,待收货,,,,合肥仓
Spyder,OPU2602060000033,OPU2602060000033,采购入库,6942133551711,20,0,0,262SOX23KMN98,短袖POLO衫,炭黑色,,2026-02-06 17:11:02,,待收货,待收货,,,,合肥仓
Spyder,OPU2602060000033,OPU2602060000033,采购入库,6942133551711,20,0,0,262SOX23KMN98,短袖POLO衫,炭黑色,,2026-02-06 17:11:02,,待收货,待收货,,,,合肥仓
Spyder,OPU2602060000033,OPU2602060000033,采购入库,6942133551711,20,0,0,262SOX23KMN98,短袖POLO衫,炭黑色,,2026-02-06 17:11:02,,待收货,待收货,,,,合肥仓
Spyder,OPU2602060000033,OPU2602060000033,采购入库,6942133551711,20,0,0,262SOX23KMN98,短袖POLO衫,炭黑色,,2026-02-06 17:11:02,,待收货,待收货,,,,合肥仓
Spyder,OPU2602060000033,OPU2602060000033,采购入库,6942133551711,20,0,0,262SOX23KMN98,短袖POLO衫,炭黑色,,2026-02-06 17:11:02,,待收货,待收货,,,,合肥仓
Spyder,OPU2602060000033,OPU2602060000033,采购入库,6942133551711,20,0,0,262SOX23KMN98,短袖POLO衫,炭黑色,,2026-02-06 17:11:02,,待收货,待收货,,,,合肥仓
Spyder,OPU2602060000033,OPU2602060000033,采购入库,6942133551711,20,0,0,262SOX23KMN98,短袖POLO衫,炭黑色,,2026-02-06 17:11:02,,待收货,待收货,,,,合肥仓
Spyder,OPU2602060000033,OPU2602060000033,采购入库,6942133551711,20,0,0,262SOX23KMN98,短袖POLO衫,炭黑色,,2026-02-06 17:11:02,,待收货,待收货,,,,合肥仓
Spyder,OPU2602060000033,OPU2602060000033,采购入库,6942133551711,20,0,0,262SOX23KMN98,短袖POLO衫,炭黑色,,2026-02-06 17:11:02,,待收货,待收货,,,,合肥仓
Spyder,OPU2602060000033,OPU2602060000033,采购入库,6942133551742,20,0,0,262SOX23KMN98,短袖POLO衫,炭黑色,,2026-02-06 17:11:02,,待收货,待收货,,,,合肥仓
Spyder,OPU2602060000033,OPU2602060000033,采购入库,6942133551742,20,0,0,262SOX23KMN98,短袖POLO衫,炭黑色,,2026-02-06 17:11:02,,待收货,待收货,,,,合肥仓
Spyder,OPU2602060000033,OPU2602060000033,采购入库,6942133551742,20,0,0,262SOX23KMN98,短袖POLO衫,炭黑色,,2026-02-06 17:11:02,,待收货,待收货,,,,合肥仓
Spyder,OPU2602060000033,OPU2602060000033,采购入库,6942133551742,20,0,0,262SOX23KMN98,短袖POLO衫,炭黑色,,2026-02-06 17:11:02,,待收货,待收货,,,,合肥仓
Spyder,OPU2602060000033,OPU2602060000033,采购入库,6942133551742,20,0,0,262SOX23KMN98,短袖POLO衫,炭黑色,,2026-02-06 17:11:02,,待收货,待收货,,,,合肥仓
Spyder,OPU2602060000033,OPU2602060000033,采购入库,6942133551742,20,0,0,262SOX23KMN98,短袖POLO衫,炭黑色,,2026-02-06 17:11:02,,待收货,待收货,,,,合肥仓
Spyder,OPU2602060000033,OPU2602060000033,采购入库,6942133551742,20,0,0,262SOX23KMN98,短袖POLO衫,炭黑色,,2026-02-06 17:11:02,,待收货,待收货,,,,合肥仓
Spyder,OPU2602060000033,OPU2602060000033,采购入库,6942133551742,20,0,0,262SOX23KMN98,短袖POLO衫,炭黑色,,2026-02-06 17:11:02,,待收货,待收货,,,,合肥仓
Spyder,OPU2602060000033,OPU2602060000033,采购入库,6942133551742,20,0,0,262SOX23KMN98,短袖POLO衫,炭黑色,,2026-02-06 17:11:02,,待收货,待收货,,,,合肥仓
Spyder,OPU2602060000033,OPU2602060000033,采购入库,6942133551742,20,0,0,262SOX23KMN98,短袖POLO衫,炭黑色,,2026-02-06 17:11:02,,待收货,待收货,,,,合肥仓
Spyder,OPU2602060000033,OPU2602060000033,采购入库,6942133551742,20,0,0,262SOX23KMN98,短袖POLO衫,炭黑色,,2026-02-06 17:11:02,,待收货,待收货,,,,合肥仓
Spyder,OPU2602060000033,OPU2602060000033,采购入库,6942133551742,20,0,0,262SOX23KMN98,短袖POLO衫,炭黑色,,2026-02-06 17:11:02,,待收货,待收货,,,,合肥仓
Spyder,OPU2602060000033,OPU2602060000033,采购入库,6942133551742,20,0,0,262SOX23KMN98,短袖POLO衫,炭黑色,,2026-02-06 17:11:02,,待收货,待收货,,,,合肥仓
Spyder,OPU2602060000033,OPU2602060000033,采购入库,6942133551742,20,0,0,262SOX23KMN98,短袖POLO衫,炭黑色,,2026-02-06 17:11:02,,待收货,待收货,,,,合肥仓
Spyder,OPU2602060000033,OPU2602060000033,采购入库,6942133551742,20,0,0,262SOX23KMN98,短袖POLO衫,炭黑色,,2026-02-06 17:11:02,,待收货,待收货,,,,合肥仓
Spyder,OPU2602060000033,OPU2602060000033,采购入库,6942133551742,20,0,0,262SOX23KMN98,短袖POLO衫,炭黑色,,2026-02-06 17:11:02,,待收货,待收货,,,,合肥仓
Spyder,OPU2602060000033,OPU2602060000033,采购入库,6942133551742,20,0,0,262SOX23KMN98,短袖POLO衫,炭黑色,,2026-02-06 17:11:02,,待收货,待收货,,,,合肥仓
Spyder,OPU2602060000033,OPU2602060000033,采购入库,6942133551742,20,0,0,262SOX23KMN98,短袖POLO衫,炭黑色,,2026-02-06 17:11:02,,待收货,待收货,,,,合肥仓
Spyder,OPU2602060000033,OPU2602060000033,采购入库,6942133551742,20,0,0,262SOX23KMN98,短袖POLO衫,炭黑色,,2026-02-06 17:11:02,,待收货,待收货,,,,合肥仓
Spyder,OPU2602060000033,OPU2602060000033,采购入库,6942133551742,20,0,0,262SOX23KMN98,短袖POLO衫,炭黑色,,2026-02-06 17:11:02,,待收货,待收货,,,,合肥仓
Spyder,OPU2602060000033,OPU2602060000033,采购入库,6942133551742,20,0,0,262SOX23KMN98,短袖POLO衫,炭黑色,,2026-02-06 17:11:02,,待收货,待收货,,,,合肥仓
Spyder,OPU2602060000033,OPU2602060000033,采购入库,6942133551742,20,0,0,262SOX23KMN98,短袖POLO衫,炭黑色,,2026-02-06 17:11:02,,待收货,待收货,,,,合肥仓
Spyder,OPU2602060000033,OPU2602060000033,采购入库,6942133551742,20,0,0,262SOX23KMN98,短袖POLO衫,炭黑色,,2026-02-06 17:11:02,,待收货,待收货,,,,合肥仓
Spyder,OPU2602060000033,OPU2602060000033,采购入库,6942133551742,20,0,0,262SOX23KMN98,短袖POLO衫,炭黑色,,2026-02-06 17:11:02,,待收货,待收货,,,,合肥仓
Spyder,OPU2602060000033,OPU2602060000033,采购入库,6942133551742,20,0,0,262SOX23KMN98,短袖POLO衫,炭黑色,,2026-02-06 17:11:02,,待收货,待收货,,,,合肥仓
Spyder,OPU2602060000033,OPU2602060000033,采购入库,6942133551742,20,0,0,262SOX23KMN98,短袖POLO衫,炭黑色,,2026-02-06 17:11:02,,待收货,待收货,,,,合肥仓
Spyder,OPU2602060000033,OPU2602060000033,采购入库,6942133551742,20,0,0,262SOX23KMN98,短袖POLO衫,炭黑色,,2026-02-06 17:11:02,,待收货,待收货,,,,合肥仓
Spyder,OPU2602060000033,OPU2602060000033,采购入库,6942133551742,20,0,0,262SOX23KMN98,短袖POLO衫,炭黑色,,2026-02-06 17:11:02,,待收货,待收货,,,,合肥仓
Spyder,OPU2602060000033,OPU2602060000033,采购入库,6942133551742,20,0,0,262SOX23KMN98,短袖POLO衫,炭黑色,,2026-02-06 17:11:02,,待收货,待收货,,,,合肥仓
Spyder,OPU2602060000033,OPU2602060000033,采购入库,6942133551742,20,0,0,262SOX23KMN98,短袖POLO衫,炭黑色,,2026-02-06 17:11:02,,待收货,待收货,,,,合肥仓
Spyder,OPU2602060000033,OPU2602060000033,采购入库,6942133551742,20,0,0,262SOX23KMN98,短袖POLO衫,炭黑色,,2026-02-06 17:11:02,,待收货,待收货,,,,合肥仓
Spyder,OPU2602060000033,OPU2602060000033,采购入库,6942133551742,20,0,0,262SOX23KMN98,短袖POLO衫,炭黑色,,2026-02-06 17:11:02,,待收货,待收货,,,,合肥仓
Spyder,OPU2602060000033,OPU2602060000033,采购入库,6942133551742,20,0,0,262SOX23KMN98,短袖POLO衫,炭黑色,,2026-02-06 17:11:02,,待收货,待收货,,,,合肥仓
Spyder,OPU2602060000033,OPU2602060000033,采购入库,6942133551742,20,0,0,262SOX23KMN98,短袖POLO衫,炭黑色,,2026-02-06 17:11:02,,待收货,待收货,,,,合肥仓
Spyder,OPU2602060000033,OPU2602060000033,采购入库,6942133551742,20,0,0,262SOX23KMN98,短袖POLO衫,炭黑色,,2026-02-06 17:11:02,,待收货,待收货,,,,合肥仓
Spyder,OPU2602060000033,OPU2602060000033,采购入库,6942133551742,20,0,0,262SOX23KMN98,短袖POLO衫,炭黑色,,2026-02-06 17:11:02,,待收货,待收货,,,,合肥仓
Spyder,OPU2602060000033,OPU2602060000033,采购入库,6942133551742,20,0,0,262SOX23KMN98,短袖POLO衫,炭黑色,,2026-02-06 17:11:02,,待收货,待收货,,,,合肥仓
Spyder,OPU2602060000033,OPU2602060000033,采购入库,6942133551742,20,0,0,262SOX23KMN98,短袖POLO衫,炭黑色,,2026-02-06 17:11:02,,待收货,待收货,,,,合肥仓
Spyder,OPU2602060000033,OPU2602060000033,采购入库,6942133551742,20,0,0,262SOX23KMN98,短袖POLO衫,炭黑色,,2026-02-06 17:11:02,,待收货,待收货,,,,合肥仓
Spyder,OPU2602060000033,OPU2602060000033,采购入库,6942133551742,20,0,0,262SOX23KMN98,短袖POLO衫,炭黑色,,2026-02-06 17:11:02,,待收货,待收货,,,,合肥仓
Spyder,OPU2602060000033,OPU2602060000033,采购入库,6942133551742,20,0,0,262SOX23KMN98,短袖POLO衫,炭黑色,,2026-02-06 17:11:02,,待收货,待收货,,,,合肥仓
Spyder,OPU2602060000033,OPU2602060000033,采购入库,6942133551742,20,0,0,262SOX23KMN98,短袖POLO衫,炭黑色,,2026-02-06 17:11:02,,待收货,待收货,,,,合肥仓
Spyder,OPU2602060000033,OPU2602060000033,采购入库,6942133551742,20,0,0,262SOX23KMN98,短袖POLO衫,炭黑色,,2026-02-06 17:11:02,,待收货,待收货,,,,合肥仓
Spyder,OPU2602060000033,OPU2602060000033,采购入库,6942133551742,20,0,0,262SOX23KMN98,短袖POLO衫,炭黑色,,2026-02-06 17:11:02,,待收货,待收货,,,,合肥仓
Spyder,OPU2602060000033,OPU2602060000033,采购入库,6942133551742,20,0,0,262SOX23KMN98,短袖POLO衫,炭黑色,,2026-02-06 17:11:02,,待收货,待收货,,,,合肥仓
Spyder,OPU2602060000033,OPU2602060000033,采购入库,6942133551742,20,0,0,262SOX23KMN98,短袖POLO衫,炭黑色,,2026-02-06 17:11:02,,待收货,待收货,,,,合肥仓
Spyder,OPU2602060000033,OPU2602060000033,采购入库,6942133551742,20,0,0,262SOX23KMN98,短袖POLO衫,炭黑色,,2026-02-06 17:11:02,,待收货,待收货,,,,合肥仓
Spyder,OPU2602060000033,OPU2602060000033,采购入库,6942133551742,20,0,0,262SOX23KMN98,短袖POLO衫,炭黑色,,2026-02-06 17:11:02,,待收货,待收货,,,,合肥仓
Spyder,OPU2602060000033,OPU2602060000033,采购入库,6942133551711,20,0,0,262SOX23KMN98,短袖POLO衫,炭黑色,,2026-02-06 17:11:02,,待收货,待收货,,,,合肥仓
Spyder,OPU2602060000033,OPU2602060000033,采购入库,6942133551711,20,0,0,262SOX23KMN98,短袖POLO衫,炭黑色,,2026-02-06 17:11:02,,待收货,待收货,,,,合肥仓
Spyder,OPU2602060000033,OPU2602060000033,采购入库,6942133551711,20,0,0,262SOX23KMN98,短袖POLO衫,炭黑色,,2026-02-06 17:11:02,,待收货,待收货,,,,合肥仓
Spyder,OPU2602060000033,OPU2602060000033,采购入库,6942133551711,20,0,0,262SOX23KMN98,短袖POLO衫,炭黑色,,2026-02-06 17:11:02,,待收货,待收货,,,,合肥仓
Spyder,OPU2602060000033,OPU2602060000033,采购入库,6942133551711,20,0,0,262SOX23KMN98,短袖POLO衫,炭黑色,,2026-02-06 17:11:02,,待收货,待收货,,,,合肥仓
Spyder,OPU2602060000033,OPU2602060000033,采购入库,6942133551711,20,0,0,262SOX23KMN98,短袖POLO衫,炭黑色,,2026-02-06 17:11:02,,待收货,待收货,,,,合肥仓
Spyder,OPU2602060000033,OPU2602060000033,采购入库,6942133551711,20,0,0,262SOX23KMN98,短袖POLO衫,炭黑色,,2026-02-06 17:11:02,,待收货,待收货,,,,合肥仓
Spyder,OPU2602060000033,OPU2602060000033,采购入库,6942133551711,20,0,0,262SOX23KMN98,短袖POLO衫,炭黑色,,2026-02-06 17:11:02,,待收货,待收货,,,,合肥仓
Spyder,OPU2602060000033,OPU2602060000033,采购入库,6942133551711,20,0,0,262SOX23KMN98,短袖POLO衫,炭黑色,,2026-02-06 17:11:02,,待收货,待收货,,,,合肥仓
Spyder,OPU2602060000033,OPU2602060000033,采购入库,6942133551711,20,0,0,262SOX23KMN98,短袖POLO衫,炭黑色,,2026-02-06 17:11:02,,待收货,待收货,,,,合肥仓
Spyder,OPU2602060000033,OPU2602060000033,采购入库,6942133551711,20,0,0,262SOX23KMN98,短袖POLO衫,炭黑色,,2026-02-06 17:11:02,,待收货,待收货,,,,合肥仓
Spyder,OPU2602060000033,OPU2602060000033,采购入库,6942133551711,20,0,0,262SOX23KMN98,短袖POLO衫,炭黑色,,2026-02-06 17:11:02,,待收货,待收货,,,,合肥仓
Spyder,OPU2602060000033,OPU2602060000033,采购入库,6942133551711,20,0,0,262SOX23KMN98,短袖POLO衫,炭黑色,,2026-02-06 17:11:02,,待收货,待收货,,,,合肥仓
Spyder,OPU2602060000033,OPU2602060000033,采购入库,6942133551711,20,0,0,262SOX23KMN98,短袖POLO衫,炭黑色,,2026-02-06 17:11:02,,待收货,待收货,,,,合肥仓
Spyder,OPU2602060000033,OPU2602060000033,采购入库,6942133551711,20,0,0,262SOX23KMN98,短袖POLO衫,炭黑色,,2026-02-06 17:11:02,,待收货,待收货,,,,合肥仓
Spyder,OPU2602060000033,OPU2602060000033,采购入库,6942133551711,20,0,0,262SOX23KMN98,短袖POLO衫,炭黑色,,2026-02-06 17:11:02,,待收货,待收货,,,,合肥仓
Spyder,OPU2602060000033,OPU2602060000033,采购入库,6942133551711,20,0,0,262SOX23KMN98,短袖POLO衫,炭黑色,,2026-02-06 17:11:02,,待收货,待收货,,,,合肥仓
Spyder,OPU2602060000033,OPU2602060000033,采购入库,6942133551711,20,0,0,262SOX23KMN98,短袖POLO衫,炭黑色,,2026-02-06 17:11:02,,待收货,待收货,,,,合肥仓
Spyder,OPU2602060000033,OPU2602060000033,采购入库,6942133551711,20,0,0,262SOX23KMN98,短袖POLO衫,炭黑色,,2026-02-06 17:11:02,,待收货,待收货,,,,合肥仓
Spyder,OPU2602060000033,OPU2602060000033,采购入库,6942133551711,20,0,0,262SOX23KMN98,短袖POLO衫,炭黑色,,2026-02-06 17:11:02,,待收货,待收货,,,,合肥仓
Spyder,OPU2602060000033,OPU2602060000033,采购入库,6942133551711,20,0,0,262SOX23KMN98,短袖POLO衫,炭黑色,,2026-02-06 17:11:02,,待收货,待收货,,,,合肥仓
Spyder,OPU2602060000033,OPU2602060000033,采购入库,6942133551711,20,0,0,262SOX23KMN98,短袖POLO衫,炭黑色,,2026-02-06 17:11:02,,待收货,待收货,,,,合肥仓
Spyder,OPU2602060000033,OPU2602060000033,采购入库,6942133551711,20,0,0,262SOX23KMN98,短袖POLO衫,炭黑色,,2026-02-06 17:11:02,,待收货,待收货,,,,合肥仓
Spyder,OPU2602060000033,OPU2602060000033,采购入库,6942133551711,20,0,0,262SOX23KMN98,短袖POLO衫,炭黑色,,2026-02-06 17:11:02,,待收货,待收货,,,,合肥仓
Spyder,OPU2602060000033,OPU2602060000033,采购入库,6942133551711,20,0,0,262SOX23KMN98,短袖POLO衫,炭黑色,,2026-02-06 17:11:02,,待收货,待收货,,,,合肥仓
Spyder,OPU2602060000033,OPU2602060000033,采购入库,6942133551711,20,0,0,262SOX23KMN98,短袖POLO衫,炭黑色,,2026-02-06 17:11:02,,待收货,待收货,,,,合肥仓
Spyder,OPU2602060000033,OPU2602060000033,采购入库,6942133551711,20,0,0,262SOX23KMN98,短袖POLO衫,炭黑色,,2026-02-06 17:11:02,,待收货,待收货,,,,合肥仓
Spyder,OPU2602060000033,OPU2602060000033,采购入库,6942133551711,20,0,0,262SOX23KMN98,短袖POLO衫,炭黑色,,2026-02-06 17:11:02,,待收货,待收货,,,,合肥仓
Spyder,OPU2602060000033,OPU2602060000033,采购入库,6942133551711,20,0,0,262SOX23KMN98,短袖POLO衫,炭黑色,,2026-02-06 17:11:02,,待收货,待收货,,,,合肥仓
Spyder,OPU2602060000033,OPU2602060000033,采购入库,6942133551711,20,0,0,262SOX23KMN98,短袖POLO衫,炭黑色,,2026-02-06 17:11:02,,待收货,待收货,,,,合肥仓
Spyder,OPU2602060000033,OPU2602060000033,采购入库,6942133551711,20,0,0,262SOX23KMN98,短袖POLO衫,炭黑色,,2026-02-06 17:11:02,,待收货,待收货,,,,合肥仓
Spyder,OPU2602060000033,OPU2602060000033,采购入库,6942133551711,20,0,0,262SOX23KMN98,短袖POLO衫,炭黑色,,2026-02-06 17:11:02,,待收货,待收货,,,,合肥仓
Spyder,OPU2602060000033,OPU2602060000033,采购入库,6942133551711,20,0,0,262SOX23KMN98,短袖POLO衫,炭黑色,,2026-02-06 17:11:02,,待收货,待收货,,,,合肥仓
Spyder,OPU2602060000033,OPU2602060000033,采购入库,6942133551711,20,0,0,262SOX23KMN98,短袖POLO衫,炭黑色,,2026-02-06 17:11:02,,待收货,待收货,,,,合肥仓
Spyder,OPU2602060000033,OPU2602060000033,采购入库,6942133551711,20,0,0,262SOX23KMN98,短袖POLO衫,炭黑色,,2026-02-06 17:11:02,,待收货,待收货,,,,合肥仓
Spyder,OPU2602060000033,OPU2602060000033,采购入库,6942133551711,20,0,0,262SOX23KMN98,短袖POLO衫,炭黑色,,2026-02-06 17:11:02,,待收货,待收货,,,,合肥仓
Spyder,OPU2602060000033,OPU2602060000033,采购入库,6942133551711,20,0,0,262SOX23KMN98,短袖POLO衫,炭黑色,,2026-02-06 17:11:02,,待收货,待收货,,,,合肥仓
Spyder,OPU2602060000033,OPU2602060000033,采购入库,6942133551711,20,0,0,262SOX23KMN98,短袖POLO衫,炭黑色,,2026-02-06 17:11:02,,待收货,待收货,,,,合肥仓
Spyder,OPU2602060000033,OPU2602060000033,采购入库,6942133551711,20,0,0,262SOX23KMN98,短袖POLO衫,炭黑色,,2026-02-06 17:11:02,,待收货,待收货,,,,合肥仓
Spyder,OPU2602060000033,OPU2602060000033,采购入库,6942133551711,20,0,0,262SOX23KMN98,短袖POLO衫,炭黑色,,2026-02-06 17:11:02,,待收货,待收货,,,,合肥仓
Spyder,OPU2602060000033,OPU2602060000033,采购入库,6942133551711,20,0,0,262SOX23KMN98,短袖POLO衫,炭黑色,,2026-02-06 17:11:02,,待收货,待收货,,,,合肥仓
Spyder,OPU2602060000033,OPU2602060000033,采购入库,6942133551711,20,0,0,262SOX23KMN98,短袖POLO衫,炭黑色,,2026-02-06 17:11:02,,待收货,待收货,,,,合肥仓
Spyder,OPU2602060000033,OPU2602060000033,采购入库,6942133551711,20,0,0,262SOX23KMN98,短袖POLO衫,炭黑色,,2026-02-06 17:11:02,,待收货,待收货,,,,合肥仓
Spyder,OPU2602060000033,OPU2602060000033,采购入库,6942133551711,20,0,0,262SOX23KMN98,短袖POLO衫,炭黑色,,2026-02-06 17:11:02,,待收货,待收货,,,,合肥仓
Spyder,OPU2602060000033,OPU2602060000033,采购入库,6942133551711,20,0,0,262SOX23KMN98,短袖POLO衫,炭黑色,,2026-02-06 17:11:02,,待收货,待收货,,,,合肥仓
Spyder,OPU2602060000033,OPU2602060000033,采购入库,6942133551711,20,0,0,262SOX23KMN98,短袖POLO衫,炭黑色,,2026-02-06 17:11:02,,待收货,待收货,,,,合肥仓
Spyder,OPU2602060000033,OPU2602060000033,采购入库,6942133551711,20,0,0,262SOX23KMN98,短袖POLO衫,炭黑色,,2026-02-06 17:11:02,,待收货,待收货,,,,合肥仓
Spyder,OPU2602060000033,OPU2602060000033,采购入库,6942133551711,20,0,0,262SOX23KMN98,短袖POLO衫,炭黑色,,2026-02-06 17:11:02,,待收货,待收货,,,,合肥仓
Spyder,OPU2602060000033,OPU2602060000033,采购入库,6942133551711,20,0,0,262SOX23KMN98,短袖POLO衫,炭黑色,,2026-02-06 17:11:02,,待收货,待收货,,,,合肥仓
Spyder,OPU2602060000033,OPU2602060000033,采购入库,6942133551711,20,0,0,262SOX23KMN98,短袖POLO衫,炭黑色,,2026-02-06 17:11:02,,待收货,待收货,,,,合肥仓
Spyder,OPU2602060000033,OPU2602060000033,采购入库,6942133551711,20,0,0,262SOX23KMN98,短袖POLO衫,炭黑色,,2026-02-06 17:11:02,,待收货,待收货,,,,合肥仓
Spyder,OPU2602060000033,OPU2602060000033,采购入库,6942133551711,20,0,0,262SOX23KMN98,短袖POLO衫,炭黑色,,2026-02-06 17:11:02,,待收货,待收货,,,,合肥仓
Spyder,OPU2602060000033,OPU2602060000033,采购入库,6942133551711,20,0,0,262SOX23KMN98,短袖POLO衫,炭黑色,,2026-02-06 17:11:02,,待收货,待收货,,,,合肥仓
Spyder,OPU2602060000033,OPU2602060000033,采购入库,6942133551711,20,0,0,262SOX23KMN98,短袖POLO衫,炭黑色,,2026-02-06 17:11:02,,待收货,待收货,,,,合肥仓
Spyder,OPU2602060000033,OPU2602060000033,采购入库,6942133551711,20,0,0,262SOX23KMN98,短袖POLO衫,炭黑色,,2026-02-06 17:11:02,,待收货,待收货,,,,合肥仓
Spyder,OPU2602060000033,OPU2602060000033,采购入库,6942133551711,20,0,0,262SOX23KMN98,短袖POLO衫,炭黑色,,2026-02-06 17:11:02,,待收货,待收货,,,,合肥仓
Spyder,OPU2602060000033,OPU2602060000033,采购入库,6942133551711,20,0,0,262SOX23KMN98,短袖POLO衫,炭黑色,,2026-02-06 17:11:02,,待收货,待收货,,,,合肥仓
Spyder,OPU2602060000033,OPU2602060000033,采购入库,6942133551711,20,0,0,262SOX23KMN98,短袖POLO衫,炭黑色,,2026-02-06 17:11:02,,待收货,待收货,,,,合肥仓
Spyder,OPU2602060000033,OPU2602060000033,采购入库,6942133551711,20,0,0,262SOX23KMN98,短袖POLO衫,炭黑色,,2026-02-06 17:11:02,,待收货,待收货,,,,合肥仓
Spyder,OPU2602060000033,OPU2602060000033,采购入库,6942133551711,20,0,0,262SOX23KMN98,短袖POLO衫,炭黑色,,2026-02-06 17:11:02,,待收货,待收货,,,,合肥仓
Spyder,OPU2602060000033,OPU2602060000033,采购入库,6942133551711,20,0,0,262SOX23KMN98,短袖POLO衫,炭黑色,,2026-02-06 17:11:02,,待收货,待收货,,,,合肥仓
Spyder,OPU2602060000033,OPU2602060000033,采购入库,6942133551711,20,0,0,262SOX23KMN98,短袖POLO衫,炭黑色,,2026-02-06 17:11:02,,待收货,待收货,,,,合肥仓
Spyder,OPU2602060000033,OPU2602060000033,采购入库,6942133551711,20,0,0,262SOX23KMN98,短袖POLO衫,炭黑色,,2026-02-06 17:11:02,,待收货,待收货,,,,合肥仓
Spyder,OPU2602060000033,OPU2602060000033,采购入库,6942133551711,20,0,0,262SOX23KMN98,短袖POLO衫,炭黑色,,2026-02-06 17:11:02,,待收货,待收货,,,,合肥仓
Spyder,OPU2602060000033,OPU2602060000033,采购入库,6942133551711,20,0,0,262SOX23KMN98,短袖POLO衫,炭黑色,,2026-02-06 17:11:02,,待收货,待收货,,,,合肥仓
Spyder,OPU2602060000033,OPU2602060000033,采购入库,6942133551711,20,0,0,262SOX23KMN98,短袖POLO衫,炭黑色,,2026-02-06 17:11:02,,待收货,待收货,,,,合肥仓
Spyder,OPU2602060000033,OPU2602060000033,采购入库,6942133551711,20,0,0,262SOX23KMN98,短袖POLO衫,炭黑色,,2026-02-06 17:11:02,,待收货,待收货,,,,合肥仓
Spyder,OPU2602060000033,OPU2602060000033,采购入库,6942133551711,20,0,0,262SOX23KMN98,短袖POLO衫,炭黑色,,2026-02-06 17:11:02,,待收货,待收货,,,,合肥仓
Spyder,OPU2602060000033,OPU2602060000033,采购入库,6942133551711,20,0,0,262SOX23KMN98,短袖POLO衫,炭黑色,,2026-02-06 17:11:02,,待收货,待收货,,,,合肥仓
Spyder,OPU2602060000033,OPU2602060000033,采购入库,6942133551711,20,0,0,262SOX23KMN98,短袖POLO衫,炭黑色,,2026-02-06 17:11:02,,待收货,待收货,,,,合肥仓
Spyder,OPU2602060000033,OPU2602060000033,采购入库,6942133551711,20,0,0,262SOX23KMN98,短袖POLO衫,炭黑色,,2026-02-06 17:11:02,,待收货,待收货,,,,合肥仓
Spyder,OPU2602060000033,OPU2602060000033,采购入库,6942133551711,20,0,0,262SOX23KMN98,短袖POLO衫,炭黑色,,2026-02-06 17:11:02,,待收货,待收货,,,,合肥仓
Spyder,OPU2602060000033,OPU2602060000033,采购入库,6942133551711,20,0,0,262SOX23KMN98,短袖POLO衫,炭黑色,,2026-02-06 17:11:02,,待收货,待收货,,,,合肥仓
Spyder,OPU2602060000033,OPU2602060000033,采购入库,6942133551728,20,0,0,262SOX23KMN98,短袖POLO衫,炭黑色,,2026-02-06 17:11:02,,待收货,待收货,,,,合肥仓
Spyder,OPU2602060000033,OPU2602060000033,采购入库,6942133551728,20,0,0,262SOX23KMN98,短袖POLO衫,炭黑色,,2026-02-06 17:11:02,,待收货,待收货,,,,合肥仓
Spyder,OPU2602060000033,OPU2602060000033,采购入库,6942133551728,20,0,0,262SOX23KMN98,短袖POLO衫,炭黑色,,2026-02-06 17:11:02,,待收货,待收货,,,,合肥仓
Spyder,OPU2602060000033,OPU2602060000033,采购入库,6942133551728,20,0,0,262SOX23KMN98,短袖POLO衫,炭黑色,,2026-02-06 17:11:02,,待收货,待收货,,,,合肥仓
Spyder,OPU2602060000033,OPU2602060000033,采购入库,6942133551728,20,0,0,262SOX23KMN98,短袖POLO衫,炭黑色,,2026-02-06 17:11:02,,待收货,待收货,,,,合肥仓
Spyder,OPU2602060000033,OPU2602060000033,采购入库,6942133551728,20,0,0,262SOX23KMN98,短袖POLO衫,炭黑色,,2026-02-06 17:11:02,,待收货,待收货,,,,合肥仓
Spyder,OPU2602060000033,OPU2602060000033,采购入库,6942133551728,20,0,0,262SOX23KMN98,短袖POLO衫,炭黑色,,2026-02-06 17:11:02,,待收货,待收货,,,,合肥仓
Spyder,OPU2602060000033,OPU2602060000033,采购入库,6942133551728,20,0,0,262SOX23KMN98,短袖POLO衫,炭黑色,,2026-02-06 17:11:02,,待收货,待收货,,,,合肥仓
Spyder,OPU2602060000033,OPU2602060000033,采购入库,6942133551728,20,0,0,262SOX23KMN98,短袖POLO衫,炭黑色,,2026-02-06 17:11:02,,待收货,待收货,,,,合肥仓
Spyder,OPU2602060000033,OPU2602060000033,采购入库,6942133551742,20,0,0,262SOX23KMN98,短袖POLO衫,炭黑色,,2026-02-06 17:11:02,,待收货,待收货,,,,合肥仓
Spyder,OPU2602060000033,OPU2602060000033,采购入库,6942133551742,20,0,0,262SOX23KMN98,短袖POLO衫,炭黑色,,2026-02-06 17:11:02,,待收货,待收货,,,,合肥仓
Spyder,OPU2602060000033,OPU2602060000033,采购入库,6942133551742,20,0,0,262SOX23KMN98,短袖POLO衫,炭黑色,,2026-02-06 17:11:02,,待收货,待收货,,,,合肥仓
Spyder,OPU2602060000033,OPU2602060000033,采购入库,6942133551742,20,0,0,262SOX23KMN98,短袖POLO衫,炭黑色,,2026-02-06 17:11:02,,待收货,待收货,,,,合肥仓
Spyder,OPU2602060000033,OPU2602060000033,采购入库,6942133551742,20,0,0,262SOX23KMN98,短袖POLO衫,炭黑色,,2026-02-06 17:11:02,,待收货,待收货,,,,合肥仓
Spyder,OPU2602060000033,OPU2602060000033,采购入库,6942133551728,20,0,0,262SOX23KMN98,短袖POLO衫,炭黑色,,2026-02-06 17:11:02,,待收货,待收货,,,,合肥仓
Spyder,OPU2602060000033,OPU2602060000033,采购入库,6942133551728,20,0,0,262SOX23KMN98,短袖POLO衫,炭黑色,,2026-02-06 17:11:02,,待收货,待收货,,,,合肥仓
Spyder,OPU2602060000033,OPU2602060000033,采购入库,6942133551728,20,0,0,262SOX23KMN98,短袖POLO衫,炭黑色,,2026-02-06 17:11:02,,待收货,待收货,,,,合肥仓
Spyder,OPU2602060000033,OPU2602060000033,采购入库,6942133551728,20,0,0,262SOX23KMN98,短袖POLO衫,炭黑色,,2026-02-06 17:11:02,,待收货,待收货,,,,合肥仓
Spyder,OPU2602060000033,OPU2602060000033,采购入库,6942133551728,20,0,0,262SOX23KMN98,短袖POLO衫,炭黑色,,2026-02-06 17:11:02,,待收货,待收货,,,,合肥仓
Spyder,OPU2602060000033,OPU2602060000033,采购入库,6942133551728,20,0,0,262SOX23KMN98,短袖POLO衫,炭黑色,,2026-02-06 17:11:02,,待收货,待收货,,,,合肥仓
Spyder,OPU2602060000033,OPU2602060000033,采购入库,6942133551728,20,0,0,262SOX23KMN98,短袖POLO衫,炭黑色,,2026-02-06 17:11:02,,待收货,待收货,,,,合肥仓
Spyder,OPU2602060000033,OPU2602060000033,采购入库,6942133551728,20,0,0,262SOX23KMN98,短袖POLO衫,炭黑色,,2026-02-06 17:11:02,,待收货,待收货,,,,合肥仓
Spyder,OPU2602060000033,OPU2602060000033,采购入库,6942133551728,20,0,0,262SOX23KMN98,短袖POLO衫,炭黑色,,2026-02-06 17:11:02,,待收货,待收货,,,,合肥仓
Spyder,OPU2602060000033,OPU2602060000033,采购入库,6942133551728,20,0,0,262SOX23KMN98,短袖POLO衫,炭黑色,,2026-02-06 17:11:02,,待收货,待收货,,,,合肥仓
Spyder,OPU2602060000033,OPU2602060000033,采购入库,6942133551728,20,0,0,262SOX23KMN98,短袖POLO衫,炭黑色,,2026-02-06 17:11:02,,待收货,待收货,,,,合肥仓
Spyder,OPU2602060000033,OPU2602060000033,采购入库,6942133551728,20,0,0,262SOX23KMN98,短袖POLO衫,炭黑色,,2026-02-06 17:11:02,,待收货,待收货,,,,合肥仓
Spyder,OPU2602060000033,OPU2602060000033,采购入库,6942133551728,20,0,0,262SOX23KMN98,短袖POLO衫,炭黑色,,2026-02-06 17:11:02,,待收货,待收货,,,,合肥仓
Spyder,OPU2602060000033,OPU2602060000033,采购入库,6942133551728,20,0,0,262SOX23KMN98,短袖POLO衫,炭黑色,,2026-02-06 17:11:02,,待收货,待收货,,,,合肥仓
Spyder,OPU2602060000033,OPU2602060000033,采购入库,6942133551728,20,0,0,262SOX23KMN98,短袖POLO衫,炭黑色,,2026-02-06 17:11:02,,待收货,待收货,,,,合肥仓
Spyder,OPU2602060000033,OPU2602060000033,采购入库,6942133551728,20,0,0,262SOX23KMN98,短袖POLO衫,炭黑色,,2026-02-06 17:11:02,,待收货,待收货,,,,合肥仓
Spyder,OPU2602060000033,OPU2602060000033,采购入库,6942133551728,20,0,0,262SOX23KMN98,短袖POLO衫,炭黑色,,2026-02-06 17:11:02,,待收货,待收货,,,,合肥仓
Spyder,OPU2602060000033,OPU2602060000033,采购入库,6942133551728,20,0,0,262SOX23KMN98,短袖POLO衫,炭黑色,,2026-02-06 17:11:02,,待收货,待收货,,,,合肥仓
Spyder,OPU2602060000033,OPU2602060000033,采购入库,6942133551728,20,0,0,262SOX23KMN98,短袖POLO衫,炭黑色,,2026-02-06 17:11:02,,待收货,待收货,,,,合肥仓
Spyder,OPU2602060000033,OPU2602060000033,采购入库,6942133551728,20,0,0,262SOX23KMN98,短袖POLO衫,炭黑色,,2026-02-06 17:11:02,,待收货,待收货,,,,合肥仓
Spyder,OPU2602060000033,OPU2602060000033,采购入库,6942133551728,20,0,0,262SOX23KMN98,短袖POLO衫,炭黑色,,2026-02-06 17:11:02,,待收货,待收货,,,,合肥仓
Spyder,OPU2602060000033,OPU2602060000033,采购入库,6942133551728,20,0,0,262SOX23KMN98,短袖POLO衫,炭黑色,,2026-02-06 17:11:02,,待收货,待收货,,,,合肥仓
Spyder,OPU2602060000033,OPU2602060000033,采购入库,6942133551728,20,0,0,262SOX23KMN98,短袖POLO衫,炭黑色,,2026-02-06 17:11:02,,待收货,待收货,,,,合肥仓
Spyder,OPU2602060000033,OPU2602060000033,采购入库,6942133551728,20,0,0,262SOX23KMN98,短袖POLO衫,炭黑色,,2026-02-06 17:11:02,,待收货,待收货,,,,合肥仓
Spyder,OPU2602060000033,OPU2602060000033,采购入库,6942133551728,20,0,0,262SOX23KMN98,短袖POLO衫,炭黑色,,2026-02-06 17:11:02,,待收货,待收货,,,,合肥仓
Spyder,OPU2602060000033,OPU2602060000033,采购入库,6942133551728,20,0,0,262SOX23KMN98,短袖POLO衫,炭黑色,,2026-02-06 17:11:02,,待收货,待收货,,,,合肥仓
Spyder,OPU2602060000033,OPU2602060000033,采购入库,6942133551728,20,0,0,262SOX23KMN98,短袖POLO衫,炭黑色,,2026-02-06 17:11:02,,待收货,待收货,,,,合肥仓
Spyder,OPU2602060000033,OPU2602060000033,采购入库,6942133551728,20,0,0,262SOX23KMN98,短袖POLO衫,炭黑色,,2026-02-06 17:11:02,,待收货,待收货,,,,合肥仓
Spyder,OPU2602060000033,OPU2602060000033,采购入库,6942133551728,20,0,0,262SOX23KMN98,短袖POLO衫,炭黑色,,2026-02-06 17:11:02,,待收货,待收货,,,,合肥仓
Spyder,OPU2602060000033,OPU2602060000033,采购入库,6942133551728,20,0,0,262SOX23KMN98,短袖POLO衫,炭黑色,,2026-02-06 17:11:02,,待收货,待收货,,,,合肥仓
Spyder,OPU2602060000033,OPU2602060000033,采购入库,6942133551728,20,0,0,262SOX23KMN98,短袖POLO衫,炭黑色,,2026-02-06 17:11:02,,待收货,待收货,,,,合肥仓
Spyder,OPU2602060000033,OPU2602060000033,采购入库,6942133551728,20,0,0,262SOX23KMN98,短袖POLO衫,炭黑色,,2026-02-06 17:11:02,,待收货,待收货,,,,合肥仓
Spyder,OPU2602060000033,OPU2602060000033,采购入库,6942133551728,20,0,0,262SOX23KMN98,短袖POLO衫,炭黑色,,2026-02-06 17:11:02,,待收货,待收货,,,,合肥仓
Spyder,OPU2602060000033,OPU2602060000033,采购入库,6942133551728,20,0,0,262SOX23KMN98,短袖POLO衫,炭黑色,,2026-02-06 17:11:02,,待收货,待收货,,,,合肥仓
Spyder,OPU2602060000033,OPU2602060000033,采购入库,6942133551728,20,0,0,262SOX23KMN98,短袖POLO衫,炭黑色,,2026-02-06 17:11:02,,待收货,待收货,,,,合肥仓
Spyder,OPU2602060000033,OPU2602060000033,采购入库,6942133551728,20,0,0,262SOX23KMN98,短袖POLO衫,炭黑色,,2026-02-06 17:11:02,,待收货,待收货,,,,合肥仓
Spyder,OPU2602060000033,OPU2602060000033,采购入库,6942133551728,20,0,0,262SOX23KMN98,短袖POLO衫,炭黑色,,2026-02-06 17:11:02,,待收货,待收货,,,,合肥仓
Spyder,OPU2602060000033,OPU2602060000033,采购入库,6942133551728,20,0,0,262SOX23KMN98,短袖POLO衫,炭黑色,,2026-02-06 17:11:02,,待收货,待收货,,,,合肥仓
Spyder,OPU2602060000033,OPU2602060000033,采购入库,6942133551728,20,0,0,262SOX23KMN98,短袖POLO衫,炭黑色,,2026-02-06 17:11:02,,待收货,待收货,,,,合肥仓
Spyder,OPU2602060000033,OPU2602060000033,采购入库,6942133551728,20,0,0,262SOX23KMN98,短袖POLO衫,炭黑色,,2026-02-06 17:11:02,,待收货,待收货,,,,合肥仓
Spyder,OPU2602060000033,OPU2602060000033,采购入库,6942133551728,20,0,0,262SOX23KMN98,短袖POLO衫,炭黑色,,2026-02-06 17:11:02,,待收货,待收货,,,,合肥仓
Spyder,OPU2602060000033,OPU2602060000033,采购入库,6942133551728,20,0,0,262SOX23KMN98,短袖POLO衫,炭黑色,,2026-02-06 17:11:02,,待收货,待收货,,,,合肥仓
Spyder,OPU2602060000033,OPU2602060000033,采购入库,6942133551728,20,0,0,262SOX23KMN98,短袖POLO衫,炭黑色,,2026-02-06 17:11:02,,待收货,待收货,,,,合肥仓
Spyder,OPU2602060000033,OPU2602060000033,采购入库,6942133551728,20,0,0,262SOX23KMN98,短袖POLO衫,炭黑色,,2026-02-06 17:11:02,,待收货,待收货,,,,合肥仓
Spyder,OPU2602060000033,OPU2602060000033,采购入库,6942133551728,20,0,0,262SOX23KMN98,短袖POLO衫,炭黑色,,2026-02-06 17:11:02,,待收货,待收货,,,,合肥仓
Spyder,OPU2602060000033,OPU2602060000033,采购入库,6942133551728,20,0,0,262SOX23KMN98,短袖POLO衫,炭黑色,,2026-02-06 17:11:02,,待收货,待收货,,,,合肥仓
Spyder,OPU2602060000033,OPU2602060000033,采购入库,6942133551728,20,0,0,262SOX23KMN98,短袖POLO衫,炭黑色,,2026-02-06 17:11:02,,待收货,待收货,,,,合肥仓
Spyder,OPU2602060000033,OPU2602060000033,采购入库,6942133551728,20,0,0,262SOX23KMN98,短袖POLO衫,炭黑色,,2026-02-06 17:11:02,,待收货,待收货,,,,合肥仓
Spyder,OPU2602060000033,OPU2602060000033,采购入库,6942133551728,20,0,0,262SOX23KMN98,短袖POLO衫,炭黑色,,2026-02-06 17:11:02,,待收货,待收货,,,,合肥仓
Spyder,OPU2602060000033,OPU2602060000033,采购入库,6942133551728,20,0,0,262SOX23KMN98,短袖POLO衫,炭黑色,,2026-02-06 17:11:02,,待收货,待收货,,,,合肥仓
Spyder,OPU2602060000033,OPU2602060000033,采购入库,6942133551728,20,0,0,262SOX23KMN98,短袖POLO衫,炭黑色,,2026-02-06 17:11:02,,待收货,待收货,,,,合肥仓
Spyder,OPU2602060000033,OPU2602060000033,采购入库,6942133551728,20,0,0,262SOX23KMN98,短袖POLO衫,炭黑色,,2026-02-06 17:11:02,,待收货,待收货,,,,合肥仓
Spyder,OPU2602060000033,OPU2602060000033,采购入库,6942133551728,20,0,0,262SOX23KMN98,短袖POLO衫,炭黑色,,2026-02-06 17:11:02,,待收货,待收货,,,,合肥仓
Spyder,OPU2602060000033,OPU2602060000033,采购入库,6942133551728,20,0,0,262SOX23KMN98,短袖POLO衫,炭黑色,,2026-02-06 17:11:02,,待收货,待收货,,,,合肥仓
Spyder,OPU2602060000033,OPU2602060000033,采购入库,6942133551728,20,0,0,262SOX23KMN98,短袖POLO衫,炭黑色,,2026-02-06 17:11:02,,待收货,待收货,,,,合肥仓
Spyder,OPU2602060000033,OPU2602060000033,采购入库,6942133551728,20,0,0,262SOX23KMN98,短袖POLO衫,炭黑色,,2026-02-06 17:11:02,,待收货,待收货,,,,合肥仓
Spyder,OPU2602060000033,OPU2602060000033,采购入库,6942133551728,20,0,0,262SOX23KMN98,短袖POLO衫,炭黑色,,2026-02-06 17:11:02,,待收货,待收货,,,,合肥仓
Spyder,OPU2602060000033,OPU2602060000033,采购入库,6942133551728,20,0,0,262SOX23KMN98,短袖POLO衫,炭黑色,,2026-02-06 17:11:02,,待收货,待收货,,,,合肥仓
Spyder,OPU2602060000033,OPU2602060000033,采购入库,6942133551728,20,0,0,262SOX23KMN98,短袖POLO衫,炭黑色,,2026-02-06 17:11:02,,待收货,待收货,,,,合肥仓
Spyder,OPU2602060000033,OPU2602060000033,采购入库,6942133551728,20,0,0,262SOX23KMN98,短袖POLO衫,炭黑色,,2026-02-06 17:11:02,,待收货,待收货,,,,合肥仓
Spyder,OPU2602060000033,OPU2602060000033,采购入库,6942133551728,20,0,0,262SOX23KMN98,短袖POLO衫,炭黑色,,2026-02-06 17:11:02,,待收货,待收货,,,,合肥仓
Spyder,OPU2602060000033,OPU2602060000033,采购入库,6942133551728,20,0,0,262SOX23KMN98,短袖POLO衫,炭黑色,,2026-02-06 17:11:02,,待收货,待收货,,,,合肥仓
Spyder,OPU2602060000033,OPU2602060000033,采购入库,6942133551728,20,0,0,262SOX23KMN98,短袖POLO衫,炭黑色,,2026-02-06 17:11:02,,待收货,待收货,,,,合肥仓
Spyder,OPU2602060000033,OPU2602060000033,采购入库,6942133551728,20,0,0,262SOX23KMN98,短袖POLO衫,炭黑色,,2026-02-06 17:11:02,,待收货,待收货,,,,合肥仓
Spyder,OPU2602060000033,OPU2602060000033,采购入库,6942133551728,20,0,0,262SOX23KMN98,短袖POLO衫,炭黑色,,2026-02-06 17:11:02,,待收货,待收货,,,,合肥仓
Spyder,OPU2602060000033,OPU2602060000033,采购入库,6942133551728,20,0,0,262SOX23KMN98,短袖POLO衫,炭黑色,,2026-02-06 17:11:02,,待收货,待收货,,,,合肥仓
Spyder,OPU2602060000033,OPU2602060000033,采购入库,6942133551728,20,0,0,262SOX23KMN98,短袖POLO衫,炭黑色,,2026-02-06 17:11:02,,待收货,待收货,,,,合肥仓
Spyder,OPU2602060000033,OPU2602060000033,采购入库,6942133551728,20,0,0,262SOX23KMN98,短袖POLO衫,炭黑色,,2026-02-06 17:11:02,,待收货,待收货,,,,合肥仓
Spyder,OPU2602060000033,OPU2602060000033,采购入库,6942133551728,20,0,0,262SOX23KMN98,短袖POLO衫,炭黑色,,2026-02-06 17:11:02,,待收货,待收货,,,,合肥仓
Spyder,OPU2602060000033,OPU2602060000033,采购入库,6942133551728,20,0,0,262SOX23KMN98,短袖POLO衫,炭黑色,,2026-02-06 17:11:02,,待收货,待收货,,,,合肥仓
Spyder,OPU2602060000033,OPU2602060000033,采购入库,6942133551728,20,0,0,262SOX23KMN98,短袖POLO衫,炭黑色,,2026-02-06 17:11:02,,待收货,待收货,,,,合肥仓
Spyder,OPU2602060000033,OPU2602060000033,采购入库,6942133551728,20,0,0,262SOX23KMN98,短袖POLO衫,炭黑色,,2026-02-06 17:11:02,,待收货,待收货,,,,合肥仓
Spyder,OPU2602060000033,OPU2602060000033,采购入库,6942133551728,20,0,0,262SOX23KMN98,短袖POLO衫,炭黑色,,2026-02-06 17:11:02,,待收货,待收货,,,,合肥仓
Spyder,OPU2602060000033,OPU2602060000033,采购入库,6942133551728,20,0,0,262SOX23KMN98,短袖POLO衫,炭黑色,,2026-02-06 17:11:02,,待收货,待收货,,,,合肥仓
Spyder,OPU2602060000033,OPU2602060000033,采购入库,6942133551728,20,0,0,262SOX23KMN98,短袖POLO衫,炭黑色,,2026-02-06 17:11:02,,待收货,待收货,,,,合肥仓
Spyder,OPU2602060000033,OPU2602060000033,采购入库,6942133551728,20,0,0,262SOX23KMN98,短袖POLO衫,炭黑色,,2026-02-06 17:11:02,,待收货,待收货,,,,合肥仓
Spyder,OPU2602060000033,OPU2602060000033,采购入库,6942133551728,20,0,0,262SOX23KMN98,短袖POLO衫,炭黑色,,2026-02-06 17:11:02,,待收货,待收货,,,,合肥仓
Spyder,OPU2602060000033,OPU2602060000033,采购入库,6942133551728,20,0,0,262SOX23KMN98,短袖POLO衫,炭黑色,,2026-02-06 17:11:02,,待收货,待收货,,,,合肥仓
Spyder,OPU2602060000033,OPU2602060000033,采购入库,6942133551728,20,0,0,262SOX23KMN98,短袖POLO衫,炭黑色,,2026-02-06 17:11:02,,待收货,待收货,,,,合肥仓
Spyder,OPU2602060000033,OPU2602060000033,采购入库,6942133551728,20,0,0,262SOX23KMN98,短袖POLO衫,炭黑色,,2026-02-06 17:11:02,,待收货,待收货,,,,合肥仓
Spyder,OPU2602060000033,OPU2602060000033,采购入库,6942133551728,20,0,0,262SOX23KMN98,短袖POLO衫,炭黑色,,2026-02-06 17:11:02,,待收货,待收货,,,,合肥仓
Spyder,OPU2602060000033,OPU2602060000033,采购入库,6942133551728,20,0,0,262SOX23KMN98,短袖POLO衫,炭黑色,,2026-02-06 17:11:02,,待收货,待收货,,,,合肥仓
Spyder,OPU2602060000033,OPU2602060000033,采购入库,6942133551742,20,0,0,262SOX23KMN98,短袖POLO衫,炭黑色,,2026-02-06 17:11:02,,待收货,待收货,,,,合肥仓
Spyder,OPU2602060000033,OPU2602060000033,采购入库,6942133551742,20,0,0,262SOX23KMN98,短袖POLO衫,炭黑色,,2026-02-06 17:11:02,,待收货,待收货,,,,合肥仓
Spyder,OPU2602060000033,OPU2602060000033,采购入库,6942133551742,20,0,0,262SOX23KMN98,短袖POLO衫,炭黑色,,2026-02-06 17:11:02,,待收货,待收货,,,,合肥仓
Spyder,OPU2602060000033,OPU2602060000033,采购入库,6942133551742,20,0,0,262SOX23KMN98,短袖POLO衫,炭黑色,,2026-02-06 17:11:02,,待收货,待收货,,,,合肥仓
Spyder,OPU2602060000033,OPU2602060000033,采购入库,6942133551742,20,0,0,262SOX23KMN98,短袖POLO衫,炭黑色,,2026-02-06 17:11:02,,待收货,待收货,,,,合肥仓
Spyder,OPU2602060000033,OPU2602060000033,采购入库,6942133551742,20,0,0,262SOX23KMN98,短袖POLO衫,炭黑色,,2026-02-06 17:11:02,,待收货,待收货,,,,合肥仓
Spyder,OPU2602060000033,OPU2602060000033,采购入库,6942133551742,20,0,0,262SOX23KMN98,短袖POLO衫,炭黑色,,2026-02-06 17:11:02,,待收货,待收货,,,,合肥仓
Spyder,OPU2602060000033,OPU2602060000033,采购入库,6942133551742,20,0,0,262SOX23KMN98,短袖POLO衫,炭黑色,,2026-02-06 17:11:02,,待收货,待收货,,,,合肥仓
Spyder,OPU2602060000033,OPU2602060000033,采购入库,6942133551742,20,0,0,262SOX23KMN98,短袖POLO衫,炭黑色,,2026-02-06 17:11:02,,待收货,待收货,,,,合肥仓
Spyder,OPU2602060000033,OPU2602060000033,采购入库,6942133551742,20,0,0,262SOX23KMN98,短袖POLO衫,炭黑色,,2026-02-06 17:11:02,,待收货,待收货,,,,合肥仓
Spyder,OPU2602060000033,OPU2602060000033,采购入库,6942133551742,20,0,0,262SOX23KMN98,短袖POLO衫,炭黑色,,2026-02-06 17:11:02,,待收货,待收货,,,,合肥仓
Spyder,OPU2602060000033,OPU2602060000033,采购入库,6942133551742,20,0,0,262SOX23KMN98,短袖POLO衫,炭黑色,,2026-02-06 17:11:02,,待收货,待收货,,,,合肥仓
Spyder,OPU2602060000033,OPU2602060000033,采购入库,6942133551728,20,0,0,262SOX23KMN98,短袖POLO衫,炭黑色,,2026-02-06 17:11:02,,待收货,待收货,,,,合肥仓
Spyder,OPU2602060000033,OPU2602060000033,采购入库,6942133551728,20,0,0,262SOX23KMN98,短袖POLO衫,炭黑色,,2026-02-06 17:11:02,,待收货,待收货,,,,合肥仓
Spyder,OPU2602060000033,OPU2602060000033,采购入库,6942133551728,20,0,0,262SOX23KMN98,短袖POLO衫,炭黑色,,2026-02-06 17:11:02,,待收货,待收货,,,,合肥仓
Spyder,OPU2602060000033,OPU2602060000033,采购入库,6942133551728,20,0,0,262SOX23KMN98,短袖POLO衫,炭黑色,,2026-02-06 17:11:02,,待收货,待收货,,,,合肥仓
Spyder,OPU2602060000033,OPU2602060000033,采购入库,6942133551728,20,0,0,262SOX23KMN98,短袖POLO衫,炭黑色,,2026-02-06 17:11:02,,待收货,待收货,,,,合肥仓
Spyder,OPU2602060000033,OPU2602060000033,采购入库,6942133551728,20,0,0,262SOX23KMN98,短袖POLO衫,炭黑色,,2026-02-06 17:11:02,,待收货,待收货,,,,合肥仓
Spyder,OPU2602060000033,OPU2602060000033,采购入库,6942133551728,20,0,0,262SOX23KMN98,短袖POLO衫,炭黑色,,2026-02-06 17:11:02,,待收货,待收货,,,,合肥仓
Spyder,OPU2602060000033,OPU2602060000033,采购入库,6942133551728,20,0,0,262SOX23KMN98,短袖POLO衫,炭黑色,,2026-02-06 17:11:02,,待收货,待收货,,,,合肥仓
Spyder,OPU2602060000033,OPU2602060000033,采购入库,6942133551728,20,0,0,262SOX23KMN98,短袖POLO衫,炭黑色,,2026-02-06 17:11:02,,待收货,待收货,,,,合肥仓
Spyder,OPU2602060000033,OPU2602060000033,采购入库,6942133551728,20,0,0,262SOX23KMN98,短袖POLO衫,炭黑色,,2026-02-06 17:11:02,,待收货,待收货,,,,合肥仓
Spyder,OPU2602060000033,OPU2602060000033,采购入库,6942133551728,20,0,0,262SOX23KMN98,短袖POLO衫,炭黑色,,2026-02-06 17:11:02,,待收货,待收货,,,,合肥仓
Spyder,OPU2602060000033,OPU2602060000033,采购入库,6942133551728,20,0,0,262SOX23KMN98,短袖POLO衫,炭黑色,,2026-02-06 17:11:02,,待收货,待收货,,,,合肥仓
Spyder,OPU2602060000033,OPU2602060000033,采购入库,6942133551728,20,0,0,262SOX23KMN98,短袖POLO衫,炭黑色,,2026-02-06 17:11:02,,待收货,待收货,,,,合肥仓
Spyder,OPU2602060000033,OPU2602060000033,采购入库,6942133551728,20,0,0,262SOX23KMN98,短袖POLO衫,炭黑色,,2026-02-06 17:11:02,,待收货,待收货,,,,合肥仓
Spyder,OPU2602060000033,OPU2602060000033,采购入库,6942133551728,20,0,0,262SOX23KMN98,短袖POLO衫,炭黑色,,2026-02-06 17:11:02,,待收货,待收货,,,,合肥仓
Spyder,OPU2602060000033,OPU2602060000033,采购入库,6942133551728,20,0,0,262SOX23KMN98,短袖POLO衫,炭黑色,,2026-02-06 17:11:02,,待收货,待收货,,,,合肥仓
Spyder,OPU2602060000033,OPU2602060000033,采购入库,6942133551728,20,0,0,262SOX23KMN98,短袖POLO衫,炭黑色,,2026-02-06 17:11:02,,待收货,待收货,,,,合肥仓
Spyder,OPU2602060000033,OPU2602060000033,采购入库,6942133551728,20,0,0,262SOX23KMN98,短袖POLO衫,炭黑色,,2026-02-06 17:11:02,,待收货,待收货,,,,合肥仓
Spyder,OPU2602060000033,OPU2602060000033,采购入库,6942133551728,20,0,0,262SOX23KMN98,短袖POLO衫,炭黑色,,2026-02-06 17:11:02,,待收货,待收货,,,,合肥仓
Spyder,OPU2602060000033,OPU2602060000033,采购入库,6942133551728,20,0,0,262SOX23KMN98,短袖POLO衫,炭黑色,,2026-02-06 17:11:02,,待收货,待收货,,,,合肥仓
Spyder,OPU2602060000033,OPU2602060000033,采购入库,6942133551728,20,0,0,262SOX23KMN98,短袖POLO衫,炭黑色,,2026-02-06 17:11:02,,待收货,待收货,,,,合肥仓
Spyder,OPU2602060000033,OPU2602060000033,采购入库,6942133551728,20,0,0,262SOX23KMN98,短袖POLO衫,炭黑色,,2026-02-06 17:11:02,,待收货,待收货,,,,合肥仓
Spyder,OPU2602060000033,OPU2602060000033,采购入库,6942133551728,20,0,0,262SOX23KMN98,短袖POLO衫,炭黑色,,2026-02-06 17:11:02,,待收货,待收货,,,,合肥仓
Spyder,OPU2602060000033,OPU2602060000033,采购入库,6942133551728,20,0,0,262SOX23KMN98,短袖POLO衫,炭黑色,,2026-02-06 17:11:02,,待收货,待收货,,,,合肥仓
Spyder,OPU2602060000033,OPU2602060000033,采购入库,6942133551728,20,0,0,262SOX23KMN98,短袖POLO衫,炭黑色,,2026-02-06 17:11:02,,待收货,待收货,,,,合肥仓
Spyder,OPU2602060000033,OPU2602060000033,采购入库,6942133551728,20,0,0,262SOX23KMN98,短袖POLO衫,炭黑色,,2026-02-06 17:11:02,,待收货,待收货,,,,合肥仓
Spyder,OPU2602060000033,OPU2602060000033,采购入库,6942133551728,20,0,0,262SOX23KMN98,短袖POLO衫,炭黑色,,2026-02-06 17:11:02,,待收货,待收货,,,,合肥仓
Spyder,OPU2602060000033,OPU2602060000033,采购入库,6942133551728,20,0,0,262SOX23KMN98,短袖POLO衫,炭黑色,,2026-02-06 17:11:02,,待收货,待收货,,,,合肥仓
Spyder,OPU2602060000033,OPU2602060000033,采购入库,6942133551728,20,0,0,262SOX23KMN98,短袖POLO衫,炭黑色,,2026-02-06 17:11:02,,待收货,待收货,,,,合肥仓
Spyder,OPU2602060000033,OPU2602060000033,采购入库,6942133551728,20,0,0,262SOX23KMN98,短袖POLO衫,炭黑色,,2026-02-06 17:11:02,,待收货,待收货,,,,合肥仓
Spyder,OPU2602060000033,OPU2602060000033,采购入库,6942133551728,20,0,0,262SOX23KMN98,短袖POLO衫,炭黑色,,2026-02-06 17:11:02,,待收货,待收货,,,,合肥仓
Spyder,OPU2602060000033,OPU2602060000033,采购入库,6942133551728,20,0,0,262SOX23KMN98,短袖POLO衫,炭黑色,,2026-02-06 17:11:02,,待收货,待收货,,,,合肥仓
Spyder,OPU2602060000033,OPU2602060000033,采购入库,6942133551728,20,0,0,262SOX23KMN98,短袖POLO衫,炭黑色,,2026-02-06 17:11:02,,待收货,待收货,,,,合肥仓
Spyder,OPU2602060000033,OPU2602060000033,采购入库,6942133551728,20,0,0,262SOX23KMN98,短袖POLO衫,炭黑色,,2026-02-06 17:11:02,,待收货,待收货,,,,合肥仓
Spyder,OPU2602060000033,OPU2602060000033,采购入库,6942133551728,20,0,0,262SOX23KMN98,短袖POLO衫,炭黑色,,2026-02-06 17:11:02,,待收货,待收货,,,,合肥仓
Spyder,OPU2602060000033,OPU2602060000033,采购入库,6942133551728,20,0,0,262SOX23KMN98,短袖POLO衫,炭黑色,,2026-02-06 17:11:02,,待收货,待收货,,,,合肥仓
Spyder,OPU2602060000033,OPU2602060000033,采购入库,6942133551728,20,0,0,262SOX23KMN98,短袖POLO衫,炭黑色,,2026-02-06 17:11:02,,待收货,待收货,,,,合肥仓
Spyder,OPU2602060000033,OPU2602060000033,采购入库,6942133551728,20,0,0,262SOX23KMN98,短袖POLO衫,炭黑色,,2026-02-06 17:11:02,,待收货,待收货,,,,合肥仓
Spyder,OPU2602060000033,OPU2602060000033,采购入库,6942133551728,20,0,0,262SOX23KMN98,短袖POLO衫,炭黑色,,2026-02-06 17:11:02,,待收货,待收货,,,,合肥仓
Spyder,OPU2602060000033,OPU2602060000033,采购入库,6942133551728,20,0,0,262SOX23KMN98,短袖POLO衫,炭黑色,,2026-02-06 17:11:02,,待收货,待收货,,,,合肥仓
Spyder,OPU2602060000033,OPU2602060000033,采购入库,6942133551728,20,0,0,262SOX23KMN98,短袖POLO衫,炭黑色,,2026-02-06 17:11:02,,待收货,待收货,,,,合肥仓
Spyder,OPU2602060000033,OPU2602060000033,采购入库,6942133551728,20,0,0,262SOX23KMN98,短袖POLO衫,炭黑色,,2026-02-06 17:11:02,,待收货,待收货,,,,合肥仓
Spyder,OPU2602060000033,OPU2602060000033,采购入库,6942133551728,20,0,0,262SOX23KMN98,短袖POLO衫,炭黑色,,2026-02-06 17:11:02,,待收货,待收货,,,,合肥仓
Spyder,OPU2602060000033,OPU2602060000033,采购入库,6942133551728,20,0,0,262SOX23KMN98,短袖POLO衫,炭黑色,,2026-02-06 17:11:02,,待收货,待收货,,,,合肥仓
Spyder,OPU2602060000033,OPU2602060000033,采购入库,6942133551728,20,0,0,262SOX23KMN98,短袖POLO衫,炭黑色,,2026-02-06 17:11:02,,待收货,待收货,,,,合肥仓
Spyder,OPU2602060000033,OPU2602060000033,采购入库,6942133551728,20,0,0,262SOX23KMN98,短袖POLO衫,炭黑色,,2026-02-06 17:11:02,,待收货,待收货,,,,合肥仓
Spyder,OPU2602060000033,OPU2602060000033,采购入库,6942133551728,20,0,0,262SOX23KMN98,短袖POLO衫,炭黑色,,2026-02-06 17:11:02,,待收货,待收货,,,,合肥仓
Spyder,OPU2602060000033,OPU2602060000033,采购入库,6942133551728,20,0,0,262SOX23KMN98,短袖POLO衫,炭黑色,,2026-02-06 17:11:02,,待收货,待收货,,,,合肥仓
Spyder,OPU2602060000033,OPU2602060000033,采购入库,6942133551728,20,0,0,262SOX23KMN98,短袖POLO衫,炭黑色,,2026-02-06 17:11:02,,待收货,待收货,,,,合肥仓
Spyder,OPU2602060000033,OPU2602060000033,采购入库,6942133551728,20,0,0,262SOX23KMN98,短袖POLO衫,炭黑色,,2026-02-06 17:11:02,,待收货,待收货,,,,合肥仓
Spyder,OPU2602060000033,OPU2602060000033,采购入库,6942133551728,20,0,0,262SOX23KMN98,短袖POLO衫,炭黑色,,2026-02-06 17:11:02,,待收货,待收货,,,,合肥仓
Spyder,OPU2602060000033,OPU2602060000033,采购入库,6942133551728,20,0,0,262SOX23KMN98,短袖POLO衫,炭黑色,,2026-02-06 17:11:02,,待收货,待收货,,,,合肥仓
Spyder,OPU2602060000033,OPU2602060000033,采购入库,6942133551728,20,0,0,262SOX23KMN98,短袖POLO衫,炭黑色,,2026-02-06 17:11:02,,待收货,待收货,,,,合肥仓
Spyder,OPU2602060000033,OPU2602060000033,采购入库,6942133551728,20,0,0,262SOX23KMN98,短袖POLO衫,炭黑色,,2026-02-06 17:11:02,,待收货,待收货,,,,合肥仓
Spyder,OPU2602060000033,OPU2602060000033,采购入库,6942133551728,20,0,0,262SOX23KMN98,短袖POLO衫,炭黑色,,2026-02-06 17:11:02,,待收货,待收货,,,,合肥仓
Spyder,OPU2602060000033,OPU2602060000033,采购入库,6942133551728,20,0,0,262SOX23KMN98,短袖POLO衫,炭黑色,,2026-02-06 17:11:02,,待收货,待收货,,,,合肥仓
Spyder,OPU2602060000033,OPU2602060000033,采购入库,6942133551728,20,0,0,262SOX23KMN98,短袖POLO衫,炭黑色,,2026-02-06 17:11:02,,待收货,待收货,,,,合肥仓
Spyder,OPU2602060000033,OPU2602060000033,采购入库,6942133551728,20,0,0,262SOX23KMN98,短袖POLO衫,炭黑色,,2026-02-06 17:11:02,,待收货,待收货,,,,合肥仓
Spyder,OPU2602060000033,OPU2602060000033,采购入库,6942133551728,20,0,0,262SOX23KMN98,短袖POLO衫,炭黑色,,2026-02-06 17:11:02,,待收货,待收货,,,,合肥仓
Spyder,OPU2602060000033,OPU2602060000033,采购入库,6942133551728,20,0,0,262SOX23KMN98,短袖POLO衫,炭黑色,,2026-02-06 17:11:02,,待收货,待收货,,,,合肥仓
Spyder,OPU2602060000033,OPU2602060000033,采购入库,6942133551728,20,0,0,262SOX23KMN98,短袖POLO衫,炭黑色,,2026-02-06 17:11:02,,待收货,待收货,,,,合肥仓
Spyder,OPU2602060000033,OPU2602060000033,采购入库,6942133551728,20,0,0,262SOX23KMN98,短袖POLO衫,炭黑色,,2026-02-06 17:11:02,,待收货,待收货,,,,合肥仓
Spyder,OPU2602060000033,OPU2602060000033,采购入库,6942133551728,20,0,0,262SOX23KMN98,短袖POLO衫,炭黑色,,2026-02-06 17:11:02,,待收货,待收货,,,,合肥仓
Spyder,OPU2602060000033,OPU2602060000033,采购入库,6942133551728,20,0,0,262SOX23KMN98,短袖POLO衫,炭黑色,,2026-02-06 17:11:02,,待收货,待收货,,,,合肥仓
Spyder,OPU2602060000033,OPU2602060000033,采购入库,6942133551728,20,0,0,262SOX23KMN98,短袖POLO衫,炭黑色,,2026-02-06 17:11:02,,待收货,待收货,,,,合肥仓
Spyder,OPU2602060000033,OPU2602060000033,采购入库,6942133551728,20,0,0,262SOX23KMN98,短袖POLO衫,炭黑色,,2026-02-06 17:11:02,,待收货,待收货,,,,合肥仓
Spyder,OPU2602060000033,OPU2602060000033,采购入库,6942133551728,20,0,0,262SOX23KMN98,短袖POLO衫,炭黑色,,2026-02-06 17:11:02,,待收货,待收货,,,,合肥仓
Spyder,OPU2602060000033,OPU2602060000033,采购入库,6942133551728,20,0,0,262SOX23KMN98,短袖POLO衫,炭黑色,,2026-02-06 17:11:02,,待收货,待收货,,,,合肥仓
Spyder,OPU2602060000033,OPU2602060000033,采购入库,6942133551728,20,0,0,262SOX23KMN98,短袖POLO衫,炭黑色,,2026-02-06 17:11:02,,待收货,待收货,,,,合肥仓
Spyder,OPU2602060000033,OPU2602060000033,采购入库,6942133551728,20,0,0,262SOX23KMN98,短袖POLO衫,炭黑色,,2026-02-06 17:11:02,,待收货,待收货,,,,合肥仓
Spyder,OPU2602060000033,OPU2602060000033,采购入库,6942133551728,20,0,0,262SOX23KMN98,短袖POLO衫,炭黑色,,2026-02-06 17:11:02,,待收货,待收货,,,,合肥仓
Spyder,OPU2602060000033,OPU2602060000033,采购入库,6942133551728,20,0,0,262SOX23KMN98,短袖POLO衫,炭黑色,,2026-02-06 17:11:02,,待收货,待收货,,,,合肥仓
Spyder,OPU2602060000033,OPU2602060000033,采购入库,6942133551728,20,0,0,262SOX23KMN98,短袖POLO衫,炭黑色,,2026-02-06 17:11:02,,待收货,待收货,,,,合肥仓
Spyder,OPU2602060000033,OPU2602060000033,采购入库,6942133551728,20,0,0,262SOX23KMN98,短袖POLO衫,炭黑色,,2026-02-06 17:11:02,,待收货,待收货,,,,合肥仓
Spyder,OPU2602060000033,OPU2602060000033,采购入库,6942133551728,20,0,0,262SOX23KMN98,短袖POLO衫,炭黑色,,2026-02-06 17:11:02,,待收货,待收货,,,,合肥仓
Spyder,OPU2602060000033,OPU2602060000033,采购入库,6942133551728,20,0,0,262SOX23KMN98,短袖POLO衫,炭黑色,,2026-02-06 17:11:02,,待收货,待收货,,,,合肥仓
Spyder,OPU2602060000033,OPU2602060000033,采购入库,6942133551728,20,0,0,262SOX23KMN98,短袖POLO衫,炭黑色,,2026-02-06 17:11:02,,待收货,待收货,,,,合肥仓
Spyder,OPU2602060000033,OPU2602060000033,采购入库,6942133551728,20,0,0,262SOX23KMN98,短袖POLO衫,炭黑色,,2026-02-06 17:11:02,,待收货,待收货,,,,合肥仓
Spyder,OPU2602060000033,OPU2602060000033,采购入库,6942133551728,20,0,0,262SOX23KMN98,短袖POLO衫,炭黑色,,2026-02-06 17:11:02,,待收货,待收货,,,,合肥仓
Spyder,OPU2602060000033,OPU2602060000033,采购入库,6942133551728,20,0,0,262SOX23KMN98,短袖POLO衫,炭黑色,,2026-02-06 17:11:02,,待收货,待收货,,,,合肥仓
Spyder,OPU2602060000033,OPU2602060000033,采购入库,6942133551728,20,0,0,262SOX23KMN98,短袖POLO衫,炭黑色,,2026-02-06 17:11:02,,待收货,待收货,,,,合肥仓
Spyder,OPU2602060000033,OPU2602060000033,采购入库,6942133551728,20,0,0,262SOX23KMN98,短袖POLO衫,炭黑色,,2026-02-06 17:11:02,,待收货,待收货,,,,合肥仓
Spyder,OPU2602060000033,OPU2602060000033,采购入库,6942133551728,20,0,0,262SOX23KMN98,短袖POLO衫,炭黑色,,2026-02-06 17:11:02,,待收货,待收货,,,,合肥仓
Spyder,OPU2602060000033,OPU2602060000033,采购入库,6942133551728,20,0,0,262SOX23KMN98,短袖POLO衫,炭黑色,,2026-02-06 17:11:02,,待收货,待收货,,,,合肥仓
Spyder,OPU2602060000033,OPU2602060000033,采购入库,6942133551728,20,0,0,262SOX23KMN98,短袖POLO衫,炭黑色,,2026-02-06 17:11:02,,待收货,待收货,,,,合肥仓
Spyder,OPU2602060000033,OPU2602060000033,采购入库,6942133551728,20,0,0,262SOX23KMN98,短袖POLO衫,炭黑色,,2026-02-06 17:11:02,,待收货,待收货,,,,合肥仓
Spyder,OPU2602060000033,OPU2602060000033,采购入库,6942133551728,20,0,0,262SOX23KMN98,短袖POLO衫,炭黑色,,2026-02-06 17:11:02,,待收货,待收货,,,,合肥仓
Spyder,OPU2602060000033,OPU2602060000033,采购入库,6942133551728,20,0,0,262SOX23KMN98,短袖POLO衫,炭黑色,,2026-02-06 17:11:02,,待收货,待收货,,,,合肥仓
Spyder,OPU2602060000033,OPU2602060000033,采购入库,6942133551728,20,0,0,262SOX23KMN98,短袖POLO衫,炭黑色,,2026-02-06 17:11:02,,待收货,待收货,,,,合肥仓
Spyder,OPU2602060000033,OPU2602060000033,采购入库,6942133551728,20,0,0,262SOX23KMN98,短袖POLO衫,炭黑色,,2026-02-06 17:11:02,,待收货,待收货,,,,合肥仓
Spyder,OPU2602060000033,OPU2602060000033,采购入库,6942133551728,20,0,0,262SOX23KMN98,短袖POLO衫,炭黑色,,2026-02-06 17:11:02,,待收货,待收货,,,,合肥仓
Spyder,OPU2602060000033,OPU2602060000033,采购入库,6942133551728,20,0,0,262SOX23KMN98,短袖POLO衫,炭黑色,,2026-02-06 17:11:02,,待收货,待收货,,,,合肥仓
Spyder,OPU2602060000033,OPU2602060000033,采购入库,6942133551728,20,0,0,262SOX23KMN98,短袖POLO衫,炭黑色,,2026-02-06 17:11:02,,待收货,待收货,,,,合肥仓
Spyder,OPU2602060000033,OPU2602060000033,采购入库,6942133551728,20,0,0,262SOX23KMN98,短袖POLO衫,炭黑色,,2026-02-06 17:11:02,,待收货,待收货,,,,合肥仓
Spyder,OPU2602060000033,OPU2602060000033,采购入库,6942133551728,20,0,0,262SOX23KMN98,短袖POLO衫,炭黑色,,2026-02-06 17:11:02,,待收货,待收货,,,,合肥仓
Spyder,OPU2602060000033,OPU2602060000033,采购入库,6942133551728,20,0,0,262SOX23KMN98,短袖POLO衫,炭黑色,,2026-02-06 17:11:02,,待收货,待收货,,,,合肥仓
Spyder,OPU2602060000033,OPU2602060000033,采购入库,6942133551728,20,0,0,262SOX23KMN98,短袖POLO衫,炭黑色,,2026-02-06 17:11:02,,待收货,待收货,,,,合肥仓
Spyder,OPU2602060000033,OPU2602060000033,采购入库,6942133551728,20,0,0,262SOX23KMN98,短袖POLO衫,炭黑色,,2026-02-06 17:11:02,,待收货,待收货,,,,合肥仓
Spyder,OPU2602060000033,OPU2602060000033,采购入库,6942133551728,20,0,0,262SOX23KMN98,短袖POLO衫,炭黑色,,2026-02-06 17:11:02,,待收货,待收货,,,,合肥仓
Spyder,OPU2602060000033,OPU2602060000033,采购入库,6942133551728,20,0,0,262SOX23KMN98,短袖POLO衫,炭黑色,,2026-02-06 17:11:02,,待收货,待收货,,,,合肥仓
Spyder,OPU2602060000033,OPU2602060000033,采购入库,6942133551728,20,0,0,262SOX23KMN98,短袖POLO衫,炭黑色,,2026-02-06 17:11:02,,待收货,待收货,,,,合肥仓
Spyder,OPU2602060000033,OPU2602060000033,采购入库,6942133551728,20,0,0,262SOX23KMN98,短袖POLO衫,炭黑色,,2026-02-06 17:11:02,,待收货,待收货,,,,合肥仓
Spyder,OPU2602060000033,OPU2602060000033,采购入库,6942133551728,20,0,0,262SOX23KMN98,短袖POLO衫,炭黑色,,2026-02-06 17:11:02,,待收货,待收货,,,,合肥仓
Spyder,OPU2602060000033,OPU2602060000033,采购入库,6942133551728,20,0,0,262SOX23KMN98,短袖POLO衫,炭黑色,,2026-02-06 17:11:02,,待收货,待收货,,,,合肥仓
Spyder,OPU2602060000033,OPU2602060000033,采购入库,6942133551728,20,0,0,262SOX23KMN98,短袖POLO衫,炭黑色,,2026-02-06 17:11:02,,待收货,待收货,,,,合肥仓
Spyder,OPU2602060000033,OPU2602060000033,采购入库,6942133551728,20,0,0,262SOX23KMN98,短袖POLO衫,炭黑色,,2026-02-06 17:11:02,,待收货,待收货,,,,合肥仓
Spyder,OPU2602060000033,OPU2602060000033,采购入库,6942133551728,20,0,0,262SOX23KMN98,短袖POLO衫,炭黑色,,2026-02-06 17:11:02,,待收货,待收货,,,,合肥仓
Spyder,OPU2602060000033,OPU2602060000033,采购入库,6942133551728,20,0,0,262SOX23KMN98,短袖POLO衫,炭黑色,,2026-02-06 17:11:02,,待收货,待收货,,,,合肥仓
Spyder,OPU2602060000033,OPU2602060000033,采购入库,6942133551728,20,0,0,262SOX23KMN98,短袖POLO衫,炭黑色,,2026-02-06 17:11:02,,待收货,待收货,,,,合肥仓
Spyder,OPU2602060000033,OPU2602060000033,采购入库,6942133551728,20,0,0,262SOX23KMN98,短袖POLO衫,炭黑色,,2026-02-06 17:11:02,,待收货,待收货,,,,合肥仓
Spyder,OPU2602060000033,OPU2602060000033,采购入库,6942133551728,20,0,0,262SOX23KMN98,短袖POLO衫,炭黑色,,2026-02-06 17:11:02,,待收货,待收货,,,,合肥仓
Spyder,OPU2602060000033,OPU2602060000033,采购入库,6942133551728,20,0,0,262SOX23KMN98,短袖POLO衫,炭黑色,,2026-02-06 17:11:02,,待收货,待收货,,,,合肥仓
Spyder,OPU2602060000033,OPU2602060000033,采购入库,6942133551728,20,0,0,262SOX23KMN98,短袖POLO衫,炭黑色,,2026-02-06 17:11:02,,待收货,待收货,,,,合肥仓
Spyder,OPU2602060000033,OPU2602060000033,采购入库,6942133551728,20,0,0,262SOX23KMN98,短袖POLO衫,炭黑色,,2026-02-06 17:11:02,,待收货,待收货,,,,合肥仓
Spyder,OPU2602060000033,OPU2602060000033,采购入库,6942133551728,20,0,0,262SOX23KMN98,短袖POLO衫,炭黑色,,2026-02-06 17:11:02,,待收货,待收货,,,,合肥仓
Spyder,OPU2602060000033,OPU2602060000033,采购入库,6942133551728,20,0,0,262SOX23KMN98,短袖POLO衫,炭黑色,,2026-02-06 17:11:02,,待收货,待收货,,,,合肥仓
Spyder,OPU2602060000033,OPU2602060000033,采购入库,6942133551728,20,0,0,262SOX23KMN98,短袖POLO衫,炭黑色,,2026-02-06 17:11:02,,待收货,待收货,,,,合肥仓
Spyder,OPU2602060000033,OPU2602060000033,采购入库,6942133551728,20,0,0,262SOX23KMN98,短袖POLO衫,炭黑色,,2026-02-06 17:11:02,,待收货,待收货,,,,合肥仓
Spyder,OPU2602060000033,OPU2602060000033,采购入库,6942133551728,20,0,0,262SOX23KMN98,短袖POLO衫,炭黑色,,2026-02-06 17:11:02,,待收货,待收货,,,,合肥仓
Spyder,OPU2602060000033,OPU2602060000033,采购入库,6942133551728,20,0,0,262SOX23KMN98,短袖POLO衫,炭黑色,,2026-02-06 17:11:02,,待收货,待收货,,,,合肥仓
Spyder,OPU2602060000033,OPU2602060000033,采购入库,6942133551728,20,0,0,262SOX23KMN98,短袖POLO衫,炭黑色,,2026-02-06 17:11:02,,待收货,待收货,,,,合肥仓
Spyder,OPU2602060000033,OPU2602060000033,采购入库,6942133551728,20,0,0,262SOX23KMN98,短袖POLO衫,炭黑色,,2026-02-06 17:11:02,,待收货,待收货,,,,合肥仓
Spyder,OPU2602060000033,OPU2602060000033,采购入库,6942133551728,20,0,0,262SOX23KMN98,短袖POLO衫,炭黑色,,2026-02-06 17:11:02,,待收货,待收货,,,,合肥仓
Spyder,OPU2602060000033,OPU2602060000033,采购入库,6942133551728,20,0,0,262SOX23KMN98,短袖POLO衫,炭黑色,,2026-02-06 17:11:02,,待收货,待收货,,,,合肥仓
Spyder,OPU2602060000033,OPU2602060000033,采购入库,6942133551728,20,0,0,262SOX23KMN98,短袖POLO衫,炭黑色,,2026-02-06 17:11:02,,待收货,待收货,,,,合肥仓
Spyder,OPU2602060000033,OPU2602060000033,采购入库,6942133551728,20,0,0,262SOX23KMN98,短袖POLO衫,炭黑色,,2026-02-06 17:11:02,,待收货,待收货,,,,合肥仓
Spyder,OPU2602060000033,OPU2602060000033,采购入库,6942133551728,20,0,0,262SOX23KMN98,短袖POLO衫,炭黑色,,2026-02-06 17:11:02,,待收货,待收货,,,,合肥仓
Spyder,OPU2602060000033,OPU2602060000033,采购入库,6942133551728,20,0,0,262SOX23KMN98,短袖POLO衫,炭黑色,,2026-02-06 17:11:02,,待收货,待收货,,,,合肥仓
Spyder,OPU2602060000033,OPU2602060000033,采购入库,6942133551728,20,0,0,262SOX23KMN98,短袖POLO衫,炭黑色,,2026-02-06 17:11:02,,待收货,待收货,,,,合肥仓
Spyder,OPU2602060000033,OPU2602060000033,采购入库,6942133551728,20,0,0,262SOX23KMN98,短袖POLO衫,炭黑色,,2026-02-06 17:11:02,,待收货,待收货,,,,合肥仓
Spyder,OPU2602060000033,OPU2602060000033,采购入库,6942133551728,20,0,0,262SOX23KMN98,短袖POLO衫,炭黑色,,2026-02-06 17:11:02,,待收货,待收货,,,,合肥仓
Spyder,OPU2602060000033,OPU2602060000033,采购入库,6942133551728,20,0,0,262SOX23KMN98,短袖POLO衫,炭黑色,,2026-02-06 17:11:02,,待收货,待收货,,,,合肥仓
Spyder,OPU2602060000033,OPU2602060000033,采购入库,6942133551728,20,0,0,262SOX23KMN98,短袖POLO衫,炭黑色,,2026-02-06 17:11:02,,待收货,待收货,,,,合肥仓
Spyder,OPU2602060000033,OPU2602060000033,采购入库,6942133551728,20,0,0,262SOX23KMN98,短袖POLO衫,炭黑色,,2026-02-06 17:11:02,,待收货,待收货,,,,合肥仓
Spyder,OPU2602060000033,OPU2602060000033,采购入库,6942133551728,20,0,0,262SOX23KMN98,短袖POLO衫,炭黑色,,2026-02-06 17:11:02,,待收货,待收货,,,,合肥仓
Spyder,OPU2602060000033,OPU2602060000033,采购入库,6942133551728,20,0,0,262SOX23KMN98,短袖POLO衫,炭黑色,,2026-02-06 17:11:02,,待收货,待收货,,,,合肥仓
Spyder,OPU2602060000033,OPU2602060000033,采购入库,6942133551728,20,0,0,262SOX23KMN98,短袖POLO衫,炭黑色,,2026-02-06 17:11:02,,待收货,待收货,,,,合肥仓
Spyder,OPU2602060000033,OPU2602060000033,采购入库,6942133551728,20,0,0,262SOX23KMN98,短袖POLO衫,炭黑色,,2026-02-06 17:11:02,,待收货,待收货,,,,合肥仓
Spyder,OPU2602060000033,OPU2602060000033,采购入库,6942133551728,20,0,0,262SOX23KMN98,短袖POLO衫,炭黑色,,2026-02-06 17:11:02,,待收货,待收货,,,,合肥仓
Spyder,OPU2602060000033,OPU2602060000033,采购入库,6942133551728,20,0,0,262SOX23KMN98,短袖POLO衫,炭黑色,,2026-02-06 17:11:02,,待收货,待收货,,,,合肥仓
Spyder,OPU2602060000033,OPU2602060000033,采购入库,6942133551728,20,0,0,262SOX23KMN98,短袖POLO衫,炭黑色,,2026-02-06 17:11:02,,待收货,待收货,,,,合肥仓
Spyder,OPU2602060000033,OPU2602060000033,采购入库,6942133551728,20,0,0,262SOX23KMN98,短袖POLO衫,炭黑色,,2026-02-06 17:11:02,,待收货,待收货,,,,合肥仓
Spyder,OPU2602060000033,OPU2602060000033,采购入库,6942133551728,20,0,0,262SOX23KMN98,短袖POLO衫,炭黑色,,2026-02-06 17:11:02,,待收货,待收货,,,,合肥仓
Spyder,OPU2602060000033,OPU2602060000033,采购入库,6942133551728,20,0,0,262SOX23KMN98,短袖POLO衫,炭黑色,,2026-02-06 17:11:02,,待收货,待收货,,,,合肥仓
Spyder,OPU2602060000033,OPU2602060000033,采购入库,6942133551728,20,0,0,262SOX23KMN98,短袖POLO衫,炭黑色,,2026-02-06 17:11:02,,待收货,待收货,,,,合肥仓
Spyder,OPU2602060000033,OPU2602060000033,采购入库,6942133551728,20,0,0,262SOX23KMN98,短袖POLO衫,炭黑色,,2026-02-06 17:11:02,,待收货,待收货,,,,合肥仓
Spyder,OPU2602060000033,OPU2602060000033,采购入库,6942133551728,20,0,0,262SOX23KMN98,短袖POLO衫,炭黑色,,2026-02-06 17:11:02,,待收货,待收货,,,,合肥仓
Spyder,OPU2602060000033,OPU2602060000033,采购入库,6942133551728,20,0,0,262SOX23KMN98,短袖POLO衫,炭黑色,,2026-02-06 17:11:02,,待收货,待收货,,,,合肥仓
Spyder,OPU2602060000033,OPU2602060000033,采购入库,6942133551728,20,0,0,262SOX23KMN98,短袖POLO衫,炭黑色,,2026-02-06 17:11:02,,待收货,待收货,,,,合肥仓
Spyder,OPU2602060000033,OPU2602060000033,采购入库,6942133551728,20,0,0,262SOX23KMN98,短袖POLO衫,炭黑色,,2026-02-06 17:11:02,,待收货,待收货,,,,合肥仓
Spyder,OPU2602060000033,OPU2602060000033,采购入库,6942133551728,20,0,0,262SOX23KMN98,短袖POLO衫,炭黑色,,2026-02-06 17:11:02,,待收货,待收货,,,,合肥仓
Spyder,OPU2602060000033,OPU2602060000033,采购入库,6942133551728,20,0,0,262SOX23KMN98,短袖POLO衫,炭黑色,,2026-02-06 17:11:02,,待收货,待收货,,,,合肥仓
Spyder,OPU2602060000033,OPU2602060000033,采购入库,6942133551728,20,0,0,262SOX23KMN98,短袖POLO衫,炭黑色,,2026-02-06 17:11:02,,待收货,待收货,,,,合肥仓
Spyder,OPU2602060000033,OPU2602060000033,采购入库,6942133551728,20,0,0,262SOX23KMN98,短袖POLO衫,炭黑色,,2026-02-06 17:11:02,,待收货,待收货,,,,合肥仓
Spyder,OPU2602060000033,OPU2602060000033,采购入库,6942133551728,20,0,0,262SOX23KMN98,短袖POLO衫,炭黑色,,2026-02-06 17:11:02,,待收货,待收货,,,,合肥仓
Spyder,OPU2602060000033,OPU2602060000033,采购入库,6942133551728,20,0,0,262SOX23KMN98,短袖POLO衫,炭黑色,,2026-02-06 17:11:02,,待收货,待收货,,,,合肥仓
Spyder,OPU2602060000033,OPU2602060000033,采购入库,6942133551728,20,0,0,262SOX23KMN98,短袖POLO衫,炭黑色,,2026-02-06 17:11:02,,待收货,待收货,,,,合肥仓
Spyder,OPU2602060000033,OPU2602060000033,采购入库,6942133551728,20,0,0,262SOX23KMN98,短袖POLO衫,炭黑色,,2026-02-06 17:11:02,,待收货,待收货,,,,合肥仓
Spyder,OPU2602060000033,OPU2602060000033,采购入库,6942133551728,20,0,0,262SOX23KMN98,短袖POLO衫,炭黑色,,2026-02-06 17:11:02,,待收货,待收货,,,,合肥仓
Spyder,OPU2602060000033,OPU2602060000033,采购入库,6942133551728,20,0,0,262SOX23KMN98,短袖POLO衫,炭黑色,,2026-02-06 17:11:02,,待收货,待收货,,,,合肥仓
Spyder,OPU2602060000033,OPU2602060000033,采购入库,6942133551728,20,0,0,262SOX23KMN98,短袖POLO衫,炭黑色,,2026-02-06 17:11:02,,待收货,待收货,,,,合肥仓
Spyder,OPU2602060000033,OPU2602060000033,采购入库,6942133551728,20,0,0,262SOX23KMN98,短袖POLO衫,炭黑色,,2026-02-06 17:11:02,,待收货,待收货,,,,合肥仓
Spyder,OPU2602060000033,OPU2602060000033,采购入库,6942133551728,20,0,0,262SOX23KMN98,短袖POLO衫,炭黑色,,2026-02-06 17:11:02,,待收货,待收货,,,,合肥仓
Spyder,OPU2602060000033,OPU2602060000033,采购入库,6942133551728,20,0,0,262SOX23KMN98,短袖POLO衫,炭黑色,,2026-02-06 17:11:02,,待收货,待收货,,,,合肥仓
Spyder,OPU2602060000033,OPU2602060000033,采购入库,6942133551759,20,0,0,262SOX23KMN09,短袖POLO衫,科技灰,,2026-02-06 17:11:02,,待收货,待收货,,,,合肥仓
Spyder,OPU2602060000033,OPU2602060000033,采购入库,6942133551759,20,0,0,262SOX23KMN09,短袖POLO衫,科技灰,,2026-02-06 17:11:02,,待收货,待收货,,,,合肥仓
Spyder,OPU2602060000033,OPU2602060000033,采购入库,6942133551759,20,0,0,262SOX23KMN09,短袖POLO衫,科技灰,,2026-02-06 17:11:02,,待收货,待收货,,,,合肥仓
Spyder,OPU2602060000033,OPU2602060000033,采购入库,6942133551759,20,0,0,262SOX23KMN09,短袖POLO衫,科技灰,,2026-02-06 17:11:02,,待收货,待收货,,,,合肥仓
Spyder,OPU2602060000033,OPU2602060000033,采购入库,6942133551759,20,0,0,262SOX23KMN09,短袖POLO衫,科技灰,,2026-02-06 17:11:02,,待收货,待收货,,,,合肥仓
Spyder,OPU2602060000033,OPU2602060000033,采购入库,6942133551759,20,0,0,262SOX23KMN09,短袖POLO衫,科技灰,,2026-02-06 17:11:02,,待收货,待收货,,,,合肥仓
Spyder,OPU2602060000033,OPU2602060000033,采购入库,6942133551759,20,0,0,262SOX23KMN09,短袖POLO衫,科技灰,,2026-02-06 17:11:02,,待收货,待收货,,,,合肥仓
Spyder,OPU2602060000033,OPU2602060000033,采购入库,6942133551759,20,0,0,262SOX23KMN09,短袖POLO衫,科技灰,,2026-02-06 17:11:02,,待收货,待收货,,,,合肥仓
Spyder,OPU2602060000033,OPU2602060000033,采购入库,6942133551759,20,0,0,262SOX23KMN09,短袖POLO衫,科技灰,,2026-02-06 17:11:02,,待收货,待收货,,,,合肥仓
Spyder,OPU2602060000033,OPU2602060000033,采购入库,6942133551759,20,0,0,262SOX23KMN09,短袖POLO衫,科技灰,,2026-02-06 17:11:02,,待收货,待收货,,,,合肥仓
Spyder,OPU2602060000033,OPU2602060000033,采购入库,6942133551759,20,0,0,262SOX23KMN09,短袖POLO衫,科技灰,,2026-02-06 17:11:02,,待收货,待收货,,,,合肥仓
Spyder,OPU2602060000033,OPU2602060000033,采购入库,6942133551759,20,0,0,262SOX23KMN09,短袖POLO衫,科技灰,,2026-02-06 17:11:02,,待收货,待收货,,,,合肥仓
Spyder,OPU2602060000033,OPU2602060000033,采购入库,6942133551759,20,0,0,262SOX23KMN09,短袖POLO衫,科技灰,,2026-02-06 17:11:02,,待收货,待收货,,,,合肥仓
Spyder,OPU2602060000033,OPU2602060000033,采购入库,6942133551759,20,0,0,262SOX23KMN09,短袖POLO衫,科技灰,,2026-02-06 17:11:02,,待收货,待收货,,,,合肥仓
Spyder,OPU2602060000033,OPU2602060000033,采购入库,6942133551759,20,0,0,262SOX23KMN09,短袖POLO衫,科技灰,,2026-02-06 17:11:02,,待收货,待收货,,,,合肥仓
Spyder,OPU2602060000033,OPU2602060000033,采购入库,6942133551759,20,0,0,262SOX23KMN09,短袖POLO衫,科技灰,,2026-02-06 17:11:02,,待收货,待收货,,,,合肥仓
Spyder,OPU2602060000033,OPU2602060000033,采购入库,6942133551759,20,0,0,262SOX23KMN09,短袖POLO衫,科技灰,,2026-02-06 17:11:02,,待收货,待收货,,,,合肥仓
Spyder,OPU2602060000033,OPU2602060000033,采购入库,6942133551759,20,0,0,262SOX23KMN09,短袖POLO衫,科技灰,,2026-02-06 17:11:02,,待收货,待收货,,,,合肥仓
Spyder,OPU2602060000033,OPU2602060000033,采购入库,6942133551759,20,0,0,262SOX23KMN09,短袖POLO衫,科技灰,,2026-02-06 17:11:02,,待收货,待收货,,,,合肥仓
Spyder,OPU2602060000033,OPU2602060000033,采购入库,6942133551759,20,0,0,262SOX23KMN09,短袖POLO衫,科技灰,,2026-02-06 17:11:02,,待收货,待收货,,,,合肥仓
Spyder,OPU2602060000033,OPU2602060000033,采购入库,6942133551759,20,0,0,262SOX23KMN09,短袖POLO衫,科技灰,,2026-02-06 17:11:02,,待收货,待收货,,,,合肥仓
Spyder,OPU2602060000033,OPU2602060000033,采购入库,6942133551759,20,0,0,262SOX23KMN09,短袖POLO衫,科技灰,,2026-02-06 17:11:02,,待收货,待收货,,,,合肥仓
Spyder,OPU2602060000033,OPU2602060000033,采购入库,6942133551759,20,0,0,262SOX23KMN09,短袖POLO衫,科技灰,,2026-02-06 17:11:02,,待收货,待收货,,,,合肥仓
Spyder,OPU2602060000033,OPU2602060000033,采购入库,6942133551759,20,0,0,262SOX23KMN09,短袖POLO衫,科技灰,,2026-02-06 17:11:02,,待收货,待收货,,,,合肥仓
Spyder,OPU2602060000033,OPU2602060000033,采购入库,6942133551759,20,0,0,262SOX23KMN09,短袖POLO衫,科技灰,,2026-02-06 17:11:02,,待收货,待收货,,,,合肥仓
Spyder,OPU2602060000033,OPU2602060000033,采购入库,6942133551759,20,0,0,262SOX23KMN09,短袖POLO衫,科技灰,,2026-02-06 17:11:02,,待收货,待收货,,,,合肥仓
Spyder,OPU2602060000033,OPU2602060000033,采购入库,6942133551759,20,0,0,262SOX23KMN09,短袖POLO衫,科技灰,,2026-02-06 17:11:02,,待收货,待收货,,,,合肥仓
Spyder,OPU2602060000033,OPU2602060000033,采购入库,6942133551759,20,0,0,262SOX23KMN09,短袖POLO衫,科技灰,,2026-02-06 17:11:02,,待收货,待收货,,,,合肥仓
Spyder,OPU2602060000033,OPU2602060000033,采购入库,6942133551759,20,0,0,262SOX23KMN09,短袖POLO衫,科技灰,,2026-02-06 17:11:02,,待收货,待收货,,,,合肥仓
Spyder,OPU2602060000033,OPU2602060000033,采购入库,6942133551759,20,0,0,262SOX23KMN09,短袖POLO衫,科技灰,,2026-02-06 17:11:02,,待收货,待收货,,,,合肥仓
Spyder,OPU2602060000033,OPU2602060000033,采购入库,6942133551759,20,0,0,262SOX23KMN09,短袖POLO衫,科技灰,,2026-02-06 17:11:02,,待收货,待收货,,,,合肥仓
Spyder,OPU2602060000033,OPU2602060000033,采购入库,6942133551759,20,0,0,262SOX23KMN09,短袖POLO衫,科技灰,,2026-02-06 17:11:02,,待收货,待收货,,,,合肥仓
Spyder,OPU2602060000033,OPU2602060000033,采购入库,6942133551759,20,0,0,262SOX23KMN09,短袖POLO衫,科技灰,,2026-02-06 17:11:02,,待收货,待收货,,,,合肥仓
Spyder,OPU2602060000033,OPU2602060000033,采购入库,6942133551759,20,0,0,262SOX23KMN09,短袖POLO衫,科技灰,,2026-02-06 17:11:02,,待收货,待收货,,,,合肥仓
Spyder,OPU2602060000033,OPU2602060000033,采购入库,6942133551759,20,0,0,262SOX23KMN09,短袖POLO衫,科技灰,,2026-02-06 17:11:02,,待收货,待收货,,,,合肥仓
Spyder,OPU2602060000033,OPU2602060000033,采购入库,6942133551759,20,0,0,262SOX23KMN09,短袖POLO衫,科技灰,,2026-02-06 17:11:02,,待收货,待收货,,,,合肥仓
Spyder,OPU2602060000033,OPU2602060000033,采购入库,6942133551759,20,0,0,262SOX23KMN09,短袖POLO衫,科技灰,,2026-02-06 17:11:02,,待收货,待收货,,,,合肥仓
Spyder,OPU2602060000033,OPU2602060000033,采购入库,6942133551759,20,0,0,262SOX23KMN09,短袖POLO衫,科技灰,,2026-02-06 17:11:02,,待收货,待收货,,,,合肥仓
Spyder,OPU2602060000033,OPU2602060000033,采购入库,6942133551759,20,0,0,262SOX23KMN09,短袖POLO衫,科技灰,,2026-02-06 17:11:02,,待收货,待收货,,,,合肥仓
Spyder,OPU2602060000033,OPU2602060000033,采购入库,6942133551759,20,0,0,262SOX23KMN09,短袖POLO衫,科技灰,,2026-02-06 17:11:02,,待收货,待收货,,,,合肥仓
Spyder,OPU2602060000033,OPU2602060000033,采购入库,6942133551759,20,0,0,262SOX23KMN09,短袖POLO衫,科技灰,,2026-02-06 17:11:02,,待收货,待收货,,,,合肥仓
Spyder,OPU2602060000033,OPU2602060000033,采购入库,6942133551759,20,0,0,262SOX23KMN09,短袖POLO衫,科技灰,,2026-02-06 17:11:02,,待收货,待收货,,,,合肥仓
Spyder,OPU2602060000033,OPU2602060000033,采购入库,6942133551759,20,0,0,262SOX23KMN09,短袖POLO衫,科技灰,,2026-02-06 17:11:02,,待收货,待收货,,,,合肥仓
Spyder,OPU2602060000033,OPU2602060000033,采购入库,6942133551759,20,0,0,262SOX23KMN09,短袖POLO衫,科技灰,,2026-02-06 17:11:02,,待收货,待收货,,,,合肥仓
Spyder,OPU2602060000033,OPU2602060000033,采购入库,6942133551759,20,0,0,262SOX23KMN09,短袖POLO衫,科技灰,,2026-02-06 17:11:02,,待收货,待收货,,,,合肥仓
Spyder,OPU2602060000033,OPU2602060000033,采购入库,6942133551759,20,0,0,262SOX23KMN09,短袖POLO衫,科技灰,,2026-02-06 17:11:02,,待收货,待收货,,,,合肥仓
Spyder,OPU2602060000033,OPU2602060000033,采购入库,6942133551759,20,0,0,262SOX23KMN09,短袖POLO衫,科技灰,,2026-02-06 17:11:02,,待收货,待收货,,,,合肥仓
Spyder,OPU2602060000033,OPU2602060000033,采购入库,6942133551759,20,0,0,262SOX23KMN09,短袖POLO衫,科技灰,,2026-02-06 17:11:02,,待收货,待收货,,,,合肥仓
Spyder,OPU2602060000033,OPU2602060000033,采购入库,6942133551759,20,0,0,262SOX23KMN09,短袖POLO衫,科技灰,,2026-02-06 17:11:02,,待收货,待收货,,,,合肥仓
Spyder,OPU2602060000033,OPU2602060000033,采购入库,6942133551759,20,0,0,262SOX23KMN09,短袖POLO衫,科技灰,,2026-02-06 17:11:02,,待收货,待收货,,,,合肥仓
Spyder,OPU2602060000033,OPU2602060000033,采购入库,6942133551759,20,0,0,262SOX23KMN09,短袖POLO衫,科技灰,,2026-02-06 17:11:02,,待收货,待收货,,,,合肥仓
Spyder,OPU2602060000033,OPU2602060000033,采购入库,6942133551759,20,0,0,262SOX23KMN09,短袖POLO衫,科技灰,,2026-02-06 17:11:02,,待收货,待收货,,,,合肥仓
Spyder,OPU2602060000033,OPU2602060000033,采购入库,6942133551759,20,0,0,262SOX23KMN09,短袖POLO衫,科技灰,,2026-02-06 17:11:02,,待收货,待收货,,,,合肥仓
Spyder,OPU2602060000033,OPU2602060000033,采购入库,6942133551759,20,0,0,262SOX23KMN09,短袖POLO衫,科技灰,,2026-02-06 17:11:02,,待收货,待收货,,,,合肥仓
Spyder,OPU2602060000033,OPU2602060000033,采购入库,6942133551728,20,0,0,262SOX23KMN98,短袖POLO衫,炭黑色,,2026-02-06 17:11:02,,待收货,待收货,,,,合肥仓
Spyder,OPU2602060000033,OPU2602060000033,采购入库,6942133551728,20,0,0,262SOX23KMN98,短袖POLO衫,炭黑色,,2026-02-06 17:11:02,,待收货,待收货,,,,合肥仓
Spyder,OPU2602060000033,OPU2602060000033,采购入库,6942133551728,20,0,0,262SOX23KMN98,短袖POLO衫,炭黑色,,2026-02-06 17:11:02,,待收货,待收货,,,,合肥仓
Spyder,OPU2602060000033,OPU2602060000033,采购入库,6942133551728,20,0,0,262SOX23KMN98,短袖POLO衫,炭黑色,,2026-02-06 17:11:02,,待收货,待收货,,,,合肥仓
Spyder,OPU2602060000033,OPU2602060000033,采购入库,6942133551728,20,0,0,262SOX23KMN98,短袖POLO衫,炭黑色,,2026-02-06 17:11:02,,待收货,待收货,,,,合肥仓
Spyder,OPU2602060000033,OPU2602060000033,采购入库,6942133551728,20,0,0,262SOX23KMN98,短袖POLO衫,炭黑色,,2026-02-06 17:11:02,,待收货,待收货,,,,合肥仓
Spyder,OPU2602060000033,OPU2602060000033,采购入库,6942133551728,20,0,0,262SOX23KMN98,短袖POLO衫,炭黑色,,2026-02-06 17:11:02,,待收货,待收货,,,,合肥仓
Spyder,OPU2602060000033,OPU2602060000033,采购入库,6942133551728,20,0,0,262SOX23KMN98,短袖POLO衫,炭黑色,,2026-02-06 17:11:02,,待收货,待收货,,,,合肥仓
Spyder,OPU2602060000033,OPU2602060000033,采购入库,6942133551728,20,0,0,262SOX23KMN98,短袖POLO衫,炭黑色,,2026-02-06 17:11:02,,待收货,待收货,,,,合肥仓
Spyder,OPU2602060000033,OPU2602060000033,采购入库,6942133551728,20,0,0,262SOX23KMN98,短袖POLO衫,炭黑色,,2026-02-06 17:11:02,,待收货,待收货,,,,合肥仓
Spyder,OPU2602060000033,OPU2602060000033,采购入库,6942133551728,20,0,0,262SOX23KMN98,短袖POLO衫,炭黑色,,2026-02-06 17:11:02,,待收货,待收货,,,,合肥仓
Spyder,OPU2602060000033,OPU2602060000033,采购入库,6942133551728,20,0,0,262SOX23KMN98,短袖POLO衫,炭黑色,,2026-02-06 17:11:02,,待收货,待收货,,,,合肥仓
Spyder,OPU2602060000033,OPU2602060000033,采购入库,6942133551728,20,0,0,262SOX23KMN98,短袖POLO衫,炭黑色,,2026-02-06 17:11:02,,待收货,待收货,,,,合肥仓
Spyder,OPU2602060000033,OPU2602060000033,采购入库,6942133551728,20,0,0,262SOX23KMN98,短袖POLO衫,炭黑色,,2026-02-06 17:11:02,,待收货,待收货,,,,合肥仓
Spyder,OPU2602060000033,OPU2602060000033,采购入库,6942133551728,20,0,0,262SOX23KMN98,短袖POLO衫,炭黑色,,2026-02-06 17:11:02,,待收货,待收货,,,,合肥仓
Spyder,OPU2602060000033,OPU2602060000033,采购入库,6942133551728,20,0,0,262SOX23KMN98,短袖POLO衫,炭黑色,,2026-02-06 17:11:02,,待收货,待收货,,,,合肥仓
Spyder,OPU2602060000033,OPU2602060000033,采购入库,6942133551728,20,0,0,262SOX23KMN98,短袖POLO衫,炭黑色,,2026-02-06 17:11:02,,待收货,待收货,,,,合肥仓
Spyder,OPU2602060000033,OPU2602060000033,采购入库,6942133551728,20,0,0,262SOX23KMN98,短袖POLO衫,炭黑色,,2026-02-06 17:11:02,,待收货,待收货,,,,合肥仓
Spyder,OPU2602060000033,OPU2602060000033,采购入库,6942133551728,20,0,0,262SOX23KMN98,短袖POLO衫,炭黑色,,2026-02-06 17:11:02,,待收货,待收货,,,,合肥仓
Spyder,OPU2602060000033,OPU2602060000033,采购入库,6942133551728,20,0,0,262SOX23KMN98,短袖POLO衫,炭黑色,,2026-02-06 17:11:02,,待收货,待收货,,,,合肥仓
Spyder,OPU2602060000033,OPU2602060000033,采购入库,6942133551735,20,0,0,262SOX23KMN98,短袖POLO衫,炭黑色,,2026-02-06 17:11:02,,待收货,待收货,,,,合肥仓
Spyder,OPU2602060000033,OPU2602060000033,采购入库,6942133551735,20,0,0,262SOX23KMN98,短袖POLO衫,炭黑色,,2026-02-06 17:11:02,,待收货,待收货,,,,合肥仓
Spyder,OPU2602060000033,OPU2602060000033,采购入库,6942133551735,20,0,0,262SOX23KMN98,短袖POLO衫,炭黑色,,2026-02-06 17:11:02,,待收货,待收货,,,,合肥仓
Spyder,OPU2602060000033,OPU2602060000033,采购入库,6942133551735,20,0,0,262SOX23KMN98,短袖POLO衫,炭黑色,,2026-02-06 17:11:02,,待收货,待收货,,,,合肥仓
Spyder,OPU2602060000033,OPU2602060000033,采购入库,6942133551735,20,0,0,262SOX23KMN98,短袖POLO衫,炭黑色,,2026-02-06 17:11:02,,待收货,待收货,,,,合肥仓
Spyder,OPU2602060000033,OPU2602060000033,采购入库,6942133551735,20,0,0,262SOX23KMN98,短袖POLO衫,炭黑色,,2026-02-06 17:11:02,,待收货,待收货,,,,合肥仓
Spyder,OPU2602060000033,OPU2602060000033,采购入库,6942133551735,20,0,0,262SOX23KMN98,短袖POLO衫,炭黑色,,2026-02-06 17:11:02,,待收货,待收货,,,,合肥仓
Spyder,OPU2602060000033,OPU2602060000033,采购入库,6942133551735,20,0,0,262SOX23KMN98,短袖POLO衫,炭黑色,,2026-02-06 17:11:02,,待收货,待收货,,,,合肥仓
Spyder,OPU2602060000033,OPU2602060000033,采购入库,6942133551735,20,0,0,262SOX23KMN98,短袖POLO衫,炭黑色,,2026-02-06 17:11:02,,待收货,待收货,,,,合肥仓
Spyder,OPU2602060000033,OPU2602060000033,采购入库,6942133551735,20,0,0,262SOX23KMN98,短袖POLO衫,炭黑色,,2026-02-06 17:11:02,,待收货,待收货,,,,合肥仓
Spyder,OPU2602060000033,OPU2602060000033,采购入库,6942133551735,20,0,0,262SOX23KMN98,短袖POLO衫,炭黑色,,2026-02-06 17:11:02,,待收货,待收货,,,,合肥仓
Spyder,OPU2602060000033,OPU2602060000033,采购入库,6942133551735,20,0,0,262SOX23KMN98,短袖POLO衫,炭黑色,,2026-02-06 17:11:02,,待收货,待收货,,,,合肥仓
Spyder,OPU2602060000033,OPU2602060000033,采购入库,6942133551735,20,0,0,262SOX23KMN98,短袖POLO衫,炭黑色,,2026-02-06 17:11:02,,待收货,待收货,,,,合肥仓
Spyder,OPU2602060000033,OPU2602060000033,采购入库,6942133551735,20,0,0,262SOX23KMN98,短袖POLO衫,炭黑色,,2026-02-06 17:11:02,,待收货,待收货,,,,合肥仓
Spyder,OPU2602060000033,OPU2602060000033,采购入库,6942133551735,20,0,0,262SOX23KMN98,短袖POLO衫,炭黑色,,2026-02-06 17:11:02,,待收货,待收货,,,,合肥仓
Spyder,OPU2602060000033,OPU2602060000033,采购入库,6942133551735,20,0,0,262SOX23KMN98,短袖POLO衫,炭黑色,,2026-02-06 17:11:02,,待收货,待收货,,,,合肥仓
Spyder,OPU2602060000033,OPU2602060000033,采购入库,6942133551735,20,0,0,262SOX23KMN98,短袖POLO衫,炭黑色,,2026-02-06 17:11:02,,待收货,待收货,,,,合肥仓
Spyder,OPU2602060000033,OPU2602060000033,采购入库,6942133551735,20,0,0,262SOX23KMN98,短袖POLO衫,炭黑色,,2026-02-06 17:11:02,,待收货,待收货,,,,合肥仓
Spyder,OPU2602060000033,OPU2602060000033,采购入库,6942133551735,20,0,0,262SOX23KMN98,短袖POLO衫,炭黑色,,2026-02-06 17:11:02,,待收货,待收货,,,,合肥仓
Spyder,OPU2602060000033,OPU2602060000033,采购入库,6942133551735,20,0,0,262SOX23KMN98,短袖POLO衫,炭黑色,,2026-02-06 17:11:02,,待收货,待收货,,,,合肥仓
Spyder,OPU2602060000033,OPU2602060000033,采购入库,6942133551735,20,0,0,262SOX23KMN98,短袖POLO衫,炭黑色,,2026-02-06 17:11:02,,待收货,待收货,,,,合肥仓
Spyder,OPU2602060000033,OPU2602060000033,采购入库,6942133551735,20,0,0,262SOX23KMN98,短袖POLO衫,炭黑色,,2026-02-06 17:11:02,,待收货,待收货,,,,合肥仓
Spyder,OPU2602060000033,OPU2602060000033,采购入库,6942133551735,20,0,0,262SOX23KMN98,短袖POLO衫,炭黑色,,2026-02-06 17:11:02,,待收货,待收货,,,,合肥仓
Spyder,OPU2602060000033,OPU2602060000033,采购入库,6942133551735,20,0,0,262SOX23KMN98,短袖POLO衫,炭黑色,,2026-02-06 17:11:02,,待收货,待收货,,,,合肥仓
Spyder,OPU2602060000033,OPU2602060000033,采购入库,6942133551735,20,0,0,262SOX23KMN98,短袖POLO衫,炭黑色,,2026-02-06 17:11:02,,待收货,待收货,,,,合肥仓
Spyder,OPU2602060000033,OPU2602060000033,采购入库,6942133551735,20,0,0,262SOX23KMN98,短袖POLO衫,炭黑色,,2026-02-06 17:11:02,,待收货,待收货,,,,合肥仓
Spyder,OPU2602060000033,OPU2602060000033,采购入库,6942133551735,20,0,0,262SOX23KMN98,短袖POLO衫,炭黑色,,2026-02-06 17:11:02,,待收货,待收货,,,,合肥仓
Spyder,OPU2602060000033,OPU2602060000033,采购入库,6942133551735,20,0,0,262SOX23KMN98,短袖POLO衫,炭黑色,,2026-02-06 17:11:02,,待收货,待收货,,,,合肥仓
Spyder,OPU2602060000033,OPU2602060000033,采购入库,6942133551735,20,0,0,262SOX23KMN98,短袖POLO衫,炭黑色,,2026-02-06 17:11:02,,待收货,待收货,,,,合肥仓
Spyder,OPU2602060000033,OPU2602060000033,采购入库,6942133551735,20,0,0,262SOX23KMN98,短袖POLO衫,炭黑色,,2026-02-06 17:11:02,,待收货,待收货,,,,合肥仓
Spyder,OPU2602060000033,OPU2602060000033,采购入库,6942133551735,20,0,0,262SOX23KMN98,短袖POLO衫,炭黑色,,2026-02-06 17:11:02,,待收货,待收货,,,,合肥仓
Spyder,OPU2602060000033,OPU2602060000033,采购入库,6942133551735,20,0,0,262SOX23KMN98,短袖POLO衫,炭黑色,,2026-02-06 17:11:02,,待收货,待收货,,,,合肥仓
Spyder,OPU2602060000033,OPU2602060000033,采购入库,6942133551735,20,0,0,262SOX23KMN98,短袖POLO衫,炭黑色,,2026-02-06 17:11:02,,待收货,待收货,,,,合肥仓
Spyder,OPU2602060000033,OPU2602060000033,采购入库,6942133551735,20,0,0,262SOX23KMN98,短袖POLO衫,炭黑色,,2026-02-06 17:11:02,,待收货,待收货,,,,合肥仓
Spyder,OPU2602060000033,OPU2602060000033,采购入库,6942133551735,20,0,0,262SOX23KMN98,短袖POLO衫,炭黑色,,2026-02-06 17:11:02,,待收货,待收货,,,,合肥仓
Spyder,OPU2602060000033,OPU2602060000033,采购入库,6942133551735,20,0,0,262SOX23KMN98,短袖POLO衫,炭黑色,,2026-02-06 17:11:02,,待收货,待收货,,,,合肥仓
Spyder,OPU2602060000033,OPU2602060000033,采购入库,6942133551735,20,0,0,262SOX23KMN98,短袖POLO衫,炭黑色,,2026-02-06 17:11:02,,待收货,待收货,,,,合肥仓
Spyder,OPU2602060000033,OPU2602060000033,采购入库,6942133551735,20,0,0,262SOX23KMN98,短袖POLO衫,炭黑色,,2026-02-06 17:11:02,,待收货,待收货,,,,合肥仓
Spyder,OPU2602060000033,OPU2602060000033,采购入库,6942133551735,20,0,0,262SOX23KMN98,短袖POLO衫,炭黑色,,2026-02-06 17:11:02,,待收货,待收货,,,,合肥仓
Spyder,OPU2602060000033,OPU2602060000033,采购入库,6942133551735,20,0,0,262SOX23KMN98,短袖POLO衫,炭黑色,,2026-02-06 17:11:02,,待收货,待收货,,,,合肥仓
Spyder,OPU2602060000033,OPU2602060000033,采购入库,6942133551735,20,0,0,262SOX23KMN98,短袖POLO衫,炭黑色,,2026-02-06 17:11:02,,待收货,待收货,,,,合肥仓
Spyder,OPU2602060000033,OPU2602060000033,采购入库,6942133551735,20,0,0,262SOX23KMN98,短袖POLO衫,炭黑色,,2026-02-06 17:11:02,,待收货,待收货,,,,合肥仓
Spyder,OPU2602060000033,OPU2602060000033,采购入库,6942133551735,20,0,0,262SOX23KMN98,短袖POLO衫,炭黑色,,2026-02-06 17:11:02,,待收货,待收货,,,,合肥仓
Spyder,OPU2602060000033,OPU2602060000033,采购入库,6942133551735,20,0,0,262SOX23KMN98,短袖POLO衫,炭黑色,,2026-02-06 17:11:02,,待收货,待收货,,,,合肥仓
Spyder,OPU2602060000033,OPU2602060000033,采购入库,6942133551735,20,0,0,262SOX23KMN98,短袖POLO衫,炭黑色,,2026-02-06 17:11:02,,待收货,待收货,,,,合肥仓
Spyder,OPU2602060000033,OPU2602060000033,采购入库,6942133551735,20,0,0,262SOX23KMN98,短袖POLO衫,炭黑色,,2026-02-06 17:11:02,,待收货,待收货,,,,合肥仓
Spyder,OPU2602060000033,OPU2602060000033,采购入库,6942133551735,20,0,0,262SOX23KMN98,短袖POLO衫,炭黑色,,2026-02-06 17:11:02,,待收货,待收货,,,,合肥仓
Spyder,OPU2602060000033,OPU2602060000033,采购入库,6942133551735,20,0,0,262SOX23KMN98,短袖POLO衫,炭黑色,,2026-02-06 17:11:02,,待收货,待收货,,,,合肥仓
Spyder,OPU2602060000033,OPU2602060000033,采购入库,6942133551735,20,0,0,262SOX23KMN98,短袖POLO衫,炭黑色,,2026-02-06 17:11:02,,待收货,待收货,,,,合肥仓
Spyder,OPU2602060000033,OPU2602060000033,采购入库,6942133551735,20,0,0,262SOX23KMN98,短袖POLO衫,炭黑色,,2026-02-06 17:11:02,,待收货,待收货,,,,合肥仓
Spyder,OPU2602060000033,OPU2602060000033,采购入库,6942133551735,20,0,0,262SOX23KMN98,短袖POLO衫,炭黑色,,2026-02-06 17:11:02,,待收货,待收货,,,,合肥仓
Spyder,OPU2602060000033,OPU2602060000033,采购入库,6942133551735,20,0,0,262SOX23KMN98,短袖POLO衫,炭黑色,,2026-02-06 17:11:02,,待收货,待收货,,,,合肥仓
Spyder,OPU2602060000033,OPU2602060000033,采购入库,6942133551735,20,0,0,262SOX23KMN98,短袖POLO衫,炭黑色,,2026-02-06 17:11:02,,待收货,待收货,,,,合肥仓
Spyder,OPU2602060000033,OPU2602060000033,采购入库,6942133551735,20,0,0,262SOX23KMN98,短袖POLO衫,炭黑色,,2026-02-06 17:11:02,,待收货,待收货,,,,合肥仓
Spyder,OPU2602060000033,OPU2602060000033,采购入库,6942133551759,20,0,0,262SOX23KMN09,短袖POLO衫,科技灰,,2026-02-06 17:11:02,,待收货,待收货,,,,合肥仓
Spyder,OPU2602060000033,OPU2602060000033,采购入库,6942133551759,20,0,0,262SOX23KMN09,短袖POLO衫,科技灰,,2026-02-06 17:11:02,,待收货,待收货,,,,合肥仓
Spyder,OPU2602060000033,OPU2602060000033,采购入库,6942133551759,20,0,0,262SOX23KMN09,短袖POLO衫,科技灰,,2026-02-06 17:11:02,,待收货,待收货,,,,合肥仓
Spyder,OPU2602060000033,OPU2602060000033,采购入库,6942133551759,20,0,0,262SOX23KMN09,短袖POLO衫,科技灰,,2026-02-06 17:11:02,,待收货,待收货,,,,合肥仓
Spyder,OPU2602060000033,OPU2602060000033,采购入库,6942133551759,20,0,0,262SOX23KMN09,短袖POLO衫,科技灰,,2026-02-06 17:11:02,,待收货,待收货,,,,合肥仓
Spyder,OPU2602060000033,OPU2602060000033,采购入库,6942133551759,20,0,0,262SOX23KMN09,短袖POLO衫,科技灰,,2026-02-06 17:11:02,,待收货,待收货,,,,合肥仓
Spyder,OPU2602060000033,OPU2602060000033,采购入库,6942133551759,20,0,0,262SOX23KMN09,短袖POLO衫,科技灰,,2026-02-06 17:11:02,,待收货,待收货,,,,合肥仓
Spyder,OPU2602060000033,OPU2602060000033,采购入库,6942133551759,20,0,0,262SOX23KMN09,短袖POLO衫,科技灰,,2026-02-06 17:11:02,,待收货,待收货,,,,合肥仓
Spyder,OPU2602060000033,OPU2602060000033,采购入库,6942133551759,20,0,0,262SOX23KMN09,短袖POLO衫,科技灰,,2026-02-06 17:11:02,,待收货,待收货,,,,合肥仓
Spyder,OPU2602060000033,OPU2602060000033,采购入库,6942133551759,20,0,0,262SOX23KMN09,短袖POLO衫,科技灰,,2026-02-06 17:11:02,,待收货,待收货,,,,合肥仓
Spyder,OPU2602060000033,OPU2602060000033,采购入库,6942133551759,20,0,0,262SOX23KMN09,短袖POLO衫,科技灰,,2026-02-06 17:11:02,,待收货,待收货,,,,合肥仓
Spyder,OPU2602060000033,OPU2602060000033,采购入库,6942133551759,20,0,0,262SOX23KMN09,短袖POLO衫,科技灰,,2026-02-06 17:11:02,,待收货,待收货,,,,合肥仓
Spyder,OPU2602060000033,OPU2602060000033,采购入库,6942133551759,20,0,0,262SOX23KMN09,短袖POLO衫,科技灰,,2026-02-06 17:11:02,,待收货,待收货,,,,合肥仓
Spyder,OPU2602060000033,OPU2602060000033,采购入库,6942133551759,20,0,0,262SOX23KMN09,短袖POLO衫,科技灰,,2026-02-06 17:11:02,,待收货,待收货,,,,合肥仓
Spyder,OPU2602060000033,OPU2602060000033,采购入库,6942133551759,20,0,0,262SOX23KMN09,短袖POLO衫,科技灰,,2026-02-06 17:11:02,,待收货,待收货,,,,合肥仓
Spyder,OPU2602060000033,OPU2602060000033,采购入库,6942133551759,20,0,0,262SOX23KMN09,短袖POLO衫,科技灰,,2026-02-06 17:11:02,,待收货,待收货,,,,合肥仓
Spyder,OPU2602060000033,OPU2602060000033,采购入库,6942133551759,20,0,0,262SOX23KMN09,短袖POLO衫,科技灰,,2026-02-06 17:11:02,,待收货,待收货,,,,合肥仓
Spyder,OPU2602060000033,OPU2602060000033,采购入库,6942133551759,20,0,0,262SOX23KMN09,短袖POLO衫,科技灰,,2026-02-06 17:11:02,,待收货,待收货,,,,合肥仓
Spyder,OPU2602060000033,OPU2602060000033,采购入库,6942133551759,20,0,0,262SOX23KMN09,短袖POLO衫,科技灰,,2026-02-06 17:11:02,,待收货,待收货,,,,合肥仓
Spyder,OPU2602060000033,OPU2602060000033,采购入库,6942133551759,20,0,0,262SOX23KMN09,短袖POLO衫,科技灰,,2026-02-06 17:11:02,,待收货,待收货,,,,合肥仓
Spyder,OPU2602060000033,OPU2602060000033,采购入库,6942133551759,20,0,0,262SOX23KMN09,短袖POLO衫,科技灰,,2026-02-06 17:11:02,,待收货,待收货,,,,合肥仓
Spyder,OPU2602060000033,OPU2602060000033,采购入库,6942133551759,20,0,0,262SOX23KMN09,短袖POLO衫,科技灰,,2026-02-06 17:11:02,,待收货,待收货,,,,合肥仓
Spyder,OPU2602060000033,OPU2602060000033,采购入库,6942133551759,20,0,0,262SOX23KMN09,短袖POLO衫,科技灰,,2026-02-06 17:11:02,,待收货,待收货,,,,合肥仓
Spyder,OPU2602060000033,OPU2602060000033,采购入库,6942133551759,20,0,0,262SOX23KMN09,短袖POLO衫,科技灰,,2026-02-06 17:11:02,,待收货,待收货,,,,合肥仓
Spyder,OPU2602060000033,OPU2602060000033,采购入库,6942133551759,20,0,0,262SOX23KMN09,短袖POLO衫,科技灰,,2026-02-06 17:11:02,,待收货,待收货,,,,合肥仓
Spyder,OPU2602060000033,OPU2602060000033,采购入库,6942133551759,20,0,0,262SOX23KMN09,短袖POLO衫,科技灰,,2026-02-06 17:11:02,,待收货,待收货,,,,合肥仓
Spyder,OPU2602060000033,OPU2602060000033,采购入库,6942133551759,20,0,0,262SOX23KMN09,短袖POLO衫,科技灰,,2026-02-06 17:11:02,,待收货,待收货,,,,合肥仓
Spyder,OPU2602060000033,OPU2602060000033,采购入库,6942133551759,20,0,0,262SOX23KMN09,短袖POLO衫,科技灰,,2026-02-06 17:11:02,,待收货,待收货,,,,合肥仓
Spyder,OPU2602060000033,OPU2602060000033,采购入库,6942133551759,20,0,0,262SOX23KMN09,短袖POLO衫,科技灰,,2026-02-06 17:11:02,,待收货,待收货,,,,合肥仓
Spyder,OPU2602060000033,OPU2602060000033,采购入库,6942133551759,20,0,0,262SOX23KMN09,短袖POLO衫,科技灰,,2026-02-06 17:11:02,,待收货,待收货,,,,合肥仓
Spyder,OPU2602060000033,OPU2602060000033,采购入库,6942133551759,20,0,0,262SOX23KMN09,短袖POLO衫,科技灰,,2026-02-06 17:11:02,,待收货,待收货,,,,合肥仓
Spyder,OPU2602060000033,OPU2602060000033,采购入库,6942133551759,20,0,0,262SOX23KMN09,短袖POLO衫,科技灰,,2026-02-06 17:11:02,,待收货,待收货,,,,合肥仓
Spyder,OPU2602060000033,OPU2602060000033,采购入库,6942133551759,20,0,0,262SOX23KMN09,短袖POLO衫,科技灰,,2026-02-06 17:11:02,,待收货,待收货,,,,合肥仓
Spyder,OPU2602060000033,OPU2602060000033,采购入库,6942133551759,20,0,0,262SOX23KMN09,短袖POLO衫,科技灰,,2026-02-06 17:11:02,,待收货,待收货,,,,合肥仓
Spyder,OPU2602060000033,OPU2602060000033,采购入库,6942133551759,20,0,0,262SOX23KMN09,短袖POLO衫,科技灰,,2026-02-06 17:11:02,,待收货,待收货,,,,合肥仓
Spyder,OPU2602060000033,OPU2602060000033,采购入库,6942133551759,20,0,0,262SOX23KMN09,短袖POLO衫,科技灰,,2026-02-06 17:11:02,,待收货,待收货,,,,合肥仓
Spyder,OPU2602060000033,OPU2602060000033,采购入库,6942133551759,20,0,0,262SOX23KMN09,短袖POLO衫,科技灰,,2026-02-06 17:11:02,,待收货,待收货,,,,合肥仓
Spyder,OPU2602060000033,OPU2602060000033,采购入库,6942133551759,20,0,0,262SOX23KMN09,短袖POLO衫,科技灰,,2026-02-06 17:11:02,,待收货,待收货,,,,合肥仓
Spyder,OPU2602060000033,OPU2602060000033,采购入库,6942133551759,20,0,0,262SOX23KMN09,短袖POLO衫,科技灰,,2026-02-06 17:11:02,,待收货,待收货,,,,合肥仓
Spyder,OPU2602060000033,OPU2602060000033,采购入库,6942133551759,20,0,0,262SOX23KMN09,短袖POLO衫,科技灰,,2026-02-06 17:11:02,,待收货,待收货,,,,合肥仓
Spyder,OPU2602060000033,OPU2602060000033,采购入库,6942133551759,20,0,0,262SOX23KMN09,短袖POLO衫,科技灰,,2026-02-06 17:11:02,,待收货,待收货,,,,合肥仓
Spyder,OPU2602060000033,OPU2602060000033,采购入库,6942133551759,20,0,0,262SOX23KMN09,短袖POLO衫,科技灰,,2026-02-06 17:11:02,,待收货,待收货,,,,合肥仓
Spyder,OPU2602060000033,OPU2602060000033,采购入库,6942133551759,20,0,0,262SOX23KMN09,短袖POLO衫,科技灰,,2026-02-06 17:11:02,,待收货,待收货,,,,合肥仓
Spyder,OPU2602060000033,OPU2602060000033,采购入库,6942133551759,20,0,0,262SOX23KMN09,短袖POLO衫,科技灰,,2026-02-06 17:11:02,,待收货,待收货,,,,合肥仓
Spyder,OPU2602060000033,OPU2602060000033,采购入库,6942133551759,20,0,0,262SOX23KMN09,短袖POLO衫,科技灰,,2026-02-06 17:11:02,,待收货,待收货,,,,合肥仓
Spyder,OPU2602060000033,OPU2602060000033,采购入库,6942133551759,20,0,0,262SOX23KMN09,短袖POLO衫,科技灰,,2026-02-06 17:11:02,,待收货,待收货,,,,合肥仓
Spyder,OPU2602060000033,OPU2602060000033,采购入库,6942133551759,20,0,0,262SOX23KMN09,短袖POLO衫,科技灰,,2026-02-06 17:11:02,,待收货,待收货,,,,合肥仓
Spyder,OPU2602060000033,OPU2602060000033,采购入库,6942133551759,20,0,0,262SOX23KMN09,短袖POLO衫,科技灰,,2026-02-06 17:11:02,,待收货,待收货,,,,合肥仓
Spyder,OPU2602060000033,OPU2602060000033,采购入库,6942133551759,20,0,0,262SOX23KMN09,短袖POLO衫,科技灰,,2026-02-06 17:11:02,,待收货,待收货,,,,合肥仓
Spyder,OPU2602060000033,OPU2602060000033,采购入库,6942133551742,20,0,0,262SOX23KMN98,短袖POLO衫,炭黑色,,2026-02-06 17:11:02,,待收货,待收货,,,,合肥仓
Spyder,OPU2602060000033,OPU2602060000033,采购入库,6942133551742,20,0,0,262SOX23KMN98,短袖POLO衫,炭黑色,,2026-02-06 17:11:02,,待收货,待收货,,,,合肥仓
Spyder,OPU2602060000033,OPU2602060000033,采购入库,6942133551742,20,0,0,262SOX23KMN98,短袖POLO衫,炭黑色,,2026-02-06 17:11:02,,待收货,待收货,,,,合肥仓
Spyder,OPU2602060000033,OPU2602060000033,采购入库,6942133551742,20,0,0,262SOX23KMN98,短袖POLO衫,炭黑色,,2026-02-06 17:11:02,,待收货,待收货,,,,合肥仓
Spyder,OPU2602060000033,OPU2602060000033,采购入库,6942133551742,20,0,0,262SOX23KMN98,短袖POLO衫,炭黑色,,2026-02-06 17:11:02,,待收货,待收货,,,,合肥仓
Spyder,OPU2602060000033,OPU2602060000033,采购入库,6942133551742,20,0,0,262SOX23KMN98,短袖POLO衫,炭黑色,,2026-02-06 17:11:02,,待收货,待收货,,,,合肥仓
Spyder,OPU2602060000033,OPU2602060000033,采购入库,6942133551742,20,0,0,262SOX23KMN98,短袖POLO衫,炭黑色,,2026-02-06 17:11:02,,待收货,待收货,,,,合肥仓
Spyder,OPU2602060000033,OPU2602060000033,采购入库,6942133551742,20,0,0,262SOX23KMN98,短袖POLO衫,炭黑色,,2026-02-06 17:11:02,,待收货,待收货,,,,合肥仓
Spyder,OPU2602060000033,OPU2602060000033,采购入库,6942133551742,20,0,0,262SOX23KMN98,短袖POLO衫,炭黑色,,2026-02-06 17:11:02,,待收货,待收货,,,,合肥仓
Spyder,OPU2602060000033,OPU2602060000033,采购入库,6942133551742,20,0,0,262SOX23KMN98,短袖POLO衫,炭黑色,,2026-02-06 17:11:02,,待收货,待收货,,,,合肥仓
Spyder,OPU2602060000033,OPU2602060000033,采购入库,6942133551742,20,0,0,262SOX23KMN98,短袖POLO衫,炭黑色,,2026-02-06 17:11:02,,待收货,待收货,,,,合肥仓
Spyder,OPU2602060000033,OPU2602060000033,采购入库,6942133551742,20,0,0,262SOX23KMN98,短袖POLO衫,炭黑色,,2026-02-06 17:11:02,,待收货,待收货,,,,合肥仓
Spyder,OPU2602060000033,OPU2602060000033,采购入库,6942133551742,20,0,0,262SOX23KMN98,短袖POLO衫,炭黑色,,2026-02-06 17:11:02,,待收货,待收货,,,,合肥仓
Spyder,OPU2602060000033,OPU2602060000033,采购入库,6942133551742,20,0,0,262SOX23KMN98,短袖POLO衫,炭黑色,,2026-02-06 17:11:02,,待收货,待收货,,,,合肥仓
Spyder,OPU2602060000033,OPU2602060000033,采购入库,6942133551742,20,0,0,262SOX23KMN98,短袖POLO衫,炭黑色,,2026-02-06 17:11:02,,待收货,待收货,,,,合肥仓
Spyder,OPU2602060000033,OPU2602060000033,采购入库,6942133551742,20,0,0,262SOX23KMN98,短袖POLO衫,炭黑色,,2026-02-06 17:11:02,,待收货,待收货,,,,合肥仓
Spyder,OPU2602060000033,OPU2602060000033,采购入库,6942133551742,20,0,0,262SOX23KMN98,短袖POLO衫,炭黑色,,2026-02-06 17:11:02,,待收货,待收货,,,,合肥仓
Spyder,OPU2602060000033,OPU2602060000033,采购入库,6942133551742,20,0,0,262SOX23KMN98,短袖POLO衫,炭黑色,,2026-02-06 17:11:02,,待收货,待收货,,,,合肥仓
Spyder,OPU2602060000033,OPU2602060000033,采购入库,6942133551735,20,0,0,262SOX23KMN98,短袖POLO衫,炭黑色,,2026-02-06 17:11:02,,待收货,待收货,,,,合肥仓
Spyder,OPU2602060000033,OPU2602060000033,采购入库,6942133551735,20,0,0,262SOX23KMN98,短袖POLO衫,炭黑色,,2026-02-06 17:11:02,,待收货,待收货,,,,合肥仓
Spyder,OPU2602060000033,OPU2602060000033,采购入库,6942133551735,20,0,0,262SOX23KMN98,短袖POLO衫,炭黑色,,2026-02-06 17:11:02,,待收货,待收货,,,,合肥仓
Spyder,OPU2602060000033,OPU2602060000033,采购入库,6942133551735,20,0,0,262SOX23KMN98,短袖POLO衫,炭黑色,,2026-02-06 17:11:02,,待收货,待收货,,,,合肥仓
Spyder,OPU2602060000033,OPU2602060000033,采购入库,6942133551735,20,0,0,262SOX23KMN98,短袖POLO衫,炭黑色,,2026-02-06 17:11:02,,待收货,待收货,,,,合肥仓
Spyder,OPU2602060000033,OPU2602060000033,采购入库,6942133551735,20,0,0,262SOX23KMN98,短袖POLO衫,炭黑色,,2026-02-06 17:11:02,,待收货,待收货,,,,合肥仓
Spyder,OPU2602060000033,OPU2602060000033,采购入库,6942133551735,20,0,0,262SOX23KMN98,短袖POLO衫,炭黑色,,2026-02-06 17:11:02,,待收货,待收货,,,,合肥仓
Spyder,OPU2602060000033,OPU2602060000033,采购入库,6942133551735,20,0,0,262SOX23KMN98,短袖POLO衫,炭黑色,,2026-02-06 17:11:02,,待收货,待收货,,,,合肥仓
Spyder,OPU2602060000033,OPU2602060000033,采购入库,6942133551735,20,0,0,262SOX23KMN98,短袖POLO衫,炭黑色,,2026-02-06 17:11:02,,待收货,待收货,,,,合肥仓
Spyder,OPU2602060000033,OPU2602060000033,采购入库,6942133551735,20,0,0,262SOX23KMN98,短袖POLO衫,炭黑色,,2026-02-06 17:11:02,,待收货,待收货,,,,合肥仓
Spyder,OPU2602060000033,OPU2602060000033,采购入库,6942133551735,20,0,0,262SOX23KMN98,短袖POLO衫,炭黑色,,2026-02-06 17:11:02,,待收货,待收货,,,,合肥仓
Spyder,OPU2602060000033,OPU2602060000033,采购入库,6942133551735,20,0,0,262SOX23KMN98,短袖POLO衫,炭黑色,,2026-02-06 17:11:02,,待收货,待收货,,,,合肥仓
Spyder,OPU2602060000033,OPU2602060000033,采购入库,6942133551735,20,0,0,262SOX23KMN98,短袖POLO衫,炭黑色,,2026-02-06 17:11:02,,待收货,待收货,,,,合肥仓
Spyder,OPU2602060000033,OPU2602060000033,采购入库,6942133551735,20,0,0,262SOX23KMN98,短袖POLO衫,炭黑色,,2026-02-06 17:11:02,,待收货,待收货,,,,合肥仓
Spyder,OPU2602060000033,OPU2602060000033,采购入库,6942133551735,20,0,0,262SOX23KMN98,短袖POLO衫,炭黑色,,2026-02-06 17:11:02,,待收货,待收货,,,,合肥仓
Spyder,OPU2602060000033,OPU2602060000033,采购入库,6942133551735,20,0,0,262SOX23KMN98,短袖POLO衫,炭黑色,,2026-02-06 17:11:02,,待收货,待收货,,,,合肥仓
Spyder,OPU2602060000033,OPU2602060000033,采购入库,6942133551735,20,0,0,262SOX23KMN98,短袖POLO衫,炭黑色,,2026-02-06 17:11:02,,待收货,待收货,,,,合肥仓
Spyder,OPU2602060000033,OPU2602060000033,采购入库,6942133551735,20,0,0,262SOX23KMN98,短袖POLO衫,炭黑色,,2026-02-06 17:11:02,,待收货,待收货,,,,合肥仓
Spyder,OPU2602060000033,OPU2602060000033,采购入库,6942133551735,20,0,0,262SOX23KMN98,短袖POLO衫,炭黑色,,2026-02-06 17:11:02,,待收货,待收货,,,,合肥仓
Spyder,OPU2602060000033,OPU2602060000033,采购入库,6942133551735,20,0,0,262SOX23KMN98,短袖POLO衫,炭黑色,,2026-02-06 17:11:02,,待收货,待收货,,,,合肥仓
Spyder,OPU2602060000033,OPU2602060000033,采购入库,6942133551735,20,0,0,262SOX23KMN98,短袖POLO衫,炭黑色,,2026-02-06 17:11:02,,待收货,待收货,,,,合肥仓
Spyder,OPU2602060000033,OPU2602060000033,采购入库,6942133551735,20,0,0,262SOX23KMN98,短袖POLO衫,炭黑色,,2026-02-06 17:11:02,,待收货,待收货,,,,合肥仓
Spyder,OPU2602060000033,OPU2602060000033,采购入库,6942133551735,20,0,0,262SOX23KMN98,短袖POLO衫,炭黑色,,2026-02-06 17:11:02,,待收货,待收货,,,,合肥仓
Spyder,OPU2602060000033,OPU2602060000033,采购入库,6942133551735,20,0,0,262SOX23KMN98,短袖POLO衫,炭黑色,,2026-02-06 17:11:02,,待收货,待收货,,,,合肥仓
Spyder,OPU2602060000033,OPU2602060000033,采购入库,6942133551735,20,0,0,262SOX23KMN98,短袖POLO衫,炭黑色,,2026-02-06 17:11:02,,待收货,待收货,,,,合肥仓
Spyder,OPU2602060000033,OPU2602060000033,采购入库,6942133551735,20,0,0,262SOX23KMN98,短袖POLO衫,炭黑色,,2026-02-06 17:11:02,,待收货,待收货,,,,合肥仓
Spyder,OPU2602060000033,OPU2602060000033,采购入库,6942133551735,20,0,0,262SOX23KMN98,短袖POLO衫,炭黑色,,2026-02-06 17:11:02,,待收货,待收货,,,,合肥仓
Spyder,OPU2602060000033,OPU2602060000033,采购入库,6942133551735,20,0,0,262SOX23KMN98,短袖POLO衫,炭黑色,,2026-02-06 17:11:02,,待收货,待收货,,,,合肥仓
Spyder,OPU2602060000033,OPU2602060000033,采购入库,6942133551735,20,0,0,262SOX23KMN98,短袖POLO衫,炭黑色,,2026-02-06 17:11:02,,待收货,待收货,,,,合肥仓
Spyder,OPU2602060000033,OPU2602060000033,采购入库,6942133551735,20,0,0,262SOX23KMN98,短袖POLO衫,炭黑色,,2026-02-06 17:11:02,,待收货,待收货,,,,合肥仓
Spyder,OPU2602060000033,OPU2602060000033,采购入库,6942133551735,20,0,0,262SOX23KMN98,短袖POLO衫,炭黑色,,2026-02-06 17:11:02,,待收货,待收货,,,,合肥仓
Spyder,OPU2602060000033,OPU2602060000033,采购入库,6942133551735,20,0,0,262SOX23KMN98,短袖POLO衫,炭黑色,,2026-02-06 17:11:02,,待收货,待收货,,,,合肥仓
Spyder,OPU2602060000033,OPU2602060000033,采购入库,6942133551735,20,0,0,262SOX23KMN98,短袖POLO衫,炭黑色,,2026-02-06 17:11:02,,待收货,待收货,,,,合肥仓
Spyder,OPU2602060000033,OPU2602060000033,采购入库,6942133551735,20,0,0,262SOX23KMN98,短袖POLO衫,炭黑色,,2026-02-06 17:11:02,,待收货,待收货,,,,合肥仓
Spyder,OPU2602060000033,OPU2602060000033,采购入库,6942133551735,20,0,0,262SOX23KMN98,短袖POLO衫,炭黑色,,2026-02-06 17:11:02,,待收货,待收货,,,,合肥仓
Spyder,OPU2602060000033,OPU2602060000033,采购入库,6942133551735,20,0,0,262SOX23KMN98,短袖POLO衫,炭黑色,,2026-02-06 17:11:02,,待收货,待收货,,,,合肥仓
Spyder,OPU2602060000033,OPU2602060000033,采购入库,6942133551735,20,0,0,262SOX23KMN98,短袖POLO衫,炭黑色,,2026-02-06 17:11:02,,待收货,待收货,,,,合肥仓
Spyder,OPU2602060000033,OPU2602060000033,采购入库,6942133551735,20,0,0,262SOX23KMN98,短袖POLO衫,炭黑色,,2026-02-06 17:11:02,,待收货,待收货,,,,合肥仓
Spyder,OPU2602060000033,OPU2602060000033,采购入库,6942133551735,20,0,0,262SOX23KMN98,短袖POLO衫,炭黑色,,2026-02-06 17:11:02,,待收货,待收货,,,,合肥仓
Spyder,OPU2602060000033,OPU2602060000033,采购入库,6942133551735,20,0,0,262SOX23KMN98,短袖POLO衫,炭黑色,,2026-02-06 17:11:02,,待收货,待收货,,,,合肥仓
Spyder,OPU2602060000033,OPU2602060000033,采购入库,6942133551735,20,0,0,262SOX23KMN98,短袖POLO衫,炭黑色,,2026-02-06 17:11:02,,待收货,待收货,,,,合肥仓
Spyder,OPU2602060000033,OPU2602060000033,采购入库,6942133551735,20,0,0,262SOX23KMN98,短袖POLO衫,炭黑色,,2026-02-06 17:11:02,,待收货,待收货,,,,合肥仓
Spyder,OPU2602060000033,OPU2602060000033,采购入库,6942133551735,20,0,0,262SOX23KMN98,短袖POLO衫,炭黑色,,2026-02-06 17:11:02,,待收货,待收货,,,,合肥仓
Spyder,OPU2602060000033,OPU2602060000033,采购入库,6942133551735,20,0,0,262SOX23KMN98,短袖POLO衫,炭黑色,,2026-02-06 17:11:02,,待收货,待收货,,,,合肥仓
Spyder,OPU2602060000033,OPU2602060000033,采购入库,6942133551735,20,0,0,262SOX23KMN98,短袖POLO衫,炭黑色,,2026-02-06 17:11:02,,待收货,待收货,,,,合肥仓
Spyder,OPU2602060000033,OPU2602060000033,采购入库,6942133551735,20,0,0,262SOX23KMN98,短袖POLO衫,炭黑色,,2026-02-06 17:11:02,,待收货,待收货,,,,合肥仓
Spyder,OPU2602060000033,OPU2602060000033,采购入库,6942133551735,20,0,0,262SOX23KMN98,短袖POLO衫,炭黑色,,2026-02-06 17:11:02,,待收货,待收货,,,,合肥仓
Spyder,OPU2602060000033,OPU2602060000033,采购入库,6942133551735,20,0,0,262SOX23KMN98,短袖POLO衫,炭黑色,,2026-02-06 17:11:02,,待收货,待收货,,,,合肥仓
Spyder,OPU2602060000033,OPU2602060000033,采购入库,6942133551735,20,0,0,262SOX23KMN98,短袖POLO衫,炭黑色,,2026-02-06 17:11:02,,待收货,待收货,,,,合肥仓
Spyder,OPU2602060000033,OPU2602060000033,采购入库,6942133551735,20,0,0,262SOX23KMN98,短袖POLO衫,炭黑色,,2026-02-06 17:11:02,,待收货,待收货,,,,合肥仓
Spyder,OPU2602060000033,OPU2602060000033,采购入库,6942133551735,20,0,0,262SOX23KMN98,短袖POLO衫,炭黑色,,2026-02-06 17:11:02,,待收货,待收货,,,,合肥仓
Spyder,OPU2602060000033,OPU2602060000033,采购入库,6942133551735,20,0,0,262SOX23KMN98,短袖POLO衫,炭黑色,,2026-02-06 17:11:02,,待收货,待收货,,,,合肥仓
Spyder,OPU2602060000033,OPU2602060000033,采购入库,6942133551735,20,0,0,262SOX23KMN98,短袖POLO衫,炭黑色,,2026-02-06 17:11:02,,待收货,待收货,,,,合肥仓
Spyder,OPU2602060000033,OPU2602060000033,采购入库,6942133551735,20,0,0,262SOX23KMN98,短袖POLO衫,炭黑色,,2026-02-06 17:11:02,,待收货,待收货,,,,合肥仓
Spyder,OPU2602060000033,OPU2602060000033,采购入库,6942133551735,20,0,0,262SOX23KMN98,短袖POLO衫,炭黑色,,2026-02-06 17:11:02,,待收货,待收货,,,,合肥仓
Spyder,OPU2602060000033,OPU2602060000033,采购入库,6942133551735,20,0,0,262SOX23KMN98,短袖POLO衫,炭黑色,,2026-02-06 17:11:02,,待收货,待收货,,,,合肥仓
Spyder,OPU2602060000033,OPU2602060000033,采购入库,6942133551735,20,0,0,262SOX23KMN98,短袖POLO衫,炭黑色,,2026-02-06 17:11:02,,待收货,待收货,,,,合肥仓
Spyder,OPU2602060000033,OPU2602060000033,采购入库,6942133551735,20,0,0,262SOX23KMN98,短袖POLO衫,炭黑色,,2026-02-06 17:11:02,,待收货,待收货,,,,合肥仓
Spyder,OPU2602060000033,OPU2602060000033,采购入库,6942133551735,20,0,0,262SOX23KMN98,短袖POLO衫,炭黑色,,2026-02-06 17:11:02,,待收货,待收货,,,,合肥仓
Spyder,OPU2602060000033,OPU2602060000033,采购入库,6942133551735,20,0,0,262SOX23KMN98,短袖POLO衫,炭黑色,,2026-02-06 17:11:02,,待收货,待收货,,,,合肥仓
Spyder,OPU2602060000033,OPU2602060000033,采购入库,6942133551735,20,0,0,262SOX23KMN98,短袖POLO衫,炭黑色,,2026-02-06 17:11:02,,待收货,待收货,,,,合肥仓
Spyder,OPU2602060000033,OPU2602060000033,采购入库,6942133551735,20,0,0,262SOX23KMN98,短袖POLO衫,炭黑色,,2026-02-06 17:11:02,,待收货,待收货,,,,合肥仓
Spyder,OPU2602060000033,OPU2602060000033,采购入库,6942133551735,20,0,0,262SOX23KMN98,短袖POLO衫,炭黑色,,2026-02-06 17:11:02,,待收货,待收货,,,,合肥仓
Spyder,OPU2602060000033,OPU2602060000033,采购入库,6942133551735,20,0,0,262SOX23KMN98,短袖POLO衫,炭黑色,,2026-02-06 17:11:02,,待收货,待收货,,,,合肥仓
Spyder,OPU2602060000033,OPU2602060000033,采购入库,6942133551735,20,0,0,262SOX23KMN98,短袖POLO衫,炭黑色,,2026-02-06 17:11:02,,待收货,待收货,,,,合肥仓
Spyder,OPU2602060000033,OPU2602060000033,采购入库,6942133551735,20,0,0,262SOX23KMN98,短袖POLO衫,炭黑色,,2026-02-06 17:11:02,,待收货,待收货,,,,合肥仓
Spyder,OPU2602060000033,OPU2602060000033,采购入库,6942133551735,20,0,0,262SOX23KMN98,短袖POLO衫,炭黑色,,2026-02-06 17:11:02,,待收货,待收货,,,,合肥仓
Spyder,OPU2602060000033,OPU2602060000033,采购入库,6942133551735,20,0,0,262SOX23KMN98,短袖POLO衫,炭黑色,,2026-02-06 17:11:02,,待收货,待收货,,,,合肥仓
Spyder,OPU2602060000033,OPU2602060000033,采购入库,6942133551735,20,0,0,262SOX23KMN98,短袖POLO衫,炭黑色,,2026-02-06 17:11:02,,待收货,待收货,,,,合肥仓
Spyder,OPU2602060000033,OPU2602060000033,采购入库,6942133551735,20,0,0,262SOX23KMN98,短袖POLO衫,炭黑色,,2026-02-06 17:11:02,,待收货,待收货,,,,合肥仓
Spyder,OPU2602060000033,OPU2602060000033,采购入库,6942133551735,20,0,0,262SOX23KMN98,短袖POLO衫,炭黑色,,2026-02-06 17:11:02,,待收货,待收货,,,,合肥仓
Spyder,OPU2602060000033,OPU2602060000033,采购入库,6942133551735,20,0,0,262SOX23KMN98,短袖POLO衫,炭黑色,,2026-02-06 17:11:02,,待收货,待收货,,,,合肥仓
Spyder,OPU2602060000033,OPU2602060000033,采购入库,6942133551735,20,0,0,262SOX23KMN98,短袖POLO衫,炭黑色,,2026-02-06 17:11:02,,待收货,待收货,,,,合肥仓
Spyder,OPU2602060000033,OPU2602060000033,采购入库,6942133551735,20,0,0,262SOX23KMN98,短袖POLO衫,炭黑色,,2026-02-06 17:11:02,,待收货,待收货,,,,合肥仓
Spyder,OPU2602080000001,OPU2602080000001,采购入库,6942133576578,10,10,0,26102OM26106KMN96,短袖POLO衫,宁静灰,,2026-02-09 09:52:00,2026-02-10 16:30:06,待上架,待收货,,,,合肥仓
Spyder,OPU2602080000001,OPU2602080000001,采购入库,6942133576585,38,38,0,26102OM26106KMN96,短袖POLO衫,宁静灰,,2026-02-09 09:52:00,2026-02-10 16:30:06,待上架,待收货,,,,合肥仓
Spyder,OPU2602080000001,OPU2602080000001,采购入库,6942133576608,18,18,0,26102OM26106KMN96,短袖POLO衫,宁静灰,,2026-02-09 09:52:00,2026-02-10 16:58:10,待上架,待收货,,,,合肥仓
Spyder,OPU2602080000001,OPU2602080000001,采购入库,6942133576592,42,42,0,26102OM26106KMN96,短袖POLO衫,宁静灰,,2026-02-09 09:52:00,2026-02-10 16:55:45,待上架,待收货,,,,合肥仓
Spyder,OPU2602080000001,OPU2602080000001,采购入库,6942133576615,28,18,0,26102OM26106KMN96,短袖POLO衫,宁静灰,,2026-02-09 09:52:00,2026-02-10 16:55:44,待上架,待收货,,,,合肥仓
Spyder,OPU2602080000001,OPU2602080000001,采购入库,6942133576523,18,18,0,26102OM26106KM001,短袖POLO衫,黑色,,2026-02-09 09:52:00,2026-02-10 16:39:59,待上架,待收货,,,,合肥仓
Spyder,OPU2602080000001,OPU2602080000001,采购入库,6942133576530,56,56,0,26102OM26106KM001,短袖POLO衫,黑色,,2026-02-09 09:52:00,2026-02-10 16:39:59,待上架,待收货,,,,合肥仓
Spyder,OPU2602080000001,OPU2602080000001,采购入库,6942133576547,55,55,0,26102OM26106KM001,短袖POLO衫,黑色,,2026-02-09 09:52:00,2026-02-10 16:24:46,待上架,待收货,,,,合肥仓
Spyder,OPU2602080000001,OPU2602080000001,采购入库,6942133576554,37,37,0,26102OM26106KM001,短袖POLO衫,黑色,,2026-02-09 09:52:00,2026-02-10 16:45:16,待上架,待收货,,,,合肥仓
Spyder,OPU2602080000001,OPU2602080000001,采购入库,6942133576561,19,19,0,26102OM26106KM001,短袖POLO衫,黑色,,2026-02-09 09:52:00,2026-02-10 16:45:16,待上架,待收货,,,,合肥仓
Spyder,OPU2602090000001,OPU2602090000001,采购入库,6942105365117,30,30,0,99923EF133M001,黑色冲锋衣,黑色,,2026-02-09 09:53:00,2026-02-10 19:22:14,待上架,待收货,,,,合肥仓
Spyder,OPU2602090000001,OPU2602090000001,采购入库,6942105365117,30,30,0,99923EF133M001,黑色冲锋衣,黑色,,2026-02-09 09:53:00,2026-02-10 20:19:33,待上架,待收货,,,,合肥仓
Spyder,OPU2602090000001,OPU2602090000001,采购入库,6942105365117,30,30,0,99923EF133M001,黑色冲锋衣,黑色,,2026-02-09 09:53:00,2026-02-10 20:36:25,待上架,待收货,,,,合肥仓
Spyder,OPU2602090000001,OPU2602090000001,采购入库,6942105348912,30,30,0,99923EF133M001,黑色冲锋衣,黑色,,2026-02-09 09:53:00,2026-02-10 20:09:24,待上架,待收货,,,,合肥仓
Spyder,OPU2602090000001,OPU2602090000001,采购入库,6942105348912,30,30,0,99923EF133M001,黑色冲锋衣,黑色,,2026-02-09 09:53:00,2026-02-10 20:52:40,待上架,待收货,,,,合肥仓
Spyder,OPU2602090000001,OPU2602090000001,采购入库,6942105348912,30,30,0,99923EF133M001,黑色冲锋衣,黑色,,2026-02-09 09:53:00,2026-02-10 18:44:52,待上架,待收货,,,,合肥仓
Spyder,OPU2602090000001,OPU2602090000001,采购入库,6942105348912,30,0,0,99923EF133M001,黑色冲锋衣,黑色,,2026-02-09 09:53:00,,待上架,待收货,,,,合肥仓
Spyder,OPU2602090000001,OPU2602090000001,采购入库,6942105348912,30,30,0,99923EF133M001,黑色冲锋衣,黑色,,2026-02-09 09:53:00,2026-02-10 20:05:17,待上架,待收货,,,,合肥仓
Spyder,OPU2602090000001,OPU2602090000001,采购入库,6942105348912,30,30,0,99923EF133M001,黑色冲锋衣,黑色,,2026-02-09 09:53:00,2026-02-10 19:45:38,待上架,待收货,,,,合肥仓
Spyder,OPU2602090000001,OPU2602090000001,采购入库,6942105348912,28,0,0,99923EF133M001,黑色冲锋衣,黑色,,2026-02-09 09:53:00,,待上架,待收货,,,,合肥仓
Spyder,OPU2602090000001,OPU2602090000001,采购入库,6942105348929,30,30,0,99923EF133M001,黑色冲锋衣,黑色,,2026-02-09 09:53:00,2026-02-10 20:47:32,待上架,待收货,,,,合肥仓
Spyder,OPU2602090000001,OPU2602090000001,采购入库,6942105348929,30,0,0,99923EF133M001,黑色冲锋衣,黑色,,2026-02-09 09:53:00,,待上架,待收货,,,,合肥仓
Spyder,OPU2602090000001,OPU2602090000001,采购入库,6942105348929,30,0,0,99923EF133M001,黑色冲锋衣,黑色,,2026-02-09 09:53:00,,待上架,待收货,,,,合肥仓
Spyder,OPU2602090000001,OPU2602090000001,采购入库,6942105348929,30,30,0,99923EF133M001,黑色冲锋衣,黑色,,2026-02-09 09:53:00,2026-02-10 18:58:34,待上架,待收货,,,,合肥仓
Spyder,OPU2602090000001,OPU2602090000001,采购入库,6942105348929,30,30,0,99923EF133M001,黑色冲锋衣,黑色,,2026-02-09 09:53:00,2026-02-10 19:13:38,待上架,待收货,,,,合肥仓
Spyder,OPU2602090000001,OPU2602090000001,采购入库,6942105348929,30,0,0,99923EF133M001,黑色冲锋衣,黑色,,2026-02-09 09:53:00,,待上架,待收货,,,,合肥仓
Spyder,OPU2602090000001,OPU2602090000001,采购入库,6942105348929,30,30,0,99923EF133M001,黑色冲锋衣,黑色,,2026-02-09 09:53:00,2026-02-10 19:37:05,待上架,待收货,,,,合肥仓
Spyder,OPU2602090000001,OPU2602090000001,采购入库,6942105348936,30,0,0,99923EF133M001,黑色冲锋衣,黑色,,2026-02-09 09:53:00,,待上架,待收货,,,,合肥仓
Spyder,OPU2602090000001,OPU2602090000001,采购入库,6942105348936,30,30,0,99923EF133M001,黑色冲锋衣,黑色,,2026-02-09 09:53:00,2026-02-10 20:14:01,待上架,待收货,,,,合肥仓
Spyder,OPU2602090000001,OPU2602090000001,采购入库,6942105348936,30,0,0,99923EF133M001,黑色冲锋衣,黑色,,2026-02-09 09:53:00,,待上架,待收货,,,,合肥仓
Spyder,OPU2602090000001,OPU2602090000001,采购入库,6942105348936,30,0,0,99923EF133M001,黑色冲锋衣,黑色,,2026-02-09 09:53:00,,待上架,待收货,,,,合肥仓
Spyder,OPU2602090000001,OPU2602090000001,采购入库,6942105348936,30,30,0,99923EF133M001,黑色冲锋衣,黑色,,2026-02-09 09:53:00,2026-02-10 20:30:32,待上架,待收货,,,,合肥仓
Spyder,OPU2602090000001,OPU2602090000001,采购入库,6942105348943,30,30,0,99923EF133M001,黑色冲锋衣,黑色,,2026-02-09 09:53:00,2026-02-10 18:52:11,待上架,待收货,,,,合肥仓
Spyder,OPU2602090000001,OPU2602090000001,采购入库,6942105348943,30,30,0,99923EF133M001,黑色冲锋衣,黑色,,2026-02-09 09:53:00,2026-02-10 20:24:52,待上架,待收货,,,,合肥仓
Spyder,OPU2602090000001,OPU2602090000001,采购入库,6942105348943,30,0,0,99923EF133M001,黑色冲锋衣,黑色,,2026-02-09 09:53:00,,待上架,待收货,,,,合肥仓
Spyder,OPU2602090000001,OPU2602090000001,采购入库,6942105348943,30,30,0,99923EF133M001,黑色冲锋衣,黑色,,2026-02-09 09:53:00,2026-02-10 17:52:31,待上架,待收货,,,,合肥仓
Spyder,OPU2602090000001,OPU2602090000001,采购入库,6942105365117,25,25,0,99923EF133M001,黑色冲锋衣,黑色,,2026-02-09 09:53:00,2026-02-10 18:37:10,待上架,待收货,,,,合肥仓
Spyder,OPU2602090000001,OPU2602090000001,采购入库,6942105348943,5,5,0,99923EF133M001,黑色冲锋衣,黑色,,2026-02-09 09:53:00,2026-02-10 18:37:10,待上架,待收货,,,,合肥仓
Spyder,OPU2602090000001,OPU2602090000001,采购入库,6942105348929,10,0,0,99923EF133M001,黑色冲锋衣,黑色,,2026-02-09 09:53:00,,待上架,待收货,,,,合肥仓
Spyder,OPU2602090000001,OPU2602090000001,采购入库,6942105348936,18,0,0,99923EF133M001,黑色冲锋衣,黑色,,2026-02-09 09:53:00,,待上架,待收货,,,,合肥仓
Spyder,OPU2602090000001,OPU2602090000001,采购入库,6942133578985,30,30,0,99923EF133MC22,冲锋衣,巧克力棕,,2026-02-09 09:53:00,2026-02-10 20:42:38,待上架,待收货,,,,合肥仓
Spyder,OPU2602090000001,OPU2602090000001,采购入库,6942133578992,30,0,0,99923EF133MC22,冲锋衣,巧克力棕,,2026-02-09 09:53:00,,待上架,待收货,,,,合肥仓
Spyder,OPU2602090000001,OPU2602090000001,采购入库,6942133578992,30,0,0,99923EF133MC22,冲锋衣,巧克力棕,,2026-02-09 09:53:00,,待上架,待收货,,,,合肥仓
Spyder,OPU2602090000001,OPU2602090000001,采购入库,6942133578992,30,0,0,99923EF133MC22,冲锋衣,巧克力棕,,2026-02-09 09:53:00,,待上架,待收货,,,,合肥仓
Spyder,OPU2602090000001,OPU2602090000001,采购入库,6942133579005,30,0,0,99923EF133MC22,冲锋衣,巧克力棕,,2026-02-09 09:53:00,,待上架,待收货,,,,合肥仓
Spyder,OPU2602090000001,OPU2602090000001,采购入库,6942133579005,30,30,0,99923EF133MC22,冲锋衣,巧克力棕,,2026-02-09 09:53:00,2026-02-10 19:06:27,待上架,待收货,,,,合肥仓
Spyder,OPU2602090000001,OPU2602090000001,采购入库,6942133579005,30,0,0,99923EF133MC22,冲锋衣,巧克力棕,,2026-02-09 09:53:00,,待上架,待收货,,,,合肥仓
Spyder,OPU2602090000001,OPU2602090000001,采购入库,6942133579012,30,30,0,99923EF133MC22,冲锋衣,巧克力棕,,2026-02-09 09:53:00,2026-02-10 19:56:42,待上架,待收货,,,,合肥仓
Spyder,OPU2602090000001,OPU2602090000001,采购入库,6942133579012,30,0,0,99923EF133MC22,冲锋衣,巧克力棕,,2026-02-09 09:53:00,,待上架,待收货,,,,合肥仓
Spyder,OPU2602090000001,OPU2602090000001,采购入库,6942133579029,30,30,0,99923EF133MC22,冲锋衣,巧克力棕,,2026-02-09 09:53:00,2026-02-10 19:29:28,待上架,待收货,,,,合肥仓
Spyder,OPU2602090000001,OPU2602090000001,采购入库,6942133579029,30,0,0,99923EF133MC22,冲锋衣,巧克力棕,,2026-02-09 09:53:00,,待上架,待收货,,,,合肥仓
Spyder,OPU2602090000001,OPU2602090000001,采购入库,6942133578985,21,0,0,99923EF133MC22,冲锋衣,巧克力棕,,2026-02-09 09:53:00,,待上架,待收货,,,,合肥仓
Spyder,OPU2602090000001,OPU2602090000001,采购入库,6942133578992,7,0,0,99923EF133MC22,冲锋衣,巧克力棕,,2026-02-09 09:53:00,,待上架,待收货,,,,合肥仓
Spyder,OPU2602090000001,OPU2602090000001,采购入库,6942133578992,5,0,0,99923EF133MC22,冲锋衣,巧克力棕,,2026-02-09 09:53:00,,待上架,待收货,,,,合肥仓
Spyder,OPU2602090000001,OPU2602090000001,采购入库,6942133579005,24,0,0,99923EF133MC22,冲锋衣,巧克力棕,,2026-02-09 09:53:00,,待上架,待收货,,,,合肥仓
Spyder,OPU2602090000001,OPU2602090000001,采购入库,6942133579012,18,0,0,99923EF133MC22,冲锋衣,巧克力棕,,2026-02-09 09:53:00,,待上架,待收货,,,,合肥仓
Spyder,OPU2602090000001,OPU2602090000001,采购入库,6942133579029,1,0,0,99923EF133MC22,冲锋衣,巧克力棕,,2026-02-09 09:53:00,,待上架,待收货,,,,合肥仓
Spyder,OPU2602090000003,OPU2602090000003,采购入库,6942133589950,41,41,41,26102JM26138WWN96,冲锋衣,宁静灰,,2026-02-09 10:45:00,2026-02-10 13:52:05,已完成,已完成,2026-02-10 20:17:46,,,合肥仓
Spyder,OPU2602090000003,OPU2602090000003,采购入库,6942133589967,45,45,45,26102JM26138WWN96,冲锋衣,宁静灰,,2026-02-09 10:45:00,2026-02-10 13:56:54,已完成,已完成,2026-02-10 20:17:46,,,合肥仓
Spyder,OPU2602090000003,OPU2602090000003,采购入库,6942133589943,12,12,12,26102JM26138WWN96,冲锋衣,宁静灰,,2026-02-09 10:45:00,2026-02-10 13:59:09,已完成,已完成,2026-02-10 20:17:46,,,合肥仓
Spyder,OPU2602090000003,OPU2602090000003,采购入库,6942133589974,15,15,15,26102JM26138WWN96,冲锋衣,宁静灰,,2026-02-09 10:45:00,2026-02-10 13:59:09,已完成,已完成,2026-02-10 20:17:46,,,合肥仓
Spyder,OPU2602090000003,OPU2602090000003,采购入库,6942133589981,11,11,11,26102JM26138WWP19,冲锋衣,薰衣草,,2026-02-09 10:45:00,2026-02-10 14:08:34,已完成,已完成,2026-02-10 20:17:46,,,合肥仓
Spyder,OPU2602090000003,OPU2602090000003,采购入库,6942133590000,30,30,30,26102JM26138WWP19,冲锋衣,薰衣草,,2026-02-09 10:45:00,2026-02-10 14:08:34,已完成,已完成,2026-02-10 20:17:46,,,合肥仓
Spyder,OPU2602090000003,OPU2602090000003,采购入库,6942133589998,24,24,24,26102JM26138WWP19,冲锋衣,薰衣草,,2026-02-09 10:45:00,2026-02-10 14:03:26,已完成,已完成,2026-02-10 20:17:46,,,合肥仓
Spyder,OPU2602090000003,OPU2602090000003,采购入库,6942133590017,18,18,18,26102JM26138WWP19,冲锋衣,薰衣草,,2026-02-09 10:45:00,2026-02-10 14:03:26,已完成,已完成,2026-02-10 20:17:46,,,合肥仓
Spyder,OPU2602090000004,OPU2602090000004,采购入库,6942133592813,49,49,0,26102RM26102WW001,梭织半裙,黑色,,2026-02-09 10:46:00,2026-02-10 16:14:42,待上架,待收货,,,,合肥仓
Spyder,OPU2602090000004,OPU2602090000004,采购入库,6942133592820,60,59,0,26102RM26102WW001,梭织半裙,黑色,,2026-02-09 10:46:00,2026-02-10 15:54:35,待上架,待收货,,,,合肥仓
Spyder,OPU2602090000004,OPU2602090000004,采购入库,6942133592820,43,43,0,26102RM26102WW001,梭织半裙,黑色,,2026-02-09 10:46:00,2026-02-10 16:00:12,待上架,待收货,,,,合肥仓
Spyder,OPU2602090000004,OPU2602090000004,采购入库,6942133592837,60,60,0,26102RM26102WW001,梭织半裙,黑色,,2026-02-09 10:46:00,2026-02-10 15:29:42,待上架,待收货,,,,合肥仓
Spyder,OPU2602090000004,OPU2602090000004,采购入库,6942133592837,14,14,0,26102RM26102WW001,梭织半裙,黑色,,2026-02-09 10:46:00,2026-02-10 16:11:01,待上架,待收货,,,,合肥仓
Spyder,OPU2602090000004,OPU2602090000004,采购入库,6942133592844,26,26,0,26102RM26102WW001,梭织半裙,黑色,,2026-02-09 10:46:00,2026-02-10 16:11:01,待上架,待收货,,,,合肥仓
Spyder,OPU2602090000004,OPU2602090000004,采购入库,6942133592851,29,29,0,26102RM26102WWP19,梭织半裙,薰衣草,,2026-02-09 10:46:00,2026-02-10 15:57:34,待上架,待收货,,,,合肥仓
Spyder,OPU2602090000004,OPU2602090000004,采购入库,6942133592882,15,15,0,26102RM26102WWP19,梭织半裙,薰衣草,,2026-02-09 10:46:00,2026-02-10 15:57:34,待上架,待收货,,,,合肥仓
Spyder,OPU2602090000004,OPU2602090000004,采购入库,6942133592868,60,60,0,26102RM26102WWP19,梭织半裙,薰衣草,,2026-02-09 10:46:00,2026-02-10 16:08:09,待上架,待收货,,,,合肥仓
Spyder,OPU2602090000004,OPU2602090000004,采购入库,6942133592875,45,45,0,26102RM26102WWP19,梭织半裙,薰衣草,,2026-02-09 10:46:00,2026-02-10 16:03:18,待上架,待收货,,,,合肥仓
Spyder,OPU2602090000005,OPU2602090000005,采购入库,6942133593162,35,35,35,26102VM26101WM001,梭织背心,黑色,,2026-02-09 10:50:01,2026-02-10 14:46:29,已完成,已完成,2026-02-10 20:17:38,,,合肥仓
Spyder,OPU2602090000005,OPU2602090000005,采购入库,6942133593179,35,35,35,26102VM26101WM001,梭织背心,黑色,,2026-02-09 10:50:01,2026-02-10 15:02:36,已完成,已完成,2026-02-10 20:17:38,,,合肥仓
Spyder,OPU2602090000005,OPU2602090000005,采购入库,6942133593186,34,34,34,26102VM26101WM001,梭织背心,黑色,,2026-02-09 10:50:01,2026-02-10 15:07:20,已完成,已完成,2026-02-10 20:17:38,,,合肥仓
Spyder,OPU2602090000005,OPU2602090000005,采购入库,6942133593155,14,14,14,26102VM26101WM001,梭织背心,黑色,,2026-02-09 10:50:01,2026-02-10 14:42:05,已完成,已完成,2026-02-10 20:17:38,,,合肥仓
Spyder,OPU2602090000005,OPU2602090000005,采购入库,6942133593193,17,17,17,26102VM26101WM001,梭织背心,黑色,,2026-02-09 10:50:01,2026-02-10 14:42:05,已完成,已完成,2026-02-10 20:17:38,,,合肥仓
Spyder,OPU2602090000005,OPU2602090000005,采购入库,6942133593162,10,10,10,26102VM26101WM001,梭织背心,黑色,,2026-02-09 10:50:01,2026-02-10 14:51:37,已完成,已完成,2026-02-10 20:17:38,,,合肥仓
Spyder,OPU2602090000005,OPU2602090000005,采购入库,6942133593179,27,27,27,26102VM26101WM001,梭织背心,黑色,,2026-02-09 10:50:01,2026-02-10 14:51:37,已完成,已完成,2026-02-10 20:17:38,,,合肥仓
Spyder,OPU2602090000005,OPU2602090000005,采购入库,6942133593209,11,11,11,26102VM26101WMN96,梭织背心,宁静灰,,2026-02-09 10:50:01,2026-02-10 14:56:41,已完成,已完成,2026-02-10 20:17:38,,,合肥仓
Spyder,OPU2602090000005,OPU2602090000005,采购入库,6942133593216,22,22,22,26102VM26101WMN96,梭织背心,宁静灰,,2026-02-09 10:50:01,2026-02-10 14:56:41,已完成,已完成,2026-02-10 20:17:38,,,合肥仓
Spyder,OPU2602090000005,OPU2602090000005,采购入库,6942133593223,26,26,26,26102VM26101WMN96,梭织背心,宁静灰,,2026-02-09 10:50:01,2026-02-10 15:10:43,已完成,已完成,2026-02-10 20:17:38,,,合肥仓
Spyder,OPU2602090000005,OPU2602090000005,采购入库,6942133593230,19,19,19,26102VM26101WMN96,梭织背心,宁静灰,,2026-02-09 10:50:01,2026-02-10 15:14:27,已完成,已完成,2026-02-10 20:17:38,,,合肥仓
Spyder,OPU2602090000005,OPU2602090000005,采购入库,6942133593247,9,9,9,26102VM26101WMN96,梭织背心,宁静灰,,2026-02-09 10:50:01,2026-02-10 15:14:27,已完成,已完成,2026-02-10 20:17:38,,,合肥仓
Spyder,OPU2602090000006,OPU2602090000006,采购入库,6942133576813,19,19,19,26102OM26124KM001,短袖POLO衫,黑色,,2026-02-09 11:24:00,2026-02-10 14:25:03,已完成,已完成,2026-02-10 20:17:32,,,合肥仓
Spyder,OPU2602090000006,OPU2602090000006,采购入库,6942133576837,41,41,41,26102OM26124KM001,短袖POLO衫,黑色,,2026-02-09 11:24:00,2026-02-10 14:25:02,已完成,已完成,2026-02-10 20:17:32,,,合肥仓
Spyder,OPU2602090000006,OPU2602090000006,采购入库,6942133576806,10,10,10,26102OM26124KM001,短袖POLO衫,黑色,,2026-02-09 11:24:00,2026-02-10 14:19:46,已完成,已完成,2026-02-10 20:17:32,,,合肥仓
Spyder,OPU2602090000006,OPU2602090000006,采购入库,6942133576820,41,41,41,26102OM26124KM001,短袖POLO衫,黑色,,2026-02-09 11:24:00,2026-02-10 14:19:46,已完成,已完成,2026-02-10 20:17:32,,,合肥仓
Spyder,OPU2602090000006,OPU2602090000006,采购入库,6942133576844,13,13,13,26102OM26124KM001,短袖POLO衫,黑色,,2026-02-09 11:24:00,2026-02-10 14:19:46,已完成,已完成,2026-02-10 20:17:32,,,合肥仓
Spyder,OPU2602090000006,OPU2602090000006,采购入库,6942133576868,20,20,20,26102OM26124KMN94,短袖POLO衫,羽毛灰1,,2026-02-09 11:24:00,2026-02-10 14:21:50,已完成,已完成,2026-02-10 20:17:32,,,合肥仓
Spyder,OPU2602090000006,OPU2602090000006,采购入库,6942133576875,20,20,20,26102OM26124KMN94,短袖POLO衫,羽毛灰1,,2026-02-09 11:24:00,2026-02-10 14:21:50,已完成,已完成,2026-02-10 20:17:32,,,合肥仓
Spyder,OPU2602090000006,OPU2602090000006,采购入库,6942133576851,3,3,3,26102OM26124KMN94,短袖POLO衫,羽毛灰1,,2026-02-09 11:24:00,2026-02-10 14:16:59,已完成,已完成,2026-02-10 20:17:32,,,合肥仓
Spyder,OPU2602090000006,OPU2602090000006,采购入库,6942133576882,17,17,17,26102OM26124KMN94,短袖POLO衫,羽毛灰1,,2026-02-09 11:24:00,2026-02-10 14:16:59,已完成,已完成,2026-02-10 20:17:32,,,合肥仓
Spyder,OPU2602090000006,OPU2602090000006,采购入库,6942133576899,10,10,10,26102OM26124KMN94,短袖POLO衫,羽毛灰1,,2026-02-09 11:24:00,2026-02-10 14:16:59,已完成,已完成,2026-02-10 20:17:32,,,合肥仓
Spyder,OPU2602090000021,OPU2602090000021,采购入库,6942133542603,50,0,0,26202HO26205KM001,针织短裤,黑色,,2026-02-09 15:10:01,,待收货,待收货,,,,合肥仓
Spyder,OPU2602090000021,OPU2602090000021,采购入库,6942133542610,50,0,0,26202HO26205KM001,针织短裤,黑色,,2026-02-09 15:10:01,,待收货,待收货,,,,合肥仓
Spyder,OPU2602090000021,OPU2602090000021,采购入库,6942133542627,50,0,0,26202HO26205KM001,针织短裤,黑色,,2026-02-09 15:10:01,,待收货,待收货,,,,合肥仓
Spyder,OPU2602090000021,OPU2602090000021,采购入库,6942133542597,20,0,0,26202HO26205KM001,针织短裤,黑色,,2026-02-09 15:10:01,,待收货,待收货,,,,合肥仓
Spyder,OPU2602090000021,OPU2602090000021,采购入库,6942133542603,9,0,0,26202HO26205KM001,针织短裤,黑色,,2026-02-09 15:10:01,,待收货,待收货,,,,合肥仓
Spyder,OPU2602090000021,OPU2602090000021,采购入库,6942133542610,24,0,0,26202HO26205KM001,针织短裤,黑色,,2026-02-09 15:10:01,,待收货,待收货,,,,合肥仓
Spyder,OPU2602090000021,OPU2602090000021,采购入库,6942133542627,9,0,0,26202HO26205KM001,针织短裤,黑色,,2026-02-09 15:10:01,,待收货,待收货,,,,合肥仓
Spyder,OPU2602090000021,OPU2602090000021,采购入库,6942133542634,30,0,0,26202HO26205KM001,针织短裤,黑色,,2026-02-09 15:10:01,,待收货,待收货,,,,合肥仓
Spyder,OPU2602090000021,OPU2602090000021,采购入库,6942133542665,50,0,0,26202HO26205KMB17,针织短裤,石磨蓝,,2026-02-09 15:10:01,,待收货,待收货,,,,合肥仓
Spyder,OPU2602090000021,OPU2602090000021,采购入库,6942133542641,16,0,0,26202HO26205KMB17,针织短裤,石磨蓝,,2026-02-09 15:10:01,,待收货,待收货,,,,合肥仓
Spyder,OPU2602090000021,OPU2602090000021,采购入库,6942133542665,10,0,0,26202HO26205KMB17,针织短裤,石磨蓝,,2026-02-09 15:10:01,,待收货,待收货,,,,合肥仓
Spyder,OPU2602090000021,OPU2602090000021,采购入库,6942133542689,26,0,0,26202HO26205KMB17,针织短裤,石磨蓝,,2026-02-09 15:10:01,,待收货,待收货,,,,合肥仓
Spyder,OPU2602090000021,OPU2602090000021,采购入库,6942133542658,48,0,0,26202HO26205KMB17,针织短裤,石磨蓝,,2026-02-09 15:10:01,,待收货,待收货,,,,合肥仓
Spyder,OPU2602090000021,OPU2602090000021,采购入库,6942133542672,47,0,0,26202HO26205KMB17,针织短裤,石磨蓝,,2026-02-09 15:10:01,,待收货,待收货,,,,合肥仓
Spyder,OPU2602090000028,OPU2602090000028,采购入库,6942133578534,60,0,0,26202TM26218KM001,短袖T恤,黑色,,2026-02-09 16:20:01,,待收货,待收货,,,,合肥仓
Spyder,OPU2602090000028,OPU2602090000028,采购入库,6942133578541,60,0,0,26202TM26218KM001,短袖T恤,黑色,,2026-02-09 16:20:01,,待收货,待收货,,,,合肥仓
Spyder,OPU2602090000028,OPU2602090000028,采购入库,6942133578558,60,0,0,26202TM26218KM001,短袖T恤,黑色,,2026-02-09 16:20:01,,待收货,待收货,,,,合肥仓
Spyder,OPU2602090000028,OPU2602090000028,采购入库,6942133578534,22,0,0,26202TM26218KM001,短袖T恤,黑色,,2026-02-09 16:20:01,,待收货,待收货,,,,合肥仓
Spyder,OPU2602090000028,OPU2602090000028,采购入库,6942133578565,37,0,0,26202TM26218KM001,短袖T恤,黑色,,2026-02-09 16:20:01,,待收货,待收货,,,,合肥仓
Spyder,OPU2602090000028,OPU2602090000028,采购入库,6942133578527,27,0,0,26202TM26218KM001,短袖T恤,黑色,,2026-02-09 16:20:01,,待收货,待收货,,,,合肥仓
Spyder,OPU2602090000028,OPU2602090000028,采购入库,6942133578541,33,0,0,26202TM26218KM001,短袖T恤,黑色,,2026-02-09 16:20:01,,待收货,待收货,,,,合肥仓
Spyder,OPU2602090000028,OPU2602090000028,采购入库,6942133578558,6,0,0,26202TM26218KM001,短袖T恤,黑色,,2026-02-09 16:20:01,,待收货,待收货,,,,合肥仓
Spyder,OPU2602090000028,OPU2602090000028,采购入库,6942133578572,15,0,0,26202TM26218KMG28,短袖T恤,鼠尾草,,2026-02-09 16:20:01,,待收货,待收货,,,,合肥仓
Spyder,OPU2602090000028,OPU2602090000028,采购入库,6942133578596,47,0,0,26202TM26218KMG28,短袖T恤,鼠尾草,,2026-02-09 16:20:01,,待收货,待收货,,,,合肥仓
Spyder,OPU2602090000028,OPU2602090000028,采购入库,6942133578589,44,0,0,26202TM26218KMG28,短袖T恤,鼠尾草,,2026-02-09 16:20:01,,待收货,待收货,,,,合肥仓
Spyder,OPU2602090000028,OPU2602090000028,采购入库,6942133578619,19,0,0,26202TM26218KMG28,短袖T恤,鼠尾草,,2026-02-09 16:20:01,,待收货,待收货,,,,合肥仓
Spyder,OPU2602090000028,OPU2602090000028,采购入库,6942133578602,33,0,0,26202TM26218KMG28,短袖T恤,鼠尾草,,2026-02-09 16:20:01,,待收货,待收货,,,,合肥仓
Spyder,OPU2602090000031,OPU2602090000031,采购入库,6942133543952,5,5,5,26102JO26122WM001,梭织夹克,黑色,,2026-02-09 16:35:00,2026-02-10 15:23:07,已完成,已完成,2026-02-10 20:17:24,,,合肥仓
Spyder,OPU2602090000031,OPU2602090000031,采购入库,6942133543969,8,8,8,26102JO26122WM001,梭织夹克,黑色,,2026-02-09 16:35:00,2026-02-10 15:23:07,已完成,已完成,2026-02-10 20:17:24,,,合肥仓
Spyder,OPU2602090000031,OPU2602090000031,采购入库,6942133543976,12,12,12,26102JO26122WM001,梭织夹克,黑色,,2026-02-09 16:35:00,2026-02-10 15:23:07,已完成,已完成,2026-02-10 20:17:24,,,合肥仓
Spyder,OPU2602090000031,OPU2602090000031,采购入库,6942133543983,10,10,10,26102JO26122WM001,梭织夹克,黑色,,2026-02-09 16:35:00,2026-02-10 15:23:06,已完成,已完成,2026-02-10 20:17:24,,,合肥仓
Spyder,OPU2602090000031,OPU2602090000031,采购入库,6942133543990,2,2,2,26102JO26122WM001,梭织夹克,黑色,,2026-02-09 16:35:00,2026-02-10 15:23:07,已完成,已完成,2026-02-10 20:17:24,,,合肥仓
Spyder,TF2602040002317,TF2602040002317,调拨入库,6942133528317,1,1,0,25425CF217M001,羽绒服,黑色,,2026-02-04 12:15:00,2026-02-06 13:40:38,待上架,待上架,,,市场部Elena-林一私服退回,合肥仓
Spyder,TF2602040002317,TF2602040002317,调拨入库,6942133517229,1,1,0,25325CF119MP14,夹克,靛青紫,,2026-02-04 12:15:00,2026-02-06 13:40:37,待上架,待上架,,,市场部Elena-林一私服退回,合肥仓
Spyder,TF2602040002317,TF2602040002317,调拨入库,6942133532208,1,1,0,25325CF907U001,帽子,黑色,,2026-02-04 12:15:00,2026-02-06 13:40:37,待上架,待上架,,,市场部Elena-林一私服退回,合肥仓
Spyder,TF2602040002317,TF2602040002317,调拨入库,6942133528263,1,1,0,25425CF125MP15,夹克,酱紫色,,2026-02-04 12:15:00,2026-02-06 13:40:37,待上架,待上架,,,市场部Elena-林一私服退回,合肥仓
Spyder,TF2602040002317,TF2602040002317,调拨入库,6942133532116,1,1,0,25325CF903UP14,帽子,靛青紫,,2026-02-04 12:15:00,2026-02-06 13:40:37,待上架,待上架,,,市场部Elena-林一私服退回,合肥仓
Spyder,TF2602050002458,TF2602050002458,调拨入库,6942133528751,2,2,0,25425CF511MN22,裤子,灰铜绿,,2026-02-05 17:05:00,2026-02-07 18:39:05,待上架,待上架,,,,合肥仓
Spyder,TF2602050002458,TF2602050002458,调拨入库,6942133516772,1,1,0,25325CF107M001,夹克,黑色,,2026-02-05 17:05:00,2026-02-07 18:44:25,待上架,待上架,,,,合肥仓
Spyder,TF2602050002458,TF2602050002458,调拨入库,6942133508791,12,12,0,25325MF517M001,裤子,黑色,,2026-02-05 17:05:00,2026-02-07 18:39:05,待上架,待上架,,,,合肥仓
Spyder,TF2602050002458,TF2602050002458,调拨入库,6942133508814,2,2,0,25325MF517MN22,裤子,灰铜绿,,2026-02-05 17:05:00,2026-02-07 18:39:04,待上架,待上架,,,,合肥仓
Spyder,TF2602050002458,TF2602050002458,调拨入库,6942133508784,5,5,0,25325MF517M001,裤子,黑色,,2026-02-05 17:05:00,2026-02-07 18:39:04,待上架,待上架,,,,合肥仓
Spyder,TF2602050002458,TF2602050002458,调拨入库,6942133516857,2,2,0,25325CF107MN94,夹克,羽毛灰1,,2026-02-05 17:05:00,2026-02-07 18:46:49,待上架,待上架,,,,合肥仓
Spyder,TF2602050002458,TF2602050002458,调拨入库,6942133516840,3,3,0,25325CF107MN94,夹克,羽毛灰1,,2026-02-05 17:05:00,2026-02-07 18:46:48,待上架,待上架,,,,合肥仓
Spyder,TF2602050002458,TF2602050002458,调拨入库,6942133527907,3,3,0,25325CF218WG39,三合一,雨林绿,,2026-02-05 17:05:00,2026-02-07 18:44:25,待上架,待上架,,,,合肥仓
Spyder,TF2602050002458,TF2602050002458,调拨入库,6942133526443,2,2,0,25325CF205M001,棉服,黑色,,2026-02-05 17:05:00,2026-02-07 18:46:49,待上架,待上架,,,,合肥仓
Spyder,TF2602050002458,TF2602050002458,调拨入库,6942133528126,1,1,0,25325CF526WC16,裤子,城野棕,,2026-02-05 17:05:00,2026-02-07 18:51:26,待上架,待上架,,,,合肥仓
Spyder,TF2602050002458,TF2602050002458,调拨入库,6942133517274,1,1,0,25325CF519M001,裤子,黑色,,2026-02-05 17:05:00,2026-02-07 18:51:25,待上架,待上架,,,,合肥仓
Spyder,TF2602050002458,TF2602050002458,调拨入库,6942133517281,3,3,0,25325CF519M001,裤子,黑色,,2026-02-05 17:05:00,2026-02-07 18:51:25,待上架,待上架,,,,合肥仓
Spyder,TF2602050002458,TF2602050002458,调拨入库,6942133526443,1,1,0,25325CF205M001,棉服,黑色,,2026-02-05 17:05:00,2026-02-07 18:44:25,待上架,待上架,,,,合肥仓
Spyder,TF2602050002458,TF2602050002458,调拨入库,6942133516802,2,2,0,25325CF107M001,夹克,黑色,,2026-02-05 17:05:00,2026-02-07 18:44:24,待上架,待上架,,,,合肥仓
Spyder,TF2602050002458,TF2602050002458,调拨入库,6942133529901,2,2,0,25425CF517M001,裤子,黑色,,2026-02-05 17:05:00,2026-02-07 18:41:38,待上架,待上架,,,,合肥仓
Spyder,TF2602050002458,TF2602050002458,调拨入库,6942133531157,2,2,0,25425CF239MN22,棉服,灰铜绿,,2026-02-05 17:05:00,2026-02-07 18:41:38,待上架,待上架,,,,合肥仓
Spyder,TF2602050002458,TF2602050002458,调拨入库,6942133531140,1,1,0,25425CF239MN22,棉服,灰铜绿,,2026-02-05 17:05:00,2026-02-07 18:41:38,待上架,待上架,,,,合肥仓
Spyder,TF2602050002458,TF2602050002458,调拨入库,6942133516789,3,3,0,25325CF107M001,夹克,黑色,,2026-02-05 17:05:00,2026-02-07 18:44:24,待上架,待上架,,,,合肥仓
Spyder,TF2602050002458,TF2602050002458,调拨入库,6942133516796,3,3,0,25325CF107M001,夹克,黑色,,2026-02-05 17:05:00,2026-02-07 18:44:24,待上架,待上架,,,,合肥仓
Spyder,TF2602050002458,TF2602050002458,调拨入库,6942133526511,2,2,0,25325CF205MR21,棉服,绛红色,,2026-02-05 17:05:00,2026-02-07 18:46:49,待上架,待上架,,,,合肥仓
Spyder,TF2602050002458,TF2602050002458,调拨入库,6942133531133,2,2,0,25425CF239MN22,棉服,灰铜绿,,2026-02-05 17:05:00,2026-02-07 18:46:50,待上架,待上架,,,,合肥仓
Spyder,TF2602050002458,TF2602050002458,调拨入库,6942133526528,1,1,0,25325CF205MR21,棉服,绛红色,,2026-02-05 17:05:00,2026-02-07 18:46:49,待上架,待上架,,,,合肥仓
Spyder,TF2602050002458,TF2602050002458,调拨入库,6942133531140,1,1,0,25425CF239MN22,棉服,灰铜绿,,2026-02-05 17:05:00,2026-02-07 18:46:50,待上架,待上架,,,,合肥仓
Spyder,TF2602050002458,TF2602050002458,调拨入库,6942133528737,3,3,0,25425CF511MN22,裤子,灰铜绿,,2026-02-05 17:05:00,2026-02-07 18:39:04,待上架,待上架,,,,合肥仓
Spyder,TF2602050002458,TF2602050002458,调拨入库,6942133529918,2,2,0,25425CF517M001,裤子,黑色,,2026-02-05 17:05:00,2026-02-07 18:41:38,待上架,待上架,,,,合肥仓
Spyder,TF2602050002458,TF2602050002458,调拨入库,6942133526498,2,2,0,25325CF205MR21,棉服,绛红色,,2026-02-05 17:05:00,2026-02-07 18:46:49,待上架,待上架,,,,合肥仓
Spyder,TF2602050002458,TF2602050002458,调拨入库,6942133526436,1,1,0,25325CF205M001,棉服,黑色,,2026-02-05 17:05:00,2026-02-07 18:46:49,待上架,待上架,,,,合肥仓
Spyder,TF2602050002458,TF2602050002458,调拨入库,6942133529895,1,1,0,25425CF517M001,裤子,黑色,,2026-02-05 17:05:00,2026-02-07 18:41:40,待上架,待上架,,,,合肥仓
Spyder,TF2602050002458,TF2602050002458,调拨入库,6942133517342,2,2,0,25325CF519MC17,裤子,榆木棕,,2026-02-05 17:05:00,2026-02-07 18:51:26,待上架,待上架,,,,合肥仓
Spyder,TF2602050002458,TF2602050002458,调拨入库,6942133526504,3,3,0,25325CF205MR21,棉服,绛红色,,2026-02-05 17:05:00,2026-02-07 18:46:49,待上架,待上架,,,,合肥仓
Spyder,TF2602050002458,TF2602050002458,调拨入库,6942133508777,3,3,0,25325MF517M001,裤子,黑色,,2026-02-05 17:05:00,2026-02-07 18:39:05,待上架,待上架,,,,合肥仓
Spyder,TF2602050002458,TF2602050002458,调拨入库,6942133526887,3,3,0,25325CF204W001,棉服,黑色,,2026-02-05 17:05:00,2026-02-07 18:41:38,待上架,待上架,,,,合肥仓
Spyder,TF2602050002458,TF2602050002458,调拨入库,6942133526900,3,3,0,25325CF204W001,棉服,黑色,,2026-02-05 17:05:00,2026-02-07 18:41:38,待上架,待上架,,,,合肥仓
Spyder,TF2602050002458,TF2602050002458,调拨入库,6942133526894,2,2,0,25325CF204W001,棉服,黑色,,2026-02-05 17:05:00,2026-02-07 18:41:38,待上架,待上架,,,,合肥仓
Spyder,TF2602050002458,TF2602050002458,调拨入库,6942133526870,1,1,0,25325CF204W001,棉服,黑色,,2026-02-05 17:05:00,2026-02-07 18:41:38,待上架,待上架,,,,合肥仓
Spyder,TF2602050002458,TF2602050002458,调拨入库,6942133526931,2,2,0,25325CF204WR21,棉服,绛红色,,2026-02-05 17:05:00,2026-02-07 18:41:39,待上架,待上架,,,,合肥仓
Spyder,TF2602050002458,TF2602050002458,调拨入库,6942133517335,2,2,0,25325CF519MC17,裤子,榆木棕,,2026-02-05 17:05:00,2026-02-07 18:51:26,待上架,待上架,,,,合肥仓
Spyder,TF2602050002458,TF2602050002458,调拨入库,6942133526948,2,2,0,25325CF204WR21,棉服,绛红色,,2026-02-05 17:05:00,2026-02-07 18:41:39,待上架,待上架,,,,合肥仓
Spyder,TF2602050002458,TF2602050002458,调拨入库,6942133517328,1,1,0,25325CF519MC17,裤子,榆木棕,,2026-02-05 17:05:00,2026-02-07 18:51:25,待上架,待上架,,,,合肥仓
Spyder,TF2602050002458,TF2602050002458,调拨入库,6942133528744,5,5,0,25425CF511MN22,裤子,灰铜绿,,2026-02-05 17:05:00,2026-02-07 18:39:05,待上架,待上架,,,,合肥仓
Spyder,TF2602050002458,TF2602050002458,调拨入库,6942133516826,1,1,0,25325CF107MN94,夹克,羽毛灰1,,2026-02-05 17:05:00,2026-02-07 18:46:49,待上架,待上架,,,,合肥仓
Spyder,TF2602050002458,TF2602050002458,调拨入库,6942133527891,2,2,0,25325CF218WG39,三合一,雨林绿,,2026-02-05 17:05:00,2026-02-07 18:44:25,待上架,待上架,,,,合肥仓
Spyder,TF2602050002458,TF2602050002458,调拨入库,6942133516833,3,3,0,25325CF107MN94,夹克,羽毛灰1,,2026-02-05 17:05:00,2026-02-07 18:46:49,待上架,待上架,,,,合肥仓
Spyder,TF2602050002458,TF2602050002458,调拨入库,6942133517304,2,2,0,25325CF519M001,裤子,黑色,,2026-02-05 17:05:00,2026-02-07 18:51:26,待上架,待上架,,,,合肥仓
Spyder,TF2602050002458,TF2602050002458,调拨入库,6942133526450,4,4,0,25325CF205M001,棉服,黑色,,2026-02-05 17:05:00,2026-02-07 18:46:49,待上架,待上架,,,,合肥仓
Spyder,TF2602050002458,TF2602050002458,调拨入库,6942133529932,1,1,0,25425CF517M001,裤子,黑色,,2026-02-05 17:05:00,2026-02-07 18:41:40,待上架,待上架,,,,合肥仓
Spyder,TF2602050002458,TF2602050002458,调拨入库,6942133528157,6,6,0,25325CF526W001,裤子,黑色,,2026-02-05 17:05:00,2026-02-07 18:51:26,待上架,待上架,,,,合肥仓
Spyder,TF2602050002458,TF2602050002458,调拨入库,6942133528164,2,2,0,25325CF526W001,裤子,黑色,,2026-02-05 17:05:00,2026-02-07 18:51:26,待上架,待上架,,,,合肥仓
Spyder,TF2602050002458,TF2602050002458,调拨入库,6942133516819,1,1,0,25325CF107M001,夹克,黑色,,2026-02-05 17:05:00,2026-02-07 18:44:25,待上架,待上架,,,,合肥仓
Spyder,TF2602050002458,TF2602050002458,调拨入库,6942133528140,7,7,0,25325CF526W001,裤子,黑色,,2026-02-05 17:05:00,2026-02-07 18:51:26,待上架,待上架,,,,合肥仓
Spyder,TF2602050002458,TF2602050002458,调拨入库,6942133528119,3,3,0,25325CF526WC16,裤子,城野棕,,2026-02-05 17:05:00,2026-02-07 18:51:26,待上架,待上架,,,,合肥仓
Spyder,TF2602050002458,TF2602050002458,调拨入库,6942133528102,4,4,0,25325CF526WC16,裤子,城野棕,,2026-02-05 17:05:00,2026-02-07 18:51:26,待上架,待上架,,,,合肥仓
Spyder,TF2602050002458,TF2602050002458,调拨入库,6942133528133,2,2,0,25325CF526W001,裤子,黑色,,2026-02-05 17:05:00,2026-02-07 18:51:26,待上架,待上架,,,,合肥仓
Spyder,TF2602050002458,TF2602050002458,调拨入库,6942133516864,1,1,0,25325CF107MN94,夹克,羽毛灰1,,2026-02-05 17:05:00,2026-02-07 18:46:49,待上架,待上架,,,,合肥仓
Spyder,TF2602050002458,TF2602050002458,调拨入库,6942133527914,3,3,0,25325CF218WG39,三合一,雨林绿,,2026-02-05 17:05:00,2026-02-07 18:44:25,待上架,待上架,,,,合肥仓
Spyder,TF2602050002458,TF2602050002458,调拨入库,6942133527921,1,1,0,25325CF218WG39,三合一,雨林绿,,2026-02-05 17:05:00,2026-02-07 18:44:25,待上架,待上架,,,,合肥仓
Spyder,TF2602050002458,TF2602050002458,调拨入库,6942133526467,3,3,0,25325CF205M001,棉服,黑色,,2026-02-05 17:05:00,2026-02-07 18:46:49,待上架,待上架,,,,合肥仓
Spyder,TF2602050002458,TF2602050002458,调拨入库,6942133526917,1,1,0,25325CF204WR21,棉服,绛红色,,2026-02-05 17:05:00,2026-02-07 18:41:40,待上架,待上架,,,,合肥仓
Spyder,TF2602050002458,TF2602050002458,调拨入库,6942133528096,2,2,0,25325CF526WC16,裤子,城野棕,,2026-02-05 17:05:00,2026-02-07 18:51:26,待上架,待上架,,,,合肥仓
Spyder,TF2602050002458,TF2602050002458,调拨入库,6942133517311,3,3,0,25325CF519M001,裤子,黑色,,2026-02-05 17:05:00,2026-02-07 18:51:27,待上架,待上架,,,,合肥仓
Spyder,TF2602050002458,TF2602050002458,调拨入库,6942133517366,1,1,0,25325CF519MC17,裤子,榆木棕,,2026-02-05 17:05:00,2026-02-07 18:51:27,待上架,待上架,,,,合肥仓
Spyder,TF2602050002458,TF2602050002458,调拨入库,6942133517359,2,2,0,25325CF519MC17,裤子,榆木棕,,2026-02-05 17:05:00,2026-02-07 18:51:25,待上架,待上架,,,,合肥仓
Spyder,TF2602050002458,TF2602050002458,调拨入库,6942133526924,2,2,0,25325CF204WR21,棉服,绛红色,,2026-02-05 17:05:00,2026-02-07 18:41:39,待上架,待上架,,,,合肥仓
Spyder,TF2602050002458,TF2602050002458,调拨入库,6942133529925,2,2,0,25425CF517M001,裤子,黑色,,2026-02-05 17:05:00,2026-02-07 18:41:40,待上架,待上架,,,,合肥仓
Spyder,TF2602050002458,TF2602050002458,调拨入库,6942133517298,2,2,0,25325CF519M001,裤子,黑色,,2026-02-05 17:05:00,2026-02-07 18:51:27,待上架,待上架,,,,合肥仓
Spyder,TF2602050003049,TF2602050003049,调拨入库,6942133528928,1,1,0,25425CF112WN94,夹克,羽毛灰1,,2026-02-05 17:05:00,2026-02-07 18:57:45,待上架,待上架,,,,合肥仓
Spyder,TF2602050003049,TF2602050003049,调拨入库,6942133527396,1,1,0,25325CF223M001,三合一,黑色,,2026-02-05 17:05:00,2026-02-07 18:57:45,待上架,待上架,,,,合肥仓